/*
SQLyog - Free MySQL GUI v5.02
Host - 5.1.48-community : Database - mybuy4u
*********************************************************************
Server version : 5.1.48-community
*/


create database if not exists `mybuy4u`;

USE `mybuy4u`;

/*Table structure for table `ad_portion_available` */

DROP TABLE IF EXISTS `ad_portion_available`;

CREATE TABLE `ad_portion_available` (
  `ID` bigint(10) NOT NULL AUTO_INCREMENT,
  `AD_PORTION` bigint(10) NOT NULL,
  `FROM_JANUARY` char(1) NOT NULL,
  `FROM_FEBRUARY` char(1) NOT NULL,
  `FROM_MARCH` char(1) NOT NULL,
  `FROM_APRIL` char(1) NOT NULL,
  `FROM_MAY` char(1) NOT NULL,
  `FROM_JUNE` char(1) NOT NULL,
  `FROM_JULY` char(1) NOT NULL,
  `FROM_AUGUST` char(1) NOT NULL,
  `FROM_SEPTEMBER` char(1) NOT NULL,
  `FROM_OCTOBER` char(1) NOT NULL,
  `FROM_NOVEMBER` char(1) NOT NULL,
  `FROM_DECEMBER` char(1) NOT NULL,
  `FROM_YEAR` char(4) NOT NULL,
  `TO_JANUARY` char(1) NOT NULL,
  `TO_FEBRUARY` char(1) NOT NULL,
  `TO_MARCH` char(1) NOT NULL,
  `TO_APRIL` char(1) NOT NULL,
  `TO_MAY` char(1) NOT NULL,
  `TO_JUNE` char(1) NOT NULL,
  `TO_JULY` char(1) NOT NULL,
  `TO_AUGUST` char(1) NOT NULL,
  `TO_SEPTEMBER` char(1) NOT NULL,
  `TO_OCTOBER` char(1) NOT NULL,
  `TO_NOVEMBER` char(1) NOT NULL,
  `TO_DECEMBER` char(1) NOT NULL,
  `TO_YEAR` char(4) NOT NULL,
  PRIMARY KEY (`ID`),
  KEY `FK_AD_PORTION_AVAILABLE` (`AD_PORTION`)
) ENGINE=MyISAM DEFAULT CHARSET=latin1;

/*Data for the table `ad_portion_available` */

/*Table structure for table `address` */

DROP TABLE IF EXISTS `address`;

CREATE TABLE `address` (
  `ID` bigint(10) NOT NULL AUTO_INCREMENT,
  `CITY` varchar(50) DEFAULT NULL,
  `STREET_NAME` varchar(255) DEFAULT NULL,
  `AREA_NAME` varchar(255) DEFAULT NULL,
  `AREA_CODE` varchar(21) DEFAULT NULL,
  `COUNTRY` varchar(12) DEFAULT NULL,
  `STATE` varchar(20) DEFAULT NULL,
  PRIMARY KEY (`ID`),
  KEY `FK_ADDRESS_CITY` (`CITY`)
) ENGINE=MyISAM AUTO_INCREMENT=3328 DEFAULT CHARSET=latin1;

/*Data for the table `address` */

insert into `address` values 
(2331,'8','dgbjmn@$#%%#E455323554542','24843121541251','234356',NULL,NULL),
(2332,'8','xfghhj!#@@&$$13225`','@#W$%154865jjk','124%^',NULL,NULL),
(2333,'8','vggj)(*&^%$#@!~12354865','!$@@@^#$%^&*()125454212','',NULL,NULL),
(2334,'8','vhkjdks!@#$%R^Y*U(I)_2453','!@#$%^&*1785663','#%$^%&',NULL,NULL),
(2335,'8','fdhfdj&*()154564','cdjsxj$%^763','1545',NULL,NULL),
(2336,'8','$#%$%15465456ngjndjfdkj','vbsdhskjdi#$%^&123658','((1554',NULL,NULL),
(2337,'8','@#$%^&*(154854865VHGKJHKJK','12516548CTFYHJHNKJ!@#$%^&*()','!@#$%^',NULL,NULL),
(2338,'8','!@#$%^&*()_+154846545vhgbjhkjnkmkll','~!@#$%^&*()_+784654212bccjsjjkjdks','54vb#$',NULL,NULL),
(2339,'8','rtfgvjh234678u8!@#$$%^&*(','14543gjdhfushik','',NULL,NULL),
(2340,'34','!@#$%^&*(','RTYGHJBJH','1535',NULL,NULL),
(2341,'36','afgghjjk','dfhgbjhkjliiuy','154',NULL,NULL),
(2342,'8','srdtfh@!#@$%^%&^15448656','gfgjjkhui!@#$%^&*()_____-       ','122545',NULL,NULL),
(2343,'8','drfhbjn22345655~!@#$%^&*()_+','nvdhfjdjfk!@#$%^&*1449796','',NULL,NULL),
(2344,'8','aesrgjhjkkj','fcgvgvbhn','fcbvbn',NULL,NULL),
(2345,'8','1545848654','vnjsfisjo','42545',NULL,NULL),
(2346,'8','144646','44545','4454',NULL,NULL),
(2347,'8','nvkjsnvj','njbndjnbkjs','113',NULL,NULL),
(2348,'8','vjshfjwk','bvksahvjsl','vbsjvk',NULL,NULL),
(2349,'8','vnsjvjsk','~!@#$%^&*()_+','123265',NULL,NULL),
(2350,'8','vjhgbmb','~!@#$%^&*()_+','545215',NULL,NULL),
(2351,'8','bkjdbkjdnbknvksjbk','vskjbksbks','vnskgj',NULL,NULL),
(2352,'8','vnknvsn','154564','15454',NULL,NULL),
(2353,'8','nbjdbkn','1155','454546',NULL,NULL),
(2354,'8','vnjvkjs','!@#','464646',NULL,NULL),
(2355,'8','bvshvhsvkj','kvhshvshjv','',NULL,NULL),
(2356,'8','1546854','545456','',NULL,NULL),
(2357,'8','b kjsbvjsk','2325','1345',NULL,NULL),
(2358,'8','vbkjsnvkjs','454545','544',NULL,NULL),
(2359,'8','1545454','454545','',NULL,NULL),
(2360,'8','vkjsvkjk','24654865','154654',NULL,NULL),
(2361,'8',NULL,'bkjnkjk 1516546854',NULL,NULL,NULL),
(2362,'8',NULL,'01256 bhjkjk',NULL,NULL,NULL),
(2363,'8',NULL,'vhvhvh 121456',NULL,NULL,NULL),
(2364,'8',NULL,'11654 gghh',NULL,NULL,NULL),
(2365,'68',NULL,'1545456 jkkj',NULL,NULL,NULL),
(2366,'8',NULL,'ghjj15465465',NULL,NULL,NULL),
(2367,'8',NULL,'jhjhj 1515646545',NULL,NULL,NULL),
(2368,'8',NULL,'nvklsnk 01465465',NULL,NULL,NULL),
(2369,'8',NULL,'cbsj 4545',NULL,NULL,NULL),
(2370,'8',NULL,'kjsnvkjns 1546546',NULL,NULL,NULL),
(2371,'','Rishikesh Road','Joligrant','248140','98',''),
(2372,'57',NULL,'uygthgvhnb',NULL,NULL,NULL),
(2373,'8',NULL,'vjgyihk',NULL,NULL,NULL),
(2374,'59',NULL,'fuiwsj ',NULL,NULL,NULL),
(2375,'8',NULL,'sdfghj',NULL,NULL,NULL),
(2376,'65',NULL,'789 tygh',NULL,NULL,NULL),
(2377,'8',NULL,'454 ddvsd',NULL,NULL,NULL),
(2378,'8',NULL,'454 fsds',NULL,NULL,NULL),
(2379,'8',NULL,'mkopi',NULL,NULL,NULL),
(2380,'8',NULL,'454 bbj',NULL,NULL,NULL),
(2381,'8',NULL,'jjbhg 232',NULL,NULL,NULL),
(2382,'8',NULL,'vgytr',NULL,NULL,NULL),
(2383,'8',NULL,'bhbhbhb',NULL,NULL,NULL),
(2384,'8',NULL,'vfd785',NULL,NULL,NULL),
(2385,'8',NULL,'hjkop 5632',NULL,NULL,NULL),
(2386,'8',NULL,'vjhgjhb',NULL,NULL,NULL),
(2387,'8',NULL,'nikitta',NULL,NULL,NULL),
(2388,'8',NULL,'rohan',NULL,NULL,NULL),
(2389,'8',NULL,'rtygfhg',NULL,NULL,NULL),
(2432,'dehradun','haridwar bypass',NULL,'12345',NULL,NULL),
(2433,'dehradun','haridwar bypass',NULL,'248140',NULL,NULL),
(2434,'dehradun','haridwar bypass',NULL,'248140',NULL,NULL),
(2441,'p','p',NULL,'p',NULL,NULL),
(2442,'y','y',NULL,'y',NULL,NULL),
(2443,'a','a',NULL,'a',NULL,NULL),
(2444,'i','i',NULL,'',NULL,NULL),
(2445,'i','i',NULL,'',NULL,NULL),
(2446,'i','i',NULL,'i',NULL,NULL),
(2447,'i','i',NULL,'i',NULL,NULL),
(2448,'i','i',NULL,'i',NULL,NULL),
(2449,'i','i',NULL,'i',NULL,NULL),
(2450,'i','i',NULL,'i',NULL,NULL),
(2451,'a','a',NULL,'a',NULL,NULL),
(2452,'a','a',NULL,'a',NULL,NULL),
(2453,'a','a',NULL,'a',NULL,NULL),
(2454,'a','a',NULL,'a',NULL,NULL),
(2455,'a','a',NULL,'a',NULL,NULL),
(2456,'a','a',NULL,'a',NULL,NULL),
(2457,'a','a',NULL,'a',NULL,NULL),
(2458,'a','a',NULL,'a',NULL,NULL),
(2459,'a','a',NULL,'a',NULL,NULL),
(2460,'a','a',NULL,'a',NULL,NULL),
(2461,'a','a',NULL,'a',NULL,NULL),
(2462,'a','a',NULL,'a',NULL,NULL),
(2463,'a','a',NULL,'a',NULL,NULL),
(2464,'a','a',NULL,'a',NULL,NULL),
(2465,'a','a',NULL,'a',NULL,NULL),
(2466,'a','a',NULL,'a',NULL,NULL),
(2467,NULL,NULL,NULL,NULL,NULL,NULL),
(2468,NULL,NULL,NULL,NULL,NULL,NULL),
(2469,NULL,NULL,NULL,NULL,NULL,NULL),
(2470,NULL,NULL,NULL,NULL,NULL,NULL),
(2471,NULL,NULL,NULL,NULL,NULL,NULL),
(2539,'q','q',NULL,'q',NULL,NULL),
(2540,'b','b',NULL,'b',NULL,NULL),
(2541,'','',NULL,'',NULL,NULL),
(2542,'','',NULL,'',NULL,NULL),
(2543,'','',NULL,'',NULL,NULL),
(2544,'','',NULL,'',NULL,NULL),
(2545,'','',NULL,'',NULL,NULL),
(2546,'','',NULL,'',NULL,NULL),
(2547,'','',NULL,'',NULL,NULL),
(2548,'','',NULL,'',NULL,NULL),
(2549,'','',NULL,'',NULL,NULL),
(2550,'','',NULL,'',NULL,NULL),
(2551,'','',NULL,'',NULL,NULL),
(2552,'','',NULL,'',NULL,NULL),
(2553,'','',NULL,'',NULL,NULL),
(2554,'','',NULL,'',NULL,NULL),
(2555,'','',NULL,'',NULL,NULL),
(2556,'','',NULL,'',NULL,NULL),
(2557,'','',NULL,'',NULL,NULL),
(2558,'c','c',NULL,'c',NULL,NULL),
(2559,'','',NULL,'',NULL,NULL),
(2560,'dehradun','haridwar bypass',NULL,'248140',NULL,NULL),
(2561,'c','c',NULL,'c',NULL,NULL),
(2562,'','',NULL,'',NULL,NULL),
(2563,'','',NULL,'',NULL,NULL),
(2564,'k','k',NULL,'k',NULL,NULL),
(2565,'o','o',NULL,'o',NULL,NULL),
(2566,'o','o',NULL,'o',NULL,NULL),
(2567,'','',NULL,'',NULL,NULL),
(2568,'','',NULL,'',NULL,NULL),
(2569,'','',NULL,'',NULL,NULL),
(2570,'','',NULL,'',NULL,NULL),
(2571,'c','c',NULL,'c',NULL,NULL),
(2572,'dehradun','haridwar bypass',NULL,'248140',NULL,NULL),
(2573,'c','c',NULL,'c',NULL,NULL),
(2574,NULL,NULL,NULL,NULL,NULL,NULL),
(2575,'vikas','vikas',NULL,'vikas',NULL,NULL),
(2576,'dehradun','haridwar bypass',NULL,'248140',NULL,NULL),
(2577,NULL,'haridwar bypass','h','248140',NULL,NULL),
(2578,NULL,NULL,NULL,NULL,NULL,NULL),
(2579,NULL,NULL,NULL,NULL,NULL,NULL),
(2580,NULL,NULL,NULL,NULL,NULL,NULL),
(2581,NULL,NULL,NULL,NULL,NULL,NULL),
(2582,NULL,'ififi','idio','3243333333333',NULL,NULL),
(2583,NULL,NULL,NULL,NULL,NULL,NULL),
(2584,NULL,NULL,NULL,NULL,NULL,NULL),
(2585,NULL,NULL,NULL,NULL,NULL,NULL),
(2586,NULL,'book street','book area name','248140',NULL,NULL),
(2587,NULL,NULL,NULL,NULL,NULL,NULL),
(2588,NULL,NULL,NULL,NULL,NULL,NULL),
(2589,NULL,NULL,NULL,NULL,NULL,NULL),
(2590,NULL,'book street','book area name','666666',NULL,NULL),
(2591,NULL,NULL,NULL,NULL,NULL,NULL),
(2592,NULL,'book street','book area name','666666',NULL,NULL),
(2593,NULL,'haridwar bypass','book area name','248140',NULL,NULL),
(2594,NULL,NULL,NULL,NULL,NULL,NULL),
(2595,NULL,NULL,NULL,NULL,NULL,NULL),
(2596,NULL,NULL,NULL,NULL,NULL,NULL),
(2597,NULL,'book street','book area name','666664',NULL,NULL),
(2598,NULL,NULL,NULL,NULL,NULL,NULL),
(2599,NULL,NULL,NULL,NULL,NULL,NULL),
(2600,NULL,'book street','book area name','666666',NULL,NULL),
(2601,NULL,NULL,NULL,NULL,NULL,NULL),
(2602,NULL,NULL,NULL,NULL,NULL,NULL),
(2603,NULL,'book street','book area name','666666',NULL,NULL),
(2604,NULL,NULL,NULL,NULL,NULL,NULL),
(2605,NULL,'q','q','248140',NULL,NULL),
(2606,NULL,NULL,NULL,NULL,NULL,NULL),
(2607,NULL,'haridwar bypass','book area name','248140',NULL,NULL),
(2608,NULL,'haridwar bypass','book area name','248140',NULL,NULL),
(2609,NULL,'haridwar bypass','book area name','248140',NULL,NULL),
(2610,NULL,'haridwar bypass','book area name','248140',NULL,NULL),
(2611,NULL,'haridwar bypass','book area name','248140',NULL,NULL),
(2612,NULL,NULL,NULL,NULL,NULL,NULL),
(2613,NULL,NULL,NULL,NULL,NULL,NULL),
(2614,NULL,NULL,NULL,NULL,NULL,NULL),
(2615,NULL,NULL,NULL,NULL,NULL,NULL),
(2616,NULL,NULL,NULL,NULL,NULL,NULL),
(2617,NULL,NULL,NULL,NULL,NULL,NULL),
(2618,NULL,NULL,NULL,NULL,NULL,NULL),
(2619,NULL,NULL,NULL,NULL,NULL,NULL),
(2620,NULL,NULL,NULL,NULL,NULL,NULL),
(2621,NULL,NULL,NULL,NULL,NULL,NULL),
(2622,NULL,NULL,NULL,NULL,NULL,NULL),
(2623,NULL,'haridwar bypass','book area name','248140',NULL,NULL),
(2624,NULL,NULL,NULL,NULL,NULL,NULL),
(2625,NULL,NULL,NULL,NULL,NULL,NULL),
(2626,NULL,NULL,NULL,NULL,NULL,NULL),
(2627,NULL,NULL,NULL,NULL,NULL,NULL),
(2628,NULL,NULL,NULL,NULL,NULL,NULL),
(2629,NULL,NULL,NULL,NULL,NULL,NULL),
(2630,NULL,NULL,NULL,NULL,NULL,NULL),
(2631,NULL,NULL,NULL,NULL,NULL,NULL),
(2632,NULL,NULL,NULL,NULL,NULL,NULL),
(2633,NULL,NULL,NULL,NULL,NULL,NULL),
(2634,NULL,NULL,NULL,NULL,NULL,NULL),
(2635,NULL,NULL,NULL,NULL,NULL,NULL),
(2636,NULL,NULL,NULL,NULL,NULL,NULL),
(2637,NULL,NULL,NULL,NULL,NULL,NULL),
(2638,NULL,NULL,NULL,NULL,NULL,NULL),
(2639,NULL,NULL,NULL,NULL,NULL,NULL),
(2640,NULL,NULL,NULL,NULL,NULL,NULL),
(2641,NULL,NULL,NULL,NULL,NULL,NULL),
(2642,NULL,NULL,NULL,NULL,NULL,NULL),
(2643,NULL,NULL,NULL,NULL,NULL,NULL),
(2644,NULL,NULL,NULL,NULL,NULL,NULL),
(2645,NULL,NULL,NULL,NULL,NULL,NULL),
(2646,NULL,'haridwar bypass','book area name','248140',NULL,NULL),
(2647,NULL,'haridwar bypass','book area name','248140',NULL,NULL),
(2648,NULL,'haridwar bypass','book area name','248140',NULL,NULL),
(2649,NULL,NULL,NULL,NULL,NULL,NULL),
(2650,NULL,NULL,NULL,NULL,NULL,NULL),
(2651,NULL,NULL,NULL,NULL,NULL,NULL),
(2652,NULL,NULL,NULL,NULL,NULL,NULL),
(2653,NULL,'haridwar bypass','book area name','248140',NULL,NULL),
(2654,NULL,'haridwar bypass','book area name','248140',NULL,NULL),
(2655,NULL,NULL,NULL,NULL,NULL,NULL),
(2656,NULL,'haridwar bypass','book area name','248140',NULL,NULL),
(2657,NULL,'haridwar bypass','book area name','248140',NULL,NULL),
(2658,NULL,'haridwar bypass','book area name','248140',NULL,NULL),
(2659,NULL,'haridwar bypass','book area name','248140',NULL,NULL),
(2660,NULL,'haridwar bypass','book area name','248140',NULL,NULL),
(2661,NULL,'haridwar bypass','book area name','248140',NULL,NULL),
(2662,NULL,'haridwar bypass','book area name','248140',NULL,NULL),
(2663,NULL,'haridwar bypass','book area name','248140',NULL,NULL),
(2664,NULL,'haridwar bypass','book area name','248140',NULL,NULL),
(2665,NULL,'haridwar bypass','book area name','248140',NULL,NULL),
(2666,NULL,'haridwar bypass','book area name','248140',NULL,NULL),
(2667,NULL,'haridwar bypass','book area name','248140',NULL,NULL),
(2668,NULL,'haridwar bypass','book area name','248140',NULL,NULL),
(2669,NULL,'haridwar bypass','book area name','248140',NULL,NULL),
(2670,NULL,'haridwar bypass','book area name','248140',NULL,NULL),
(2671,NULL,'haridwar bypass','book area name','248140',NULL,NULL),
(2672,NULL,'haridwar bypass','book area name','248140',NULL,NULL),
(2673,NULL,'haridwar bypass','book area name','248140',NULL,NULL),
(2674,NULL,'haridwar bypass','book area name','248140',NULL,NULL),
(2675,NULL,'haridwar bypass','book area name','248140',NULL,NULL),
(2676,NULL,'haridwar bypass','book area name','248140',NULL,NULL),
(2677,NULL,'haridwar bypass','book area name','248140',NULL,NULL),
(2678,NULL,'haridwar bypass','book area name','248140',NULL,NULL),
(2679,NULL,'haridwar bypass','book area name','248140',NULL,NULL),
(2680,NULL,'haridwar bypass','book area name','248140',NULL,NULL),
(2681,NULL,'haridwar bypass','book area name','248140',NULL,NULL),
(2682,NULL,'haridwar bypass','book area name','248140',NULL,NULL),
(2683,NULL,'haridwar bypass','book area name','248140',NULL,NULL),
(2684,NULL,'haridwar bypass','book area name','248140',NULL,NULL),
(2685,NULL,'haridwar bypass','book area name','248140',NULL,NULL),
(2686,NULL,'haridwar bypass','book area name','248140',NULL,NULL),
(2687,NULL,'haridwar bypass','book area name','248140',NULL,NULL),
(2688,NULL,'haridwar bypass','book area name','248140',NULL,NULL),
(2689,NULL,'haridwar bypass','book area name','248140',NULL,NULL),
(2690,NULL,'haridwar bypass','book area name','248140',NULL,NULL),
(2691,NULL,'haridwar bypass','book area name','248140',NULL,NULL),
(2692,NULL,'haridwar bypass','book area name','248140',NULL,NULL),
(2693,NULL,'haridwar bypass','book area name','248140',NULL,NULL),
(2694,NULL,'haridwar bypass','book area name','248140',NULL,NULL),
(2695,NULL,'haridwar bypass','book area name','248140',NULL,NULL),
(2696,NULL,'haridwar bypass','book area name','248140',NULL,NULL),
(2697,NULL,'haridwar bypass','book area name','248140',NULL,NULL),
(2698,NULL,'haridwar bypass','book area name','248140',NULL,NULL),
(2699,NULL,'haridwar bypass','book area name','248140',NULL,NULL),
(2700,NULL,'haridwar bypass','book area name','248140',NULL,NULL),
(2701,NULL,'haridwar bypass','book area name','248140',NULL,NULL),
(2702,NULL,'haridwar bypass','book area name','248140',NULL,NULL),
(2703,NULL,NULL,NULL,NULL,NULL,NULL),
(2704,NULL,'new','new','248140',NULL,NULL),
(2705,NULL,'new','new','248140',NULL,NULL),
(2706,NULL,'new','new','248140',NULL,NULL),
(2707,NULL,'new','new','248140',NULL,NULL),
(2708,NULL,'new','new','248140',NULL,NULL),
(2709,NULL,'haridwar bypass','book area name','248140',NULL,NULL),
(2710,NULL,'haridwar bypass','book area name','248140',NULL,NULL),
(2711,NULL,'haridwar bypass','book area name','248140',NULL,NULL),
(2712,NULL,'haridwar bypass','book area name','248140',NULL,NULL),
(2713,NULL,'haridwar bypass','book area name','248140',NULL,NULL),
(2714,NULL,'haridwar bypass','book area name','248140',NULL,NULL),
(2715,NULL,'haridwar bypass','book area name','248140',NULL,NULL),
(2716,NULL,'haridwar bypass','book area name','248140',NULL,NULL),
(2717,NULL,'haridwar bypass','book area name','248140',NULL,NULL),
(2718,NULL,'haridwar bypass','book area name','248140',NULL,NULL),
(2719,NULL,'saloon','saloon','248140',NULL,NULL),
(2720,NULL,'saloon','saloon','248140',NULL,NULL),
(2721,NULL,'saloon','saloon','248140',NULL,NULL),
(2722,NULL,'saloon','saloon','248140',NULL,NULL),
(2723,NULL,NULL,NULL,NULL,NULL,NULL),
(2724,NULL,'o','book area name','248140',NULL,NULL),
(2725,NULL,NULL,NULL,NULL,NULL,NULL),
(2726,NULL,'o','book area name','248140',NULL,NULL),
(2727,NULL,'o','book area name','248140',NULL,NULL),
(2728,NULL,'o','book area name','248140',NULL,NULL),
(2729,NULL,'o','book area name','248140',NULL,NULL),
(2730,NULL,'o','book area name','248140',NULL,NULL),
(2731,NULL,'haridwar bypass','book area name','248140',NULL,NULL),
(2732,NULL,'haridwar bypass','book area name','248140',NULL,NULL),
(2733,NULL,'haridwar bypass','book area name','248140',NULL,NULL),
(2734,NULL,'haridwar bypass','book area name','248140',NULL,NULL),
(2735,NULL,'y','new','248140',NULL,NULL),
(2736,NULL,'y','new','248140',NULL,NULL),
(2737,NULL,'haridwar bypass','book area name','248140',NULL,NULL),
(2738,NULL,NULL,NULL,NULL,NULL,NULL),
(2739,NULL,'vikas','book area name','248140',NULL,NULL),
(2740,NULL,'vikas','book area name','248140',NULL,NULL),
(2741,NULL,'hello','hello','248140',NULL,NULL),
(2742,NULL,'hi','hello','248140',NULL,NULL),
(2743,NULL,'hi','hello','248140',NULL,NULL),
(2744,NULL,'hello','hello','248140',NULL,NULL),
(2745,NULL,'hello','hello','248140',NULL,NULL),
(2746,NULL,'haridwar bypass','new','248140',NULL,NULL),
(2747,NULL,NULL,NULL,NULL,NULL,NULL),
(2748,NULL,'wdtyuio','sdfghjkl','248140',NULL,NULL),
(2813,NULL,'w','w','w',NULL,NULL),
(2814,NULL,'w','w','w',NULL,NULL),
(2815,NULL,'w','w','w',NULL,NULL),
(2816,NULL,'w','ww','ww',NULL,NULL),
(2817,NULL,'w','ww','ww',NULL,NULL),
(2818,NULL,'w','ww','ww',NULL,NULL),
(2819,NULL,'w','ww','ww',NULL,NULL),
(2820,NULL,'w','ww','ww',NULL,NULL),
(2821,NULL,'w','ww','ww',NULL,NULL),
(2822,NULL,'w','ww','ww',NULL,NULL),
(2823,NULL,'w','ww','ww',NULL,NULL),
(2824,NULL,NULL,NULL,NULL,NULL,NULL),
(2825,NULL,NULL,NULL,NULL,NULL,NULL),
(2826,NULL,NULL,NULL,NULL,NULL,NULL),
(2827,NULL,'horse','horse','12345',NULL,NULL),
(2828,NULL,'horse','horse','12345',NULL,NULL),
(2829,NULL,'horse','horse','12345',NULL,NULL),
(2830,NULL,'horse','horse','12345',NULL,NULL),
(2831,NULL,'horese','horese','12345',NULL,NULL),
(2765,NULL,'haridwar bypass','book area name','248140',NULL,NULL),
(2766,NULL,'haridwar bypass','book area name','248140',NULL,NULL),
(2767,NULL,'haridwar bypass','book area name','248140',NULL,NULL),
(2768,NULL,'haridwar bypass','book area name','248140',NULL,NULL),
(2769,NULL,'haridwar bypass','book area name','248140',NULL,NULL),
(2770,NULL,'haridwar bypass','book area name','248140',NULL,NULL),
(2771,NULL,'book street','book area name','248140',NULL,NULL),
(2772,NULL,'haridwar bypass','book area name','248140',NULL,NULL),
(2773,NULL,'haridwar bypass','book area name','248140',NULL,NULL),
(2774,NULL,'haridwar bypass','book area name','248140',NULL,NULL),
(2775,NULL,'haridwar bypass','book area name','248140',NULL,NULL),
(2776,NULL,'haridwar bypass','book area name','248140',NULL,NULL),
(2777,NULL,'haridwar bypass','book area name','248140',NULL,NULL),
(2778,NULL,'haridwar bypass','book area name','248140',NULL,NULL),
(2779,NULL,'haridwar bypass','book area name','248140',NULL,NULL),
(2780,NULL,'haridwar bypass','book area name','248140',NULL,NULL),
(2832,NULL,'horese','horese','12345',NULL,NULL),
(2833,NULL,'horese','horese','12345',NULL,NULL),
(2834,NULL,'horese','horese','12345',NULL,NULL),
(2835,NULL,NULL,NULL,NULL,NULL,NULL),
(2836,NULL,NULL,NULL,NULL,NULL,NULL),
(2837,NULL,NULL,NULL,NULL,NULL,NULL),
(2838,NULL,'horese','horese','12345',NULL,NULL),
(2839,NULL,NULL,NULL,NULL,NULL,NULL),
(2840,NULL,'qwertyu','qwertyui','654154',NULL,NULL),
(2841,NULL,'horese','horese','123456',NULL,NULL),
(2842,NULL,'horese','horese','123456',NULL,NULL),
(2843,NULL,'horese','horese','123456',NULL,NULL),
(2844,NULL,'horese','horese','123456',NULL,NULL),
(2845,NULL,'horese','horese','123456',NULL,NULL),
(2846,NULL,'horese','horese','123456',NULL,NULL),
(2847,NULL,'horese','horese','123456',NULL,NULL),
(2848,NULL,'horese','horese','123456',NULL,NULL),
(2849,NULL,'horese','horese','123456',NULL,NULL),
(2850,NULL,'horese','horese','123456',NULL,NULL),
(2851,NULL,'horese','horese','123456',NULL,NULL),
(2852,NULL,'horese','horese','123456',NULL,NULL),
(2853,NULL,'horese','horese','123456',NULL,NULL),
(2854,NULL,'horese','horese','123456',NULL,NULL),
(2855,NULL,'horese','horese','123456',NULL,NULL),
(2856,NULL,'horese','horese','123456',NULL,NULL),
(2857,NULL,'horese','horese','123456',NULL,NULL),
(2858,NULL,'horese','horese','123456',NULL,NULL),
(2859,NULL,'horese','horese','123456',NULL,NULL),
(2860,NULL,'horese','horese','123456',NULL,NULL),
(2861,NULL,'horese','horese','123456',NULL,NULL),
(2862,NULL,'horese','horese','123456',NULL,NULL),
(2863,NULL,'horese','horese','123456',NULL,NULL),
(2864,NULL,'horese','horese','123456',NULL,NULL),
(2865,NULL,'horese','horese','123456',NULL,NULL),
(2866,NULL,'horese','horese','123456',NULL,NULL),
(2867,NULL,'horese','horese','123456',NULL,NULL),
(2868,NULL,'horese','horese','123456',NULL,NULL),
(2869,NULL,'horese','horese','123456',NULL,NULL),
(2870,NULL,'','','',NULL,NULL),
(2871,NULL,'','','',NULL,NULL),
(2872,NULL,NULL,NULL,NULL,NULL,NULL),
(2873,NULL,'asdfgh','asdfgh','123456',NULL,NULL),
(2874,NULL,'asdfgh','asdfgh','123456',NULL,NULL),
(2875,NULL,'asdfgh','asdfgh','123456',NULL,NULL),
(2876,NULL,'asdfgh','asdfgh','123456',NULL,NULL),
(2877,NULL,'','','',NULL,NULL),
(2878,NULL,'qwertyui','qwertyu','123456',NULL,NULL),
(2879,NULL,'qwertyui','qwertyu','123456',NULL,NULL),
(2880,NULL,'qwertyui','asdfgh','123456',NULL,NULL),
(2881,NULL,'a','a','122345',NULL,NULL),
(2882,NULL,'ed','4r','123456',NULL,NULL),
(2883,NULL,'sdc','sdv','123456',NULL,NULL),
(2884,NULL,'sdc','sdv','123456',NULL,NULL),
(2885,NULL,'sdc','sdv','123456',NULL,NULL),
(2886,NULL,'sdc','sdv','123456',NULL,NULL),
(2887,NULL,NULL,NULL,NULL,NULL,NULL),
(2888,NULL,NULL,NULL,NULL,NULL,NULL),
(2889,NULL,NULL,NULL,NULL,NULL,NULL),
(2890,NULL,NULL,NULL,NULL,NULL,NULL),
(2891,NULL,'horese','horese','123456',NULL,NULL),
(2892,NULL,'horese','horese','654321',NULL,NULL),
(2893,NULL,'ghjkl','rtyuio','123456',NULL,NULL),
(2894,NULL,'ttroy','ttroy','123456',NULL,NULL),
(2895,NULL,'asd','asd','123456',NULL,NULL),
(2896,NULL,NULL,NULL,NULL,NULL,NULL),
(2897,NULL,NULL,NULL,NULL,NULL,NULL),
(2898,NULL,NULL,NULL,NULL,NULL,NULL),
(2899,NULL,NULL,NULL,NULL,NULL,NULL),
(2900,NULL,NULL,NULL,NULL,NULL,NULL),
(2901,NULL,NULL,NULL,NULL,NULL,NULL),
(2902,NULL,NULL,NULL,NULL,NULL,NULL),
(2903,NULL,NULL,NULL,NULL,NULL,NULL),
(2904,NULL,NULL,NULL,NULL,NULL,NULL),
(2905,NULL,NULL,NULL,NULL,NULL,NULL),
(2906,NULL,NULL,NULL,NULL,NULL,NULL),
(2907,NULL,NULL,NULL,NULL,NULL,NULL),
(2908,NULL,NULL,NULL,NULL,NULL,NULL),
(2909,NULL,NULL,NULL,NULL,NULL,NULL),
(2910,NULL,NULL,NULL,NULL,NULL,NULL),
(2911,NULL,'asdfgh','asdfgh','123456',NULL,NULL),
(2912,NULL,NULL,NULL,NULL,NULL,NULL),
(2913,NULL,NULL,NULL,NULL,NULL,NULL),
(2914,NULL,NULL,NULL,NULL,NULL,NULL),
(2915,NULL,NULL,NULL,NULL,NULL,NULL),
(2916,NULL,'horese','horese','123456',NULL,NULL),
(2917,NULL,'zxcvb','xcvbn','xcvbn',NULL,NULL),
(2918,NULL,'zxcvb','xcvbn','xcvbn',NULL,NULL),
(2919,NULL,'','','',NULL,NULL),
(2920,NULL,'','','',NULL,NULL),
(2921,NULL,'','','',NULL,NULL),
(2922,NULL,'dfghj','sdfghj','sdfghj',NULL,NULL),
(2923,NULL,'','','',NULL,NULL),
(2924,NULL,NULL,NULL,NULL,NULL,NULL),
(2925,NULL,NULL,NULL,NULL,NULL,NULL),
(2926,NULL,'kill','kill','kill',NULL,NULL),
(2927,NULL,NULL,NULL,NULL,NULL,NULL),
(2928,NULL,'kill','kill','kill',NULL,NULL),
(2929,NULL,NULL,NULL,NULL,NULL,NULL),
(2930,NULL,'kill','kill','kill',NULL,NULL),
(2931,NULL,NULL,NULL,NULL,NULL,NULL),
(2932,NULL,'kill','kill','kill',NULL,NULL),
(2933,NULL,NULL,NULL,NULL,NULL,NULL),
(2934,NULL,'kill','kill','kill',NULL,NULL),
(2935,NULL,NULL,NULL,NULL,NULL,NULL),
(2936,NULL,'kill','kill','kill',NULL,NULL),
(2937,NULL,NULL,NULL,NULL,NULL,NULL),
(2938,NULL,'kill','kill','kill',NULL,NULL),
(2939,NULL,NULL,NULL,NULL,NULL,NULL),
(2940,NULL,'kill','kill','kill',NULL,NULL),
(2941,NULL,NULL,NULL,NULL,NULL,NULL),
(2942,NULL,NULL,NULL,NULL,NULL,NULL),
(2943,NULL,NULL,NULL,NULL,NULL,NULL),
(2944,NULL,NULL,NULL,NULL,NULL,NULL),
(2945,NULL,NULL,NULL,NULL,NULL,NULL),
(2946,NULL,NULL,NULL,NULL,NULL,NULL),
(2947,NULL,NULL,NULL,NULL,NULL,NULL),
(2948,NULL,NULL,NULL,NULL,NULL,NULL),
(2949,NULL,NULL,NULL,NULL,NULL,NULL),
(2950,NULL,NULL,NULL,NULL,NULL,NULL),
(2951,NULL,NULL,NULL,NULL,NULL,NULL),
(2952,NULL,NULL,NULL,NULL,NULL,NULL),
(2953,NULL,NULL,NULL,NULL,NULL,NULL),
(2954,NULL,NULL,NULL,NULL,NULL,NULL),
(2955,NULL,NULL,NULL,NULL,NULL,NULL),
(2956,NULL,NULL,NULL,NULL,NULL,NULL),
(2957,NULL,NULL,NULL,NULL,NULL,NULL),
(2958,NULL,NULL,NULL,NULL,NULL,NULL),
(2959,NULL,NULL,NULL,NULL,NULL,NULL),
(2960,NULL,NULL,NULL,NULL,NULL,NULL),
(2961,NULL,NULL,NULL,NULL,NULL,NULL),
(2962,NULL,NULL,NULL,NULL,NULL,NULL),
(2963,NULL,NULL,NULL,NULL,NULL,NULL),
(2964,NULL,NULL,NULL,NULL,NULL,NULL),
(2965,NULL,NULL,NULL,NULL,NULL,NULL),
(2966,NULL,NULL,NULL,NULL,NULL,NULL),
(2967,NULL,NULL,NULL,NULL,NULL,NULL),
(2968,NULL,NULL,NULL,NULL,NULL,NULL),
(2969,NULL,NULL,NULL,NULL,NULL,NULL),
(2970,NULL,NULL,NULL,NULL,NULL,NULL),
(2971,NULL,NULL,NULL,NULL,NULL,NULL),
(2972,NULL,NULL,NULL,NULL,NULL,NULL),
(2973,NULL,NULL,NULL,NULL,NULL,NULL),
(2974,NULL,NULL,NULL,NULL,NULL,NULL),
(2975,NULL,NULL,NULL,NULL,NULL,NULL),
(2976,NULL,NULL,NULL,NULL,NULL,NULL),
(2977,NULL,NULL,NULL,NULL,NULL,NULL),
(2978,NULL,NULL,NULL,NULL,NULL,NULL),
(2979,NULL,NULL,NULL,NULL,NULL,NULL),
(2980,NULL,NULL,NULL,NULL,NULL,NULL),
(2981,NULL,NULL,NULL,NULL,NULL,NULL),
(2982,NULL,NULL,NULL,NULL,NULL,NULL),
(2983,NULL,NULL,NULL,NULL,NULL,NULL),
(2984,NULL,NULL,NULL,NULL,NULL,NULL),
(2985,NULL,NULL,NULL,NULL,NULL,NULL),
(2986,NULL,NULL,NULL,NULL,NULL,NULL),
(2987,NULL,NULL,NULL,NULL,NULL,NULL),
(2988,NULL,NULL,NULL,NULL,NULL,NULL),
(2989,NULL,'','','',NULL,NULL),
(2990,NULL,'','','',NULL,NULL),
(2991,NULL,'3','3','3',NULL,NULL),
(2992,NULL,'3','3','3',NULL,NULL),
(2993,NULL,'3','3','3',NULL,NULL),
(2994,NULL,'3','3','3',NULL,NULL),
(2995,NULL,'3','3','3',NULL,NULL),
(2996,NULL,'3','3','3',NULL,NULL),
(2997,NULL,'3','3','3',NULL,NULL),
(2998,NULL,'','h','h',NULL,NULL),
(2999,NULL,'','h','h',NULL,NULL),
(3000,NULL,'f','f','f',NULL,NULL),
(3001,NULL,'f','f','f',NULL,NULL),
(3002,NULL,'f','f','f',NULL,NULL),
(3003,NULL,'fsdfghj','fdfghjk','fcndfghj',NULL,NULL),
(3004,NULL,'fsdfghj','fdfghjk','fcndfghj',NULL,NULL),
(3005,NULL,'r','rr','r',NULL,NULL),
(3006,NULL,'sdfghjk','dfghjk','dfghjk',NULL,NULL),
(3007,NULL,NULL,NULL,NULL,NULL,NULL),
(3008,NULL,'dog','dog','dog',NULL,NULL),
(3009,NULL,'hit','hit','hit',NULL,NULL),
(3010,NULL,'event_or_place_details','event_or_place_details','event_',NULL,NULL),
(3011,NULL,'event_or_place_details','event_or_place_details','event_',NULL,NULL),
(3012,NULL,'event_or_place_details','event_or_place_details','event_',NULL,NULL),
(3013,NULL,'','','',NULL,NULL),
(3014,NULL,'','','',NULL,NULL),
(3015,NULL,'','','',NULL,NULL),
(3016,NULL,'b','bb','b',NULL,NULL),
(3017,NULL,'b','bb','b',NULL,NULL),
(3018,NULL,'b','bb','b',NULL,NULL),
(3019,NULL,'b','bb','b',NULL,NULL),
(3020,NULL,'','','',NULL,NULL),
(3021,NULL,'sdfg','sdfgh','asdfgh',NULL,NULL),
(3022,NULL,'NH72','Haridwar','248140',NULL,NULL),
(3023,NULL,'2345','345','srty',NULL,NULL),
(3024,NULL,'123456','wefgh','123456',NULL,NULL),
(3025,NULL,'fhdklj','hskh','134568',NULL,NULL),
(3026,NULL,'fhdklj','hskh','134568',NULL,NULL),
(3027,NULL,'fhdklj','hskh','134568',NULL,NULL),
(3028,NULL,'fhdklj','hskh','134568',NULL,NULL),
(3029,NULL,'jhkhkjh','jhjkhk','123456',NULL,NULL),
(3030,NULL,'gjkjk','gdd123456','123456',NULL,NULL),
(3031,NULL,NULL,NULL,NULL,NULL,NULL),
(3032,NULL,NULL,NULL,NULL,NULL,NULL),
(3033,NULL,NULL,NULL,NULL,NULL,NULL),
(3034,NULL,'fgh','fgh','123456',NULL,NULL),
(3035,NULL,'gfdfgd','gdgfdfg1234','123456',NULL,NULL),
(3036,NULL,'','','',NULL,NULL),
(3037,NULL,'yutuytt','11111111','111111',NULL,NULL),
(3038,NULL,'rtyui','rtyuio','123456',NULL,NULL),
(3039,NULL,'rtyu','ytyu','123456',NULL,NULL),
(3040,NULL,'ewqe','ewqe','111111',NULL,NULL),
(3041,NULL,'w','w','111111',NULL,NULL),
(3042,NULL,'asdfgh','asdfgh','123456',NULL,NULL),
(3043,NULL,'asdfgh','asdfgh','123456',NULL,NULL),
(3044,NULL,NULL,'asdfgh','qwerty',NULL,NULL),
(3045,NULL,'asdfgh','asdfgh','123456',NULL,NULL),
(3046,NULL,'asdfgh','123456','123456',NULL,NULL),
(3047,NULL,'hjjhhj','hjjhjh','123453',NULL,NULL),
(3048,NULL,'aaaaaa','aaaaaa','123456',NULL,NULL),
(3049,NULL,'ghg','gg','123456',NULL,NULL),
(3050,NULL,'ghg','gg','123456',NULL,NULL),
(3051,NULL,'ghg','gg','123456',NULL,NULL),
(3052,NULL,'ghg','gg','123456',NULL,NULL),
(3053,NULL,'asdfgh','asdfgh','123456',NULL,NULL),
(3054,NULL,'asdfgh','asdfgh','123456',NULL,NULL),
(3055,NULL,'asdfgh','asdfgh','123456',NULL,NULL),
(3056,NULL,'asdfgh','asdfgh','123456',NULL,NULL),
(3057,NULL,'asd','sd','123456',NULL,NULL),
(3058,NULL,'asdfgh','asdfgh','123456',NULL,NULL),
(3059,NULL,'asdfgh','asdfgh','111111',NULL,NULL),
(3060,NULL,'sdsf','gfgfgd','111111',NULL,NULL),
(3061,NULL,'sdfgh','sdfgh','123456',NULL,NULL),
(3062,NULL,'asdfgh','asdfgh','123456',NULL,NULL),
(3063,NULL,'test','test','123456',NULL,NULL),
(3064,NULL,'asdfgh','asdfgh','123456',NULL,NULL),
(3065,NULL,'asdfgh','asdfgh','123456',NULL,NULL),
(3066,NULL,'asdfgh','asdfgh','123456',NULL,NULL),
(3067,NULL,'asdfgh','asdfgh','123456',NULL,NULL),
(3068,NULL,'asdfgh','asdfgh','asdfgh',NULL,NULL),
(3069,NULL,'m','m','aaa',NULL,NULL),
(3070,NULL,'asdfgh','asdfgh','123456',NULL,NULL),
(3071,NULL,'asdfgh','asdfgh','123456',NULL,NULL),
(3072,NULL,'asdfgh','asdfgh','aa',NULL,NULL),
(3073,NULL,'ka','l','123456',NULL,NULL),
(3074,NULL,'sdfgh','sdfgh','123456',NULL,NULL),
(3075,NULL,'mnbnm','nmbmnb','nmbmn',NULL,NULL),
(3076,NULL,'mnbnm','nmbmnb','nmbmn',NULL,NULL),
(3077,NULL,'mnbnm','nmbmnb','12345',NULL,NULL),
(3078,NULL,'mnbnm','nmbmnb','go',NULL,NULL),
(3079,NULL,'n','n','n',NULL,NULL),
(3080,NULL,'n','n','n',NULL,NULL),
(3081,NULL,'123','41','111111',NULL,NULL),
(3082,NULL,'wert','ywertyu','123456',NULL,NULL),
(3083,NULL,'aa','aa','123456',NULL,NULL),
(3084,NULL,'aa','aa','123456',NULL,NULL),
(3085,NULL,'aa','aaa','123456',NULL,NULL),
(3086,NULL,'aa','aa','111111',NULL,NULL),
(3087,NULL,'tttttt','tyyyyy','222222',NULL,NULL),
(3088,NULL,'tttttt','tyyyyy','222222',NULL,NULL),
(3089,NULL,'nnn','nnn','123',NULL,NULL),
(3090,NULL,'nnn','nnn','uuu',NULL,NULL),
(3091,NULL,'nnn','nnn','uuu',NULL,NULL),
(3092,NULL,'n','n','833388',NULL,NULL),
(3093,NULL,'n','n','833388',NULL,NULL),
(3094,NULL,'mm','mm','999999',NULL,NULL),
(3095,NULL,'m','m','888888',NULL,NULL),
(3096,NULL,'nnn','nnn','777777',NULL,NULL),
(3097,NULL,'b','b','111111',NULL,NULL),
(3098,NULL,'b','b','111111',NULL,NULL),
(3099,NULL,'b','b','111111',NULL,NULL),
(3100,NULL,'b','b','111111',NULL,NULL),
(3101,NULL,'b','b','111111',NULL,NULL),
(3102,NULL,'n','n','833388',NULL,NULL),
(3103,NULL,'n','n','833388',NULL,NULL),
(3104,NULL,'n','n','833388',NULL,NULL),
(3105,NULL,'n','n','833388',NULL,NULL),
(3106,NULL,'n','n','833388',NULL,NULL),
(3107,NULL,'n','n','833388',NULL,NULL),
(3108,NULL,'n','n','833388',NULL,NULL),
(3109,NULL,'n','n','833388',NULL,NULL),
(3110,NULL,'n','n','833388',NULL,NULL),
(3111,NULL,'n','n','833388',NULL,NULL),
(3112,NULL,'n','n','833388',NULL,NULL),
(3113,NULL,'n','n','833388',NULL,NULL),
(3114,NULL,'n','n','833388',NULL,NULL),
(3115,NULL,'n','n','833388',NULL,NULL),
(3116,NULL,'n','n','833388',NULL,NULL),
(3117,NULL,'n','n','833388',NULL,NULL),
(3118,NULL,'n','n','833388',NULL,NULL),
(3119,NULL,'n','n','833388',NULL,NULL),
(3120,NULL,'n','n','833388',NULL,NULL),
(3121,NULL,'n','n','833388',NULL,NULL),
(3122,NULL,'n','n','833388',NULL,NULL),
(3123,NULL,'n','n','833388',NULL,NULL),
(3124,NULL,'n','n','833388',NULL,NULL),
(3125,NULL,'h','j','777777',NULL,NULL),
(3126,NULL,'n','n','777777',NULL,NULL),
(3127,NULL,'ggg','ggg','555555',NULL,NULL),
(3128,NULL,'bb','bb','111115',NULL,NULL),
(3129,NULL,'n','n','444444',NULL,NULL),
(3130,NULL,'ghghhg','hgghgh','555555',NULL,NULL),
(3131,NULL,'jhkjhj','jjkhjh','444444',NULL,NULL),
(3132,NULL,'ghjghjg','hghjghjgj','555555',NULL,NULL),
(3133,NULL,'erretr','rtere','333333',NULL,NULL),
(3134,NULL,'VIKAS MAARG','PREMNAGAR','240190',NULL,NULL),
(3135,NULL,'ghgjhg','jhgjhgj','444444',NULL,NULL),
(3136,NULL,'jkkjjkjkjk','jjkjkjkjk','898989',NULL,NULL),
(3137,NULL,'jkjkjkjkj','jkjkjkjkjkj','889898',NULL,NULL),
(3138,NULL,'hjhjhjhj','hjhjhjhj','898989',NULL,NULL),
(3139,NULL,'ki','ki','555555',NULL,NULL),
(3140,NULL,'kalu','kalu','454545',NULL,NULL),
(3141,NULL,'mo','m','000000',NULL,NULL),
(3142,NULL,'j','j','777777',NULL,NULL),
(3143,NULL,'kl','lk','989898',NULL,NULL),
(3144,NULL,'kjlk','lk','099090',NULL,NULL),
(3145,NULL,'iuoiu','iuoiui','888888',NULL,NULL),
(3146,NULL,'iuoiu','iuoiui','888888',NULL,NULL),
(3147,NULL,'book','book','101010',NULL,NULL),
(3148,NULL,'oiuo','oiu','888888',NULL,NULL),
(3149,NULL,'NNNNN','NNN','111111',NULL,NULL),
(3150,NULL,'NNNNN','NNN','111111',NULL,NULL),
(3151,NULL,'KJLKJLK','KJLKJLJ','999999',NULL,NULL),
(3152,NULL,'jjl','ljjllj','999998',NULL,NULL),
(3153,NULL,'jjl','ljjllj','999993',NULL,NULL),
(3154,NULL,'sdfg','asdfg','123456',NULL,NULL),
(3155,NULL,'watches','watches','123456',NULL,NULL),
(3156,NULL,'back street','dehradun','111111',NULL,NULL),
(3157,NULL,'back street','dehradun','111111',NULL,NULL),
(3158,NULL,'realestate','realestate','111111',NULL,NULL),
(3159,NULL,'hg','jhg','123455',NULL,NULL),
(3160,NULL,'back street','dehradun','111111',NULL,NULL),
(3161,NULL,'back street','dehradun','111111',NULL,NULL),
(3162,NULL,'back street','dehradun','111111',NULL,NULL),
(3163,NULL,'back street','dehradun','111111',NULL,NULL),
(3164,NULL,'back street','dehradun','111111',NULL,NULL),
(3165,NULL,'realestate','dehradun','111111',NULL,NULL),
(3166,NULL,'back street','dehradun','111111',NULL,NULL),
(3167,NULL,'back street','dehradun','111111',NULL,NULL),
(3168,NULL,'back street','dehradun','111111',NULL,NULL),
(3169,NULL,'back street','dehradun','111111',NULL,NULL),
(3170,NULL,'back street','dehradun','111111',NULL,NULL),
(3171,NULL,'back street','dehradun','111111',NULL,NULL),
(3172,NULL,'back street','dehradun','111111',NULL,NULL),
(3173,NULL,'back street','dehradun','111111',NULL,NULL),
(3174,NULL,'back street','dehradun','111111',NULL,NULL),
(3175,NULL,'back street','dehradun','111111',NULL,NULL),
(3176,NULL,'back street','dehradun','111111',NULL,NULL),
(3177,NULL,'back street','dehradun','111111',NULL,NULL),
(3178,NULL,'back street','dehradun','111111',NULL,NULL),
(3179,NULL,'back street','dehradun','111111',NULL,NULL),
(3180,NULL,'back street','dehradun','111111',NULL,NULL),
(3181,NULL,'back street','dehradun','111111',NULL,NULL),
(3182,NULL,'back street','dehradun','111111',NULL,NULL),
(3183,NULL,'back street','dehradun','111111',NULL,NULL),
(3184,NULL,'back street','dehradun','111111',NULL,NULL),
(3185,NULL,'back street','realestate','123455',NULL,NULL),
(3186,NULL,'back street','dehradun','111111',NULL,NULL),
(3187,NULL,'realestate','realestate','123455',NULL,NULL),
(3188,NULL,'back street','dehradun','111111',NULL,NULL),
(3189,NULL,'realestate','realestate','111111',NULL,NULL),
(3190,NULL,'back street','dehradun','111111',NULL,NULL),
(3191,NULL,'realestate','realestate','111111',NULL,NULL),
(3192,NULL,'back street','dehradun','111111',NULL,NULL),
(3193,NULL,'back street','dehradun','111111',NULL,NULL),
(3194,NULL,'jk','laks','123456',NULL,NULL),
(3195,NULL,'ddoon','ddoon','123456',NULL,NULL),
(3196,'8','NH72','DOIWALA','248140','98','13'),
(3197,NULL,'ddoon','ddoon','123456',NULL,NULL),
(3198,NULL,'james','vjames','123456',NULL,NULL),
(3199,NULL,'kljlkjl','jlkjlkjl','111111',NULL,NULL),
(3200,NULL,'ddoon','ddoon','123456',NULL,NULL),
(3201,NULL,'ddoon','ddoon','123456',NULL,NULL),
(3202,NULL,'ddoon','ddoon','123456',NULL,NULL),
(3203,NULL,'ddoon','ddoon','123456',NULL,NULL),
(3204,NULL,'ddoon','ddoon','123456','98',NULL),
(3205,NULL,'hlj','lkhkljh','123456','98',NULL),
(3206,NULL,NULL,NULL,NULL,'98',NULL),
(3207,'1','hlj','lkhkljh','123456','98','27'),
(3208,'2','jk','laks','123456',NULL,'27'),
(3209,'8','ghusu','ddit','098765',NULL,'27'),
(3210,'','ddoon','ddoon','123456','98',''),
(3211,'','ddoon','ddoon','123456','98',''),
(3212,'8','ddoon','ddoon','123456',NULL,'27'),
(3213,'67','roll','cali','897654',NULL,'30'),
(3214,NULL,'ddoon','ddoon','123456',NULL,NULL),
(3215,NULL,'90809','098098','098098',NULL,NULL),
(3216,'8','test1','test1','248001',NULL,'27'),
(3217,'8','fan','fan','123456',NULL,'27'),
(3218,'67','dehradun road','saharanpur','248001','98','30'),
(3219,'3','NH72','Dehradun','248102','98','27'),
(3245,NULL,NULL,NULL,NULL,NULL,NULL),
(3246,'3','jlkj','lkjljlkj','kjlkjlkjlk','98','27'),
(3247,'3','jlkj','lkjljlkj','kjlkjlkjlk','98','27'),
(3248,'3','jlkj','lkjljlkj','kjlkjlkjlk','98','27'),
(3249,'3','jlkj','lkjljlkj','kjlkjlkjlk','98','27'),
(3250,'4',NULL,NULL,NULL,'98','27'),
(3251,'27','tilak marg','bindal pul','248001','98','27'),
(3252,'27','haridwar road','dalanwala','248002','98','27'),
(3244,'17','kjhjh','jhjhhj','hhjhjhjjhj','98','27'),
(3253,'','haridwar road','dalanwala','248002','98',''),
(3254,'8','Rishikesh Road','Joligrant','248140','98','27'),
(3255,'','Haridwar Road','Doiwala','248140','98',''),
(3256,'','Shimla Bypass','ISBT','248001','98',''),
(3307,'','Rishikesh Road','Joligrant','248140','98',''),
(3257,'6','tilak road','bindaal pull','248001','98','27'),
(3266,'8','Rishikesh Road','Joligrant','248140','98','27'),
(3259,'8','Haridwar Road','Jogiwala','248001','98','27'),
(3267,'8','NH72','Jogiwala','248140',NULL,'27'),
(3270,'8','Haridwar Road','Dehradun','248001','98','27'),
(3272,'8','Khaao Gali','Vasant Vihar','248140',NULL,'27'),
(3273,'8','Tilak Marg','Rohini East','110011','98','27'),
(3274,'8','banglo road','Rani pur','546789',NULL,'27'),
(3275,'8','NH72','Dehradun','248140','98','27'),
(3276,'8','NH72','dalanwala','123456',NULL,'27'),
(3286,'8','tilak marg','bindal pul','248140','98',''),
(3287,'8','Tilak Marg','Rohini East','110011','98','27'),
(3288,NULL,'76, Jhanda Bazar',' Jhanda Mohalla','248001',NULL,NULL),
(3289,NULL,'Laxmi Road','Nehrucolony','248001','98',NULL),
(3306,'14','Haridwar Road','Doiwala','248001',NULL,'27'),
(3304,'','E.C Road','Dharampur','248001','98',''),
(3305,'14','Haridwar Road','Doiwala','248001',NULL,'27'),
(3308,'','Rishikesh Road','Joligrant','248140','98',''),
(3309,'','Rishikesh Road','Joligrant','248140','98',''),
(3310,'','Rishikesh Road','Joligrant','248140','98',''),
(3311,'','Rishikesh Road','Joligrant','248140','98',''),
(3312,'','Rishikesh Road','Joligrant','248140','98',''),
(3313,'','Rishikesh Road','Joligrant','248140','98',''),
(3314,'','Rishikesh Road','Joligrant','248140','98',''),
(3315,'','Rishikesh Road','Joligrant','248140','98',''),
(3316,'','E.C Road','Dharampur','248001','98',''),
(3321,'8','Shimla Bypass','ISBT','248001','98','27'),
(3318,'','Mohan Pur','Pream Nagar','248001','98',''),
(3319,'8','Haridwar Road','Doiwala','248140','98','27'),
(3320,'8','Mohan Pur','Pream Nagar','248001','98','27'),
(3322,'8','Haridwar Road','Doiwala','248140','98','27'),
(3323,'','Rishikesh Road','Joligrant','248140','98',''),
(3324,'8','Shimla Bypass','ISBT','248001','98','27'),
(3327,'','Haridwar Road','Doiwala','248140','98','');

/*Table structure for table `admin` */

DROP TABLE IF EXISTS `admin`;

CREATE TABLE `admin` (
  `ID` bigint(10) NOT NULL AUTO_INCREMENT,
  `ADMIN_NAME` varchar(100) NOT NULL,
  `EMAIL` varchar(100) NOT NULL,
  `PASSWORD` varchar(40) NOT NULL,
  `ROLE` bigint(10) NOT NULL,
  `CREATED_DATE` datetime NOT NULL,
  `UPDATED_DATE` datetime NOT NULL,
  `IS_ACTIVE` tinyint(1) NOT NULL,
  PRIMARY KEY (`ID`),
  UNIQUE KEY `ADMIN_NAME` (`EMAIL`),
  KEY `FK_ADMIN_ROLE` (`ROLE`)
) ENGINE=MyISAM AUTO_INCREMENT=3 DEFAULT CHARSET=utf8;

/*Data for the table `admin` */

insert into `admin` values 
(2,'Rajesh','super_rajesh@mybuy4u.com','ba4aef33208dadebfda7f3f5be48cde425aa0771',5,'2013-06-29 00:00:00','2013-06-29 00:00:00',1);

/*Table structure for table `advertisement` */

DROP TABLE IF EXISTS `advertisement`;

CREATE TABLE `advertisement` (
  `ID` bigint(10) NOT NULL AUTO_INCREMENT,
  `DESCRIPTION` longtext,
  `FROM_DATE` datetime NOT NULL,
  `TO_DATE` datetime NOT NULL,
  `ADVERTISER` bigint(10) NOT NULL,
  `ADVERTISEMENT_PORTION` bigint(10) NOT NULL,
  `SUB_CATEGORY_ID` bigint(10) NOT NULL,
  `WEBSITE_URL` varchar(255) NOT NULL,
  `PRICE` double NOT NULL,
  `PRICE_UNIT` varchar(10) NOT NULL DEFAULT 'INR',
  PRIMARY KEY (`ID`),
  KEY `FK_ADVERTISEMENT_ADVERTISEMENT_PORTION` (`ADVERTISEMENT_PORTION`),
  KEY `FK_ADVERTISEMENT_SUB_CATEGORY_ID` (`SUB_CATEGORY_ID`),
  KEY `FK_ADVERTISEMENT_ADVERISER` (`ADVERTISER`)
) ENGINE=MyISAM DEFAULT CHARSET=latin1;

/*Data for the table `advertisement` */

/*Table structure for table `advertisement_portion` */

DROP TABLE IF EXISTS `advertisement_portion`;

CREATE TABLE `advertisement_portion` (
  `ID` bigint(10) NOT NULL AUTO_INCREMENT,
  `NAME` varchar(255) NOT NULL,
  `SUB_TAB` bigint(10) DEFAULT NULL,
  `TAB` bigint(10) NOT NULL,
  `ADVERTISEMENT_ID` bigint(10) NOT NULL,
  PRIMARY KEY (`ID`),
  KEY `FK_ADVERTISEMENT_PORTION_SUB_TAB` (`SUB_TAB`),
  KEY `FK_ADVERTISEMENT_PORTION_TAB` (`TAB`),
  KEY `FK_ADVERTISEMENT_PORTION_ADVERTISEMENT_ID` (`ADVERTISEMENT_ID`)
) ENGINE=MyISAM DEFAULT CHARSET=latin1;

/*Data for the table `advertisement_portion` */

/*Table structure for table `advertiser` */

DROP TABLE IF EXISTS `advertiser`;

CREATE TABLE `advertiser` (
  `ID` bigint(10) NOT NULL AUTO_INCREMENT,
  `FIRST_NAME` varchar(255) NOT NULL,
  `LAST_NAME` varchar(255) NOT NULL,
  `EMAIL` varchar(50) NOT NULL,
  `CONTACT_NUMBER` varchar(21) DEFAULT NULL,
  `ADDRESS1` varchar(255) NOT NULL,
  `ADDRESS2` varchar(255) NOT NULL,
  `PIN_CODE` varchar(10) NOT NULL,
  `CITY` varchar(255) NOT NULL,
  `STATE` bigint(10) DEFAULT NULL,
  PRIMARY KEY (`ID`),
  KEY `FK_ADVERTISER_STATE` (`STATE`)
) ENGINE=MyISAM DEFAULT CHARSET=latin1;

/*Data for the table `advertiser` */

/*Table structure for table `apartment` */

DROP TABLE IF EXISTS `apartment`;

CREATE TABLE `apartment` (
  `ID` bigint(10) NOT NULL AUTO_INCREMENT,
  `NAME` varchar(255) NOT NULL,
  `DESCRIPTION` varchar(255) NOT NULL,
  `REAL_ESTATE_ID` bigint(10) DEFAULT NULL,
  `OWNER_TYPE` varchar(255) DEFAULT NULL,
  `CREATED_DATE` datetime NOT NULL,
  `UPDATED_DATE` datetime NOT NULL,
  `NUMBER_OF` bigint(10) DEFAULT '0',
  `OWNER_ADMIN` bigint(10) DEFAULT NULL,
  `USER_ID` bigint(10) NOT NULL DEFAULT '1',
  `SIZE` varchar(50) DEFAULT NULL,
  `COST` bigint(50) DEFAULT NULL,
  PRIMARY KEY (`ID`),
  KEY `FK_APARTMENT_OWNER` (`OWNER_ADMIN`)
) ENGINE=MyISAM AUTO_INCREMENT=4 DEFAULT CHARSET=latin1;

/*Data for the table `apartment` */

insert into `apartment` values 
(3,'Shrii Tower','kjhkjhkjk',1,NULL,'2014-03-05 22:44:22','2014-03-05 22:44:22',0,NULL,740,'150000',100000),
(2,'GTA','asdfghjkl',1,NULL,'2014-01-20 16:45:46','2014-01-20 16:45:46',0,NULL,740,'1900',15000);

/*Table structure for table `apartment_address` */

DROP TABLE IF EXISTS `apartment_address`;

CREATE TABLE `apartment_address` (
  `ID` bigint(10) NOT NULL AUTO_INCREMENT,
  `STREET_NAME` varchar(255) DEFAULT NULL,
  `AREA_NAME` varchar(255) DEFAULT NULL,
  `AREA_CODE` varchar(21) DEFAULT NULL,
  `COUNTRY` varchar(25) DEFAULT NULL,
  `STATE` varchar(25) DEFAULT NULL,
  `CITY` varchar(25) DEFAULT NULL,
  `APARTMENT_ID` bigint(10) DEFAULT NULL,
  PRIMARY KEY (`ID`)
) ENGINE=InnoDB AUTO_INCREMENT=3 DEFAULT CHARSET=latin1;

/*Data for the table `apartment_address` */

insert into `apartment_address` values 
(1,'Haridwar Road','GTA FOREST HILL','248001','98','27','8',2),
(2,'Bell road','clementown','248001','98','27','8',3);

/*Table structure for table `apartment_image` */

DROP TABLE IF EXISTS `apartment_image`;

CREATE TABLE `apartment_image` (
  `ID` bigint(10) NOT NULL AUTO_INCREMENT,
  `ALT` varchar(21) DEFAULT NULL,
  `IMAGE_PATH` varchar(255) NOT NULL,
  `IMAGE_PATH_BIG` varchar(255) DEFAULT NULL,
  `APARTMENT_ID` bigint(10) NOT NULL,
  PRIMARY KEY (`ID`),
  KEY `FK_APARTMENT_IMAGE_APARTMENT_ID` (`APARTMENT_ID`)
) ENGINE=MyISAM AUTO_INCREMENT=4 DEFAULT CHARSET=latin1;

/*Data for the table `apartment_image` */

insert into `apartment_image` values 
(3,NULL,'/usr/local/userPhotos/APARTMENT/3/city-wallpaper-1.jpg','/usr/local/userPhotos/Big/APARTMENT/3/city-wallpaper-1.jpg',3),
(2,NULL,'/usr/local/userPhotos/APARTMENT/2/1480574_600682716658532_1629368238_a.jpg','/usr/local/userPhotos/Big/APARTMENT/2/1480574_600682716658532_1629368238_a.jpg',2);

/*Table structure for table `astrologer` */

DROP TABLE IF EXISTS `astrologer`;

CREATE TABLE `astrologer` (
  `ID` bigint(10) NOT NULL AUTO_INCREMENT,
  `NAME` varchar(255) NOT NULL,
  `DESCRIPTION` longtext,
  `ADDRESS` bigint(10) NOT NULL,
  `OWNER_ID` bigint(10) DEFAULT NULL,
  `BACKGROUND_COLOUR` varchar(7) DEFAULT NULL,
  `UPDATED_DATE` datetime NOT NULL,
  `CREATED_DATE` datetime NOT NULL,
  `USER_ID` bigint(10) NOT NULL DEFAULT '1',
  PRIMARY KEY (`ID`),
  KEY `FK_ASTROLOGER_ADDRESS` (`ADDRESS`),
  KEY `FK_ASTROLOGER_OWNER_ADMIN` (`OWNER_ID`)
) ENGINE=MyISAM AUTO_INCREMENT=4 DEFAULT CHARSET=latin1;

/*Data for the table `astrologer` */

/*Table structure for table `astrologer_image` */

DROP TABLE IF EXISTS `astrologer_image`;

CREATE TABLE `astrologer_image` (
  `ID` bigint(10) NOT NULL AUTO_INCREMENT,
  `IMAGE_PATH` varchar(255) NOT NULL,
  `IMAGE_PATH_BIG` varchar(255) NOT NULL,
  `ASTROLOGER_ID` bigint(10) NOT NULL,
  PRIMARY KEY (`ID`),
  KEY `FK_ASTROLOGER_IMAGE_ASTROLOGER_ID` (`ASTROLOGER_ID`)
) ENGINE=MyISAM AUTO_INCREMENT=3 DEFAULT CHARSET=latin1;

/*Data for the table `astrologer_image` */

/*Table structure for table `astrologer_tab` */

DROP TABLE IF EXISTS `astrologer_tab`;

CREATE TABLE `astrologer_tab` (
  `ID` bigint(10) NOT NULL AUTO_INCREMENT,
  `DESCRIPTION` longtext,
  `TAB` varchar(255) NOT NULL,
  `ASTROLOGER_ID` bigint(10) NOT NULL,
  PRIMARY KEY (`ID`),
  KEY `FK_ASTROLOGER_TAB_ASTROLOGER_ID` (`ASTROLOGER_ID`)
) ENGINE=MyISAM AUTO_INCREMENT=3 DEFAULT CHARSET=latin1;

/*Data for the table `astrologer_tab` */

/*Table structure for table `banner_ad_image_detail` */

DROP TABLE IF EXISTS `banner_ad_image_detail`;

CREATE TABLE `banner_ad_image_detail` (
  `ID` bigint(10) NOT NULL AUTO_INCREMENT,
  `MIN_PAY_OUT_PER_DAY` bigint(10) DEFAULT NULL,
  `MIN_PAY_OUT` bigint(10) DEFAULT NULL,
  `START_DATE` date DEFAULT NULL,
  `END_DATE` date DEFAULT NULL,
  `BUSINESS_TYPE_ID` bigint(10) DEFAULT NULL,
  `BUSINESS_TYPE` varchar(30) DEFAULT NULL,
  `TOTAL_PRICE` bigint(20) DEFAULT NULL,
  `IS_ACTIVE` tinyint(1) DEFAULT '0',
  `IS_PAID` tinyint(1) DEFAULT '0',
  PRIMARY KEY (`ID`)
) ENGINE=InnoDB AUTO_INCREMENT=18 DEFAULT CHARSET=latin1;

/*Data for the table `banner_ad_image_detail` */

insert into `banner_ad_image_detail` values 
(2,5,100,'2014-01-01','2014-01-29',334,'local_business',145,NULL,NULL),
(3,5,100,'2014-01-10','2014-01-31',334,'local_business',110,NULL,NULL),
(4,5,100,'2014-01-07','2014-01-30',334,'local_business',120,NULL,NULL),
(5,5,100,'2014-02-03','2014-03-27',334,'local_business',265,NULL,NULL),
(6,5,100,'2014-02-01','2014-02-28',334,'local_business',140,NULL,NULL),
(7,5,100,'2014-03-01','2014-03-27',12,'real_estates',135,NULL,NULL),
(8,5,100,'2014-03-09','2014-03-29',1,'company_organizations',105,NULL,NULL),
(9,5,100,'2014-03-07','2014-03-29',334,'local_business',115,NULL,NULL),
(11,5,100,'2014-03-01','2014-03-24',334,'local_business',120,NULL,NULL),
(12,5,100,'2014-03-01','2014-03-21',334,'local_business',105,1,1),
(13,5,100,'2014-03-01','2014-03-27',3,'brand_or_products',135,1,1),
(14,5,100,'2014-04-02','2014-04-24',340,'local_business',115,0,0),
(15,5,100,'2014-04-01','2014-04-30',340,'local_business',150,0,0),
(16,5,100,'2014-04-02','2014-04-30',4,'company_organizations',145,0,0),
(17,5,100,'2014-04-02','2014-04-30',4,'company_organizations',145,0,0);

/*Table structure for table `banner_ad_text` */

DROP TABLE IF EXISTS `banner_ad_text`;

CREATE TABLE `banner_ad_text` (
  `ID` bigint(10) NOT NULL AUTO_INCREMENT,
  `DESCRIPTION` varchar(255) DEFAULT NULL,
  `START_DATE` date DEFAULT NULL,
  `END_DATE` date DEFAULT NULL,
  `MIN_PAY_OUT_PER_DAY` bigint(10) DEFAULT NULL,
  `MIN_PAY_OUT` bigint(10) DEFAULT NULL,
  `TOTAL_PRICE` bigint(10) DEFAULT NULL,
  `SHOP_CATEGORY_ID` bigint(10) DEFAULT NULL,
  `BUSINESS_TYPE_ID` bigint(10) DEFAULT NULL,
  `BUSINESS_TYPE` varchar(50) DEFAULT NULL,
  `IS_ACTIVE` tinyint(1) DEFAULT '0',
  `IS_PAID` tinyint(1) DEFAULT '0',
  PRIMARY KEY (`ID`)
) ENGINE=InnoDB AUTO_INCREMENT=33 DEFAULT CHARSET=latin1;

/*Data for the table `banner_ad_text` */

insert into `banner_ad_text` values 
(1,'Discounts average $13 off with a Shop.com promo code or coupon. 50 Shop.com coupons now on RetailMeNot.','2013-12-15','2014-01-17',5,100,170,19,326,'LocalBusiness',0,0),
(19,'Back to School Promotion: buy a Mac for college and get a $100 App Store Gift Card, or buy an iPad or iPhone and get a $50 card.','2013-12-18','2013-12-21',5,100,0,19,326,'LocalBusiness',0,0),
(25,'Buy Watches Online- Discount Shop is an online watch store and offers best authentic wrist watches for men and women online at discount price','2013-12-24','2014-01-17',5,100,125,NULL,152,'RealEstates',0,0),
(26,'SHOP BY ROOM.Shop By Room ... SHOP BY STYLE  Shop By .... We work every day to bring you discounts on new products across our entire store.','2014-01-01','2014-01-31',5,100,155,NULL,327,'LocalBusiness',0,0),
(27,'WatchesFlat 30% off + Extra 30% off  Online Sale Online shopping United Colors of Benetton Upto ... Women Shoes Buy 3 at 999 ','2014-01-08','2014-01-31',5,100,120,NULL,334,'LocalBusiness',0,0),
(28,'NoBetterDeal - discount shopping at below wholesale prices Bidz.com Need Help? .... Welcome to NoBetterDeal.com, your home for discount shopping.','2014-02-04','2014-02-28',5,100,125,NULL,335,'LocalBusiness',0,0),
(29,'Free shipping and savings of up to 75% off top brands. Shop discounted shoes, clothing, accessories, and more!','2014-02-03','2014-02-25',5,100,115,NULL,334,'local_business',0,0),
(30,'jkhkj\r\n','2014-03-06','2014-03-29',5,100,120,NULL,334,'local_business',0,0),
(31,'<p>ghdhfkjhdfjkhdkjfkjdahfkfhkjadhfkjdhfjsakdfjaf</p>\r\n','2014-03-01','2014-04-11',5,100,210,NULL,334,'local_business',0,0),
(32,'<p>hi jkhsdjf hjkSHDKJ JKHSDJK KJHSJHD ldfhdaj kjadhfjkh kjadkfhajksdhfk</p>\r\n','2014-03-01','2014-03-29',5,100,145,NULL,334,'local_business',0,0);

/*Table structure for table `banner_image` */

DROP TABLE IF EXISTS `banner_image`;

CREATE TABLE `banner_image` (
  `ID` bigint(10) NOT NULL AUTO_INCREMENT,
  `IMAGE_PATH` varchar(255) DEFAULT NULL,
  `IMAGE_PATH_BIG` varchar(255) DEFAULT NULL,
  `BANNER_IMAGE_DETAIL_ID` bigint(10) DEFAULT NULL,
  PRIMARY KEY (`ID`)
) ENGINE=InnoDB AUTO_INCREMENT=18 DEFAULT CHARSET=latin1;

/*Data for the table `banner_image` */

insert into `banner_image` values 
(2,'/usr/local/userPhotos/BANNER/2/add-bgyellow.jpg','/usr/local/userPhotos/Big/BANNER/2/add-bgyellow.jpg',2),
(3,'/usr/local/userPhotos/BANNER/3/add-bg.jpg','/usr/local/userPhotos/Big/BANNER/3/add-bg.jpg',3),
(4,'/usr/local/userPhotos/BANNER/4/995421_593644664013109_1180970608_n.jpg','/usr/local/userPhotos/Big/BANNER/4/995421_593644664013109_1180970608_n.jpg',4),
(5,'/usr/local/userPhotos/BANNER/5/1451974_613168502074267_1569905781_s.jpg','/usr/local/userPhotos/Big/BANNER/5/1451974_613168502074267_1569905781_s.jpg',5),
(6,'/usr/local/userPhotos/BANNER/6/banner_online_shopping1.jpg','/usr/local/userPhotos/Big/BANNER/6/banner_online_shopping1.jpg',6),
(7,'/usr/local/userPhotos/BANNER/7/boutique_banner_images.jpg','/usr/local/userPhotos/Big/BANNER/7/boutique_banner_images.jpg',7),
(8,'/usr/local/userPhotos/BANNER/8/contact.jpg','/usr/local/userPhotos/Big/BANNER/8/contact.jpg',8),
(9,'/usr/local/userPhotos/BANNER/9/add-bggreen.jpg','/usr/local/userPhotos/Big/BANNER/9/add-bggreen.jpg',9),
(11,'/usr/local/userPhotos/BANNER/11/960100_371945906274477_81820131_n.jpg','/usr/local/userPhotos/Big/BANNER/11/960100_371945906274477_81820131_n.jpg',11),
(12,'/usr/local/userPhotos/BANNER/12/1476435_558998504180050_2080544610_n.jpg','/usr/local/userPhotos/Big/BANNER/12/1476435_558998504180050_2080544610_n.jpg',12),
(13,'/usr/local/userPhotos/BANNER/13/1476435_558998504180050_2080544610_n.jpg','/usr/local/userPhotos/Big/BANNER/13/1476435_558998504180050_2080544610_n.jpg',13),
(14,'/usr/local/userPhotos/BANNER//bloominginalaska.jpg','/usr/local/userPhotos/Big/BANNER//bloominginalaska.jpg',NULL),
(15,'/usr/local/userPhotos/BANNER/14/1476435_558998504180050_2080544610_n.jpg','/usr/local/userPhotos/Big/BANNER/14/1476435_558998504180050_2080544610_n.jpg',14),
(16,'/usr/local/userPhotos/BANNER/15/960100_371945906274477_81820131_n.jpg','/usr/local/userPhotos/Big/BANNER/15/960100_371945906274477_81820131_n.jpg',15),
(17,'/usr/local/userPhotos/BANNER/17/1455142_612410932150004_1164928356_n.jpg','/usr/local/userPhotos/Big/BANNER/17/1455142_612410932150004_1164928356_n.jpg',17);

/*Table structure for table `book` */

DROP TABLE IF EXISTS `book`;

CREATE TABLE `book` (
  `ID` bigint(10) NOT NULL AUTO_INCREMENT,
  `UPDATED_DATE` datetime NOT NULL,
  `CREATED_DATE` datetime NOT NULL,
  `NAME` varchar(255) NOT NULL,
  `DESCRIPTION` varchar(255) NOT NULL,
  `AUTHOR` varchar(255) NOT NULL,
  `PUBLISHER` varchar(255) NOT NULL,
  `TYPE` varchar(255) DEFAULT NULL,
  `COST` varchar(255) NOT NULL,
  `COST_UNIT` varchar(10) NOT NULL DEFAULT 'INR',
  `ISBN_NUMBER` varchar(255) DEFAULT NULL,
  `EDITION` varchar(255) DEFAULT NULL,
  `USER_LABEL` varchar(255) DEFAULT NULL,
  `SHOP_ID` bigint(10) DEFAULT NULL,
  PRIMARY KEY (`ID`),
  KEY `FK_BOOK_SHOP_ID` (`SHOP_ID`)
) ENGINE=MyISAM AUTO_INCREMENT=27 DEFAULT CHARSET=latin1;

/*Data for the table `book` */

insert into `book` values 
(1,'2013-08-01 14:01:42','2013-08-01 14:01:42','chvjh','fuygtfyuhukj','fghfvhb','dhgfgvb','','45435','INR','','','',1),
(2,'2013-08-01 14:02:33','2013-08-01 14:02:33','fyuguj','gujhkijm','fyhjgjm','fhgvhjn','','452412','INR','','','',1),
(3,'2013-08-01 14:03:17','2013-08-01 14:03:17','sdtgfvb','dtyygfujhkj','dghvhnb ','ddghvb ','','5412','INR','','','',1),
(4,'2013-08-01 14:04:01','2013-08-01 14:04:01','xgfvhjb','styfyhjjnikujikj','edhgbn','dhybn','','765432','INR','','','',1),
(5,'2013-08-01 14:04:47','2013-08-01 14:04:47','fyhjnb','chgvbhjnmjnk','fhjn','fhjn','','76542','INR','','','',1),
(6,'2013-08-01 14:05:44','2013-08-01 14:05:44','ujyghbnm','ruyghbjghuihjnm','vjhbn','guikjhnm','','1545864','INR','','','',1),
(7,'2013-08-01 14:06:27','2013-08-01 14:06:27','fjhb','dytgftyuukhikjk','fjhbv','fjhnb','','452412','INR','','','',1),
(8,'2013-08-01 14:06:58','2013-08-01 14:06:58','etyuikb','rrfyutguyhyuikjoijkj','dhgvnb ','dhgvb','','15345645','INR','','','',1),
(9,'0000-00-00 00:00:00','0000-00-00 00:00:00','Wallpaper','WINDOWS CRACK','','',NULL,'$700','INR',NULL,NULL,NULL,304),
(10,'2013-09-27 12:05:20','2013-09-27 12:05:20','joker','jokerjokerjokerjokerjokerjokerjokerjokerjokerjokerjokerjokerjokerjokerjokerjoker','joker','joker',NULL,'77788778','INR','878788787897','joker',NULL,310),
(11,'2013-09-27 12:06:25','2013-09-27 12:06:25','nmnmm','jjjkkjkjkjjk','nmnm','nmnn',NULL,'98','INR','898989','nmnmnm',NULL,310),
(12,'2013-10-02 13:33:16','2013-10-02 13:33:16','iouoi','lk','kljlkj','RK PUB',NULL,'786','INR','0000000000000','lkj',NULL,316),
(13,'2013-10-03 10:12:27','2013-10-03 10:12:27','simon','don\'t miss it','rocky','koilaa',NULL,'900','INR','1010101010101','5th ',NULL,317),
(14,'2013-10-03 12:49:15','2013-10-03 12:49:15','tyutuytuytu','uiuiuiiiu','kjhkjhkjh','jhjhjhkhkj',NULL,'9889','INR','8777777777777','6uyiu',NULL,317),
(15,'2013-10-04 11:38:52','2013-10-04 11:38:52','joki','jokijokijokijokijokijokijokijokijokijoki','joki','joki',NULL,'98','INR','0000000000000','joki',NULL,318),
(16,'2013-11-11 11:38:13','2013-11-11 11:38:13','catch','science book','loreal','BSC',NULL,'1111','INR','1212121212121','6',NULL,323),
(17,'2013-11-11 11:43:14','2013-11-11 11:43:14','doggg','animal','dogi','dog',NULL,'1212121','INR','2323232323232','2',NULL,323),
(20,'2013-11-12 12:53:24','2013-11-12 12:53:24','hkjh','qwertyuio','dogi','dog',NULL,'1212121','INR','1212121212121','2',NULL,324),
(21,'2013-11-12 12:53:45','2013-11-12 12:53:45','hkjh','sdfghj','dogi','dog',NULL,'1212121','INR','1212121212121','2',NULL,324),
(22,'2013-12-27 12:09:13','2013-12-27 12:09:13','test id','sdfghj','dogi','dog',NULL,'1212121','INR','1212121212121','2',NULL,324),
(24,'2014-03-19 17:48:46','2014-03-19 17:48:46','jhkj','hkjhjhk','jhj','jhjkh',NULL,'89809','INR','1234567891234','jhhjh',NULL,340),
(25,'2014-03-19 17:51:28','2014-03-19 17:51:28','jhjk','hjjgg','jjhjkhjk','jkhjkh',NULL,'78687','INR','1234567891234','Vikas',NULL,340),
(26,'2014-03-28 11:18:54','2014-03-28 11:18:54','uioui','hjghjghgjg','uyuiyu','uyy',NULL,'78678','INR','1231231231231','uyyiuyiui',NULL,337);

/*Table structure for table `book_image` */

DROP TABLE IF EXISTS `book_image`;

CREATE TABLE `book_image` (
  `ID` bigint(10) NOT NULL AUTO_INCREMENT,
  `ALT` varchar(21) DEFAULT NULL,
  `IMAGE_PATH` varchar(255) NOT NULL,
  `IMAGE_PATH_BIG` varchar(255) NOT NULL,
  `BOOK_ID` bigint(10) NOT NULL,
  PRIMARY KEY (`ID`),
  KEY `FK_BOOK_IMAGE_BOOK_ID` (`BOOK_ID`)
) ENGINE=MyISAM AUTO_INCREMENT=26 DEFAULT CHARSET=latin1;

/*Data for the table `book_image` */

insert into `book_image` values 
(1,NULL,'/usr/local/userPhotos/BOOK/1/105-Create-Rose-Floral-Design-with-Step-by-Step-Nail-Art-Tutorial-01-e1348931673640.jpg','/usr/local/userPhotos/Big/BOOK/1/105-Create-Rose-Floral-Design-with-Step-by-Step-Nail-Art-Tutorial-01-e1348931673640.jpg',1),
(2,NULL,'/usr/local/userPhotos/BOOK/8/18.jpg','/usr/local/userPhotos/Big/BOOK/8/18.jpg',8),
(3,NULL,'/usr/local/userPhotos/BOOK/2/9kwesw6vjwx9se69.jpg','/usr/local/userPhotos/Big/BOOK/2/9kwesw6vjwx9se69.jpg',2),
(4,NULL,'/usr/local/userPhotos/BOOK/3/1320_309051809200778_238341337_n.jpg','/usr/local/userPhotos/Big/BOOK/3/1320_309051809200778_238341337_n.jpg',3),
(5,NULL,'/usr/local/userPhotos/BOOK/7/11767_530026560372665_1374584732_n.jpg','/usr/local/userPhotos/Big/BOOK/7/11767_530026560372665_1374584732_n.jpg',7),
(6,NULL,'/usr/local/userPhotos/BOOK/6/17416_513512168695662_2026408493_n.jpg','/usr/local/userPhotos/Big/BOOK/6/17416_513512168695662_2026408493_n.jpg',6),
(7,NULL,'/usr/local/userPhotos/BOOK/4/34715_358822404223645_1537193822_n.jpg','/usr/local/userPhotos/Big/BOOK/4/34715_358822404223645_1537193822_n.jpg',4),
(8,NULL,'/usr/local/userPhotos/BOOK/5/216230_470510266352987_2131456409_n.jpg','/usr/local/userPhotos/Big/BOOK/5/216230_470510266352987_2131456409_n.jpg',5),
(9,NULL,'/usr/local/userPhotos/BOOK/9/bloominginalaska-windows-wallpapers-hd.jpg','/usr/local/userPhotos/Big/BOOK/9/bloominginalaska-windows-wallpapers-hd.jpg',9),
(10,NULL,'/usr/local/userPhotos/BOOK/10/bloominginalaska-windows-wallpapers-hd.jpg','/usr/local/userPhotos/Big/BOOK/10/bloominginalaska-windows-wallpapers-hd.jpg',10),
(11,NULL,'/usr/local/userPhotos/BOOK/11/1063810_495312807211507_775072561_o.jpg','/usr/local/userPhotos/Big/BOOK/11/1063810_495312807211507_775072561_o.jpg',11),
(12,NULL,'/usr/local/userPhotos/BOOK/12/199481255_fdfe885f87_s.jpg','/usr/local/userPhotos/Big/BOOK/12/199481255_fdfe885f87_s.jpg',12),
(13,NULL,'/usr/local/userPhotos/BOOK/13/199481255_fdfe885f87_s.jpg','/usr/local/userPhotos/Big/BOOK/13/199481255_fdfe885f87_s.jpg',13),
(14,NULL,'/usr/local/userPhotos/BOOK/14/199481143_3c148d9dd3_s.jpg','/usr/local/userPhotos/Big/BOOK/14/199481143_3c148d9dd3_s.jpg',14),
(15,NULL,'/usr/local/userPhotos/BOOK/15/229228324_08223b70fa_s.jpg','/usr/local/userPhotos/Big/BOOK/15/229228324_08223b70fa_s.jpg',15),
(16,NULL,'/usr/local/userPhotos/BOOK/16/main.png','/usr/local/userPhotos/Big/BOOK/16/main.png',16),
(17,NULL,'/usr/local/userPhotos/BOOK/17/1381690_587333221303438_1072552433_n_-_Copy.jpg','/usr/local/userPhotos/Big/BOOK/17/1381690_587333221303438_1072552433_n_-_Copy.jpg',17),
(24,NULL,'/usr/local/userPhotos/BOOK/25/1476532_571893542883063_394917734_n.jpg','/usr/local/userPhotos/Big/BOOK/25/1476532_571893542883063_394917734_n.jpg',25),
(23,NULL,'/usr/local/userPhotos/BOOK/24/995421_593644664013109_1180970608_n.jpg','/usr/local/userPhotos/Big/BOOK/24/995421_593644664013109_1180970608_n.jpg',24),
(20,NULL,'/usr/local/userPhotos/BOOK/20/1381690_587333221303438_1072552433_n_-_Copy.jpg','/usr/local/userPhotos/Big/BOOK/20/1381690_587333221303438_1072552433_n_-_Copy.jpg',20),
(21,NULL,'/usr/local/userPhotos/BOOK/21/1381690_587333221303438_1072552433_n_-_Copy.jpg','/usr/local/userPhotos/Big/BOOK/21/1381690_587333221303438_1072552433_n_-_Copy.jpg',21),
(22,NULL,'/usr/local/userPhotos/BOOK/22/1476435_558998504180050_2080544610_n.jpg','/usr/local/userPhotos/Big/BOOK/22/1476435_558998504180050_2080544610_n.jpg',22),
(25,NULL,'/usr/local/userPhotos/BOOK/26/bam-shankar-bhole-nath-chilam-bhang.jpg','/usr/local/userPhotos/Big/BOOK/26/bam-shankar-bhole-nath-chilam-bhang.jpg',26);

/*Table structure for table `boutique` */

DROP TABLE IF EXISTS `boutique`;

CREATE TABLE `boutique` (
  `ID` bigint(10) NOT NULL AUTO_INCREMENT,
  `NAME` varchar(180) DEFAULT NULL,
  `DESCRIPTION` varchar(255) DEFAULT NULL,
  `COST_UNIT` varchar(10) NOT NULL DEFAULT 'INR',
  `COST` varchar(255) DEFAULT NULL,
  `SIZE` varchar(255) DEFAULT NULL,
  `SHOP_ID` bigint(10) DEFAULT NULL,
  `CREATED_DATE` datetime NOT NULL,
  `UPDATED_DATE` datetime NOT NULL,
  PRIMARY KEY (`ID`),
  KEY `FK_BUTIQUE_SHOP_ID` (`SHOP_ID`)
) ENGINE=MyISAM AUTO_INCREMENT=41 DEFAULT CHARSET=latin1;

/*Data for the table `boutique` */

insert into `boutique` values 
(1,'slkdjalskdjl','098','INR','87998','09809',300,'0000-00-00 00:00:00','0000-00-00 00:00:00'),
(2,'nmnmnmnm','988989','INR','56','89988989',300,'2013-10-01 17:02:41','2013-10-01 17:02:41'),
(3,'vikas','bnnb','INR','87','8778',300,'2013-10-01 17:18:12','2013-10-01 17:18:12'),
(4,'vikas','bnnb','INR','87','8778',300,'2013-10-01 17:19:05','2013-10-01 17:19:05'),
(5,'vikas','bnnb','INR','87','8778',300,'2013-10-01 17:19:10','2013-10-01 17:19:10'),
(6,'vikas','bnnb','INR','87','8778',300,'2013-10-01 17:19:26','2013-10-01 17:19:26'),
(7,'vikas','bnnb','INR','87','8778',300,'2013-10-01 17:24:27','2013-10-01 17:24:27'),
(8,'vikas','bnnb','INR','87','8778',300,'2013-10-01 17:35:55','2013-10-01 17:35:55'),
(9,'vikas','898989','INR','8','898989',300,'2013-10-01 18:19:01','2013-10-01 18:19:01'),
(32,'Cusion','50% off','INR','250','15 Inch',336,'2014-03-03 17:38:39','2014-03-03 17:38:39'),
(12,'kdjfladjfl','kjhkjh','INR','89','98',327,'2013-11-28 16:32:49','2013-11-28 16:32:49'),
(13,'jkjl','jkhk','INR','78','67',327,'2013-11-28 16:33:20','2013-11-28 16:33:20'),
(14,'kjlkj','hkhj','INR','544','876',327,'2013-11-28 16:34:00','2013-11-28 16:34:00'),
(15,'test1','test11','INR','123','123',328,'2013-12-04 10:47:22','2013-12-04 10:47:22'),
(16,'medicins','toxic','INR','890','50ml',330,'2014-03-03 10:04:53','2014-03-03 10:04:53'),
(17,'hi','hiiiii','INR','8689','78',326,'2013-12-27 11:51:50','2013-12-27 11:51:50'),
(18,'test1','jkhjkhkjhkjhk','INR','89','87',326,'2013-12-27 11:40:08','2013-12-27 11:40:08'),
(31,'hats','asdfgm','INR','1000','full',330,'2014-03-03 11:26:57','2014-03-03 11:26:57'),
(25,'hjh','gjhghjgjh','INR','87787','78787',334,'2014-02-10 17:46:52','2014-02-10 17:46:52'),
(26,'hkjh','hgjhghjghjggh','INR','87787','778ml',334,'2014-02-21 13:23:44','2014-02-21 13:23:44'),
(33,'hgjhg','jkhkjhkj','INR','4534354','jkhkjh',334,'2014-03-07 23:15:03','2014-03-07 23:15:03'),
(34,'iuyiuyi','m,,n,','INR','7887','khkjhjkhkj',334,'2014-03-07 23:15:50','2014-03-07 23:15:50'),
(35,'yui','gfdfdq','INR','4354','gfdgfd',334,'2014-03-07 23:16:28','2014-03-07 23:16:28'),
(36,'uyiuy','kjhkj','INR','879879','uyiuy',334,'2014-03-19 17:39:33','2014-03-19 17:39:33'),
(37,'uyiuy','kjhkj','INR','879879','uyiuy',334,'2014-03-19 17:39:45','2014-03-19 17:39:45'),
(38,'jkhkj','jhkjh','INR','89789','hjkhk',343,'2014-03-21 17:19:10','2014-03-21 17:19:10'),
(39,'kjhk','jkhk','INR','9787','uiyi',343,'2014-03-24 12:32:17','2014-03-24 12:32:17'),
(40,'kljl','jkhkhk','INR','7987987','jkhjk',334,'2014-03-28 11:17:23','2014-03-28 11:17:23');

/*Table structure for table `boutique_image` */

DROP TABLE IF EXISTS `boutique_image`;

CREATE TABLE `boutique_image` (
  `ID` bigint(10) NOT NULL AUTO_INCREMENT,
  `ALT` varchar(21) DEFAULT NULL,
  `IMAGE_PATH` varchar(255) NOT NULL,
  `IMAGE_PATH_BIG` varchar(255) NOT NULL,
  `BOUTIQUE_ID` bigint(10) DEFAULT NULL,
  PRIMARY KEY (`ID`),
  KEY `FK_BUTIQUE_IMAGE_BUTIQUE` (`BOUTIQUE_ID`)
) ENGINE=MyISAM AUTO_INCREMENT=54 DEFAULT CHARSET=latin1;

/*Data for the table `boutique_image` */

insert into `boutique_image` values 
(1,NULL,'/usr/local/userPhotos/BOUTIQUE/2/199481255_fdfe885f87_s.jpg','/usr/local/userPhotos/Big/BOUTIQUE/2/199481255_fdfe885f87_s.jpg',2),
(2,NULL,'/usr/local/userPhotos/BOUTIQUE/5/199481255_fdfe885f87_s.jpg','/usr/local/userPhotos/Big/BOUTIQUE/5/199481255_fdfe885f87_s.jpg',5),
(3,NULL,'/usr/local/userPhotos/BOUTIQUE/7/229228324_08223b70fa_s.jpg','/usr/local/userPhotos/Big/BOUTIQUE/7/229228324_08223b70fa_s.jpg',7),
(4,NULL,'/usr/local/userPhotos/BOUTIQUE/8/199481255_fdfe885f87_s.jpg','/usr/local/userPhotos/Big/BOUTIQUE/8/199481255_fdfe885f87_s.jpg',8),
(5,NULL,'/usr/local/userPhotos/BOUTIQUE/9/199481255_fdfe885f87_s.jpg','/usr/local/userPhotos/Big/BOUTIQUE/9/199481255_fdfe885f87_s.jpg',9),
(44,NULL,'/usr/local/userPhotos/BOUTIQUE/31/226745_213250335359976_4542807_n.jpg','/usr/local/userPhotos/Big/BOUTIQUE/31/226745_213250335359976_4542807_n.jpg',31),
(41,NULL,'/usr/local/userPhotos/BOUTIQUE/25/226745_213250335359976_4542807_n.jpg','/usr/local/userPhotos/Big/BOUTIQUE/25/226745_213250335359976_4542807_n.jpg',25),
(7,NULL,'/usr/local/userPhotos/BOUTIQUE/12/229228324_08223b70fa_s.jpg','/usr/local/userPhotos/Big/BOUTIQUE/12/229228324_08223b70fa_s.jpg',12),
(8,NULL,'/usr/local/userPhotos/BOUTIQUE/13/199481087_33ae73a8de_s.jpg','/usr/local/userPhotos/Big/BOUTIQUE/13/199481087_33ae73a8de_s.jpg',13),
(9,NULL,'/usr/local/userPhotos/BOUTIQUE/14/229228324_08223b70fa_s.jpg','/usr/local/userPhotos/Big/BOUTIQUE/14/229228324_08223b70fa_s.jpg',14),
(10,NULL,'/usr/local/userPhotos/BOUTIQUE/1/229228324_08223b70fa_s.jpg','/usr/local/userPhotos/Big/BOUTIQUE/1/229228324_08223b70fa_s.jpg',1),
(11,NULL,'/usr/local/userPhotos/BOUTIQUE/2/229228324_08223b70fa_s.jpg','/usr/local/userPhotos/Big/BOUTIQUE/2/229228324_08223b70fa_s.jpg',2),
(12,NULL,'/usr/local/userPhotos/BOUTIQUE/3/229228324_08223b70fa_s.jpg','/usr/local/userPhotos/Big/BOUTIQUE/3/229228324_08223b70fa_s.jpg',3),
(13,NULL,'/usr/local/userPhotos/BOUTIQUE/4/229228324_08223b70fa_s.jpg','/usr/local/userPhotos/Big/BOUTIQUE/4/229228324_08223b70fa_s.jpg',4),
(14,NULL,'/usr/local/userPhotos/BOUTIQUE/5/229228324_08223b70fa_s.jpg','/usr/local/userPhotos/Big/BOUTIQUE/5/229228324_08223b70fa_s.jpg',5),
(15,NULL,'/usr/local/userPhotos/BOUTIQUE/6/229228324_08223b70fa_s.jpg','/usr/local/userPhotos/Big/BOUTIQUE/6/229228324_08223b70fa_s.jpg',6),
(16,NULL,'/usr/local/userPhotos/BOUTIQUE/7/229228324_08223b70fa_s.jpg','/usr/local/userPhotos/Big/BOUTIQUE/7/229228324_08223b70fa_s.jpg',7),
(17,NULL,'/usr/local/userPhotos/BOUTIQUE/8/229228324_08223b70fa_s.jpg','/usr/local/userPhotos/Big/BOUTIQUE/8/229228324_08223b70fa_s.jpg',8),
(18,NULL,'/usr/local/userPhotos/BOUTIQUE/9/199481236_dc98b5abb3_s.jpg','/usr/local/userPhotos/Big/BOUTIQUE/9/199481236_dc98b5abb3_s.jpg',9),
(37,NULL,'/usr/local/userPhotos/BOUTIQUE/17/1455142_612410932150004_1164928356_n.jpg','/usr/local/userPhotos/Big/BOUTIQUE/17/1455142_612410932150004_1164928356_n.jpg',17),
(46,NULL,'/usr/local/userPhotos/BOUTIQUE/33/boutique_banner_images.jpg','/usr/local/userPhotos/Big/BOUTIQUE/33/boutique_banner_images.jpg',33),
(35,NULL,'/usr/local/userPhotos/BOUTIQUE/19/100_4438.JPG','/usr/local/userPhotos/Big/BOUTIQUE/19/100_4438.JPG',19),
(21,NULL,'/usr/local/userPhotos/BOUTIQUE/12/1456639_614098435291986_1515615659_n.jpg','/usr/local/userPhotos/Big/BOUTIQUE/12/1456639_614098435291986_1515615659_n.jpg',12),
(22,NULL,'/usr/local/userPhotos/BOUTIQUE/13/1451974_613168502074267_1569905781_s.jpg','/usr/local/userPhotos/Big/BOUTIQUE/13/1451974_613168502074267_1569905781_s.jpg',13),
(23,NULL,'/usr/local/userPhotos/BOUTIQUE/14/1476435_558998504180050_2080544610_n.jpg','/usr/local/userPhotos/Big/BOUTIQUE/14/1476435_558998504180050_2080544610_n.jpg',14),
(24,NULL,'/usr/local/userPhotos/BOUTIQUE/15/1456639_614098435291986_1515615659_n.jpg','/usr/local/userPhotos/Big/BOUTIQUE/15/1456639_614098435291986_1515615659_n.jpg',15),
(25,NULL,'/usr/local/userPhotos/BOUTIQUE/16/1507953_261169437393352_1695095558_n.jpg','/usr/local/userPhotos/Big/BOUTIQUE/16/1507953_261169437393352_1695095558_n.jpg',16),
(45,NULL,'/usr/local/userPhotos/BOUTIQUE/32/cusion.jpg','/usr/local/userPhotos/Big/BOUTIQUE/32/cusion.jpg',32),
(27,NULL,'/usr/local/userPhotos/BOUTIQUE/18/add-bgyellow.jpg','/usr/local/userPhotos/Big/BOUTIQUE/18/add-bgyellow.jpg',18),
(36,NULL,'/usr/local/userPhotos/BOUTIQUE/33/add-bg.jpg','/usr/local/userPhotos/Big/BOUTIQUE/33/add-bg.jpg',33),
(42,NULL,'/usr/local/userPhotos/BOUTIQUE/26/cch-70897-svle-a.jpg','/usr/local/userPhotos/Big/BOUTIQUE/26/cch-70897-svle-a.jpg',26),
(43,NULL,'/usr/local/userPhotos/BOUTIQUE/30/boutique_banner_images.jpg','/usr/local/userPhotos/Big/BOUTIQUE/30/boutique_banner_images.jpg',NULL),
(47,NULL,'/usr/local/userPhotos/BOUTIQUE/34/autumn-wallpaper-hd.jpg','/usr/local/userPhotos/Big/BOUTIQUE/34/autumn-wallpaper-hd.jpg',34),
(48,NULL,'/usr/local/userPhotos/BOUTIQUE/35/bam-shankar-bhole-nath-chilam-bhang.jpg','/usr/local/userPhotos/Big/BOUTIQUE/35/bam-shankar-bhole-nath-chilam-bhang.jpg',35),
(49,NULL,'/usr/local/userPhotos/BOUTIQUE/36/1476532_571893542883063_394917734_n.jpg','/usr/local/userPhotos/Big/BOUTIQUE/36/1476532_571893542883063_394917734_n.jpg',36),
(50,NULL,'/usr/local/userPhotos/BOUTIQUE/37/1476532_571893542883063_394917734_n.jpg','/usr/local/userPhotos/Big/BOUTIQUE/37/1476532_571893542883063_394917734_n.jpg',37),
(51,NULL,'/usr/local/userPhotos/BOUTIQUE/38/960100_371945906274477_81820131_n.jpg','/usr/local/userPhotos/Big/BOUTIQUE/38/960100_371945906274477_81820131_n.jpg',38),
(52,NULL,'/usr/local/userPhotos/BOUTIQUE/39/61263773_ZJCdrZk2j_1390970051.jpg','/usr/local/userPhotos/Big/BOUTIQUE/39/61263773_ZJCdrZk2j_1390970051.jpg',39),
(53,NULL,'/usr/local/userPhotos/BOUTIQUE/40/226745_213250335359976_4542807_n.jpg','/usr/local/userPhotos/Big/BOUTIQUE/40/226745_213250335359976_4542807_n.jpg',40);

/*Table structure for table `business` */

DROP TABLE IF EXISTS `business`;

CREATE TABLE `business` (
  `ID` int(255) NOT NULL,
  `BUSINESS` varchar(50) DEFAULT NULL,
  `IMAGE_PATH` varchar(255) DEFAULT NULL,
  PRIMARY KEY (`ID`)
) ENGINE=InnoDB DEFAULT CHARSET=latin1;

/*Data for the table `business` */

/*Table structure for table `business_banner_image` */

DROP TABLE IF EXISTS `business_banner_image`;

CREATE TABLE `business_banner_image` (
  `ID` bigint(10) NOT NULL AUTO_INCREMENT,
  `IMAGE_PATH` varchar(255) NOT NULL,
  `BUSINESS_ID` bigint(10) NOT NULL,
  `BUSINESS_TYPE` varchar(30) NOT NULL,
  `ALT` varchar(50) DEFAULT NULL,
  PRIMARY KEY (`ID`),
  KEY `FK_OWNER_IMAGE_OWNER` (`BUSINESS_ID`)
) ENGINE=MyISAM AUTO_INCREMENT=35 DEFAULT CHARSET=latin1;

/*Data for the table `business_banner_image` */

insert into `business_banner_image` values 
(3,'/usr/local/userPhotos/BUSINESS_BANNER/335/banner_online_shopping1.jpg',335,'local_business',NULL),
(2,'/usr/local/userPhotos/BUSINESS_BANNER/336/banner.png',336,'local_business',NULL),
(4,'/usr/local/userPhotos/BUSINESS_BANNER/334/contact.jpg',334,'local_business','contact.jpg'),
(5,'/usr/local/userPhotos/BUSINESS_BANNER/330/contact.jpg',330,'local_business',NULL),
(6,'/usr/local/userPhotos/BUSINESS_BANNER/12/add-bg.jpg',12,'real_estates','add-bg.jpg'),
(7,'/usr/local/userPhotos/BUSINESS_BANNER/3/contact.jpg',3,'company_organizations',NULL),
(8,'/usr/local/userPhotos/BUSINESS_BANNER/1/add-bg.jpg',1,'local_business',NULL),
(15,'/usr/local/userPhotos/BUSINESS_BANNER/337/helping_you_take_control.jpg',337,'local_business',NULL),
(26,'/usr/local/userPhotos/BUSINESS_BANNER/3/add-bggreen.jpg',3,'brand_or_products','add-bggreen.jpg'),
(25,'/usr/local/userPhotos/BUSINESS_BANNER/4/add-bgblue.jpg',4,'company_organizations','add-bgblue.jpg'),
(24,'/usr/local/userPhotos/BUSINESS_BANNER/340/add-bgyellow.jpg',340,'local_business','add-bgyellow.jpg'),
(23,'/usr/local/userPhotos/BUSINESS_BANNER/339/FILED-HOME_12.jpg',339,'local_business',NULL),
(22,'/usr/local/userPhotos/BUSINESS_BANNER/338/looking_for_work.jpg',338,'local_business',NULL),
(29,'/usr/local/userPhotos/BUSINESS_BANNER/343/IMG_28112013_174911.png',343,'local_business',NULL);

/*Table structure for table `business_image` */

DROP TABLE IF EXISTS `business_image`;

CREATE TABLE `business_image` (
  `ID` bigint(10) NOT NULL AUTO_INCREMENT,
  `IMAGE_PATH` varchar(255) NOT NULL,
  `BUSINESS_ID` bigint(10) NOT NULL,
  `BUSINESS_TYPE` varchar(50) NOT NULL,
  `ALT` varchar(50) DEFAULT NULL,
  PRIMARY KEY (`ID`),
  KEY `FK_OWNER_IMAGE_OWNER` (`BUSINESS_ID`)
) ENGINE=MyISAM AUTO_INCREMENT=42 DEFAULT CHARSET=latin1;

/*Data for the table `business_image` */

insert into `business_image` values 
(1,'/usr/local/userPhotos/BUSINESS/1/1471764_557221921032032_1469736954_a.jpg',1,'real_estates',NULL),
(3,'/usr/local/userPhotos/BUSINESS/1/1471764_557221921032032_1469736954_a.jpg',1,'company_organizations',NULL),
(6,'/usr/local/userPhotos/BUSINESS/2/city-wallpaper-1.jpg',2,'event_or_places',NULL),
(5,'/usr/local/userPhotos/BUSINESS/1/1063810_495312807211507_775072561_o.jpg',1,'brand_or_products',NULL),
(7,'/usr/local/userPhotos/BUSINESS/2/breaking-through-the-trees-1920x1080-wallpaper-7304.jpg',2,'brand_or_products',NULL),
(8,'/usr/local/userPhotos/BUSINESS/2/autumn-landscape-with-trees-1920x1080-wallpaper-11341.jpg',2,'company_organizations',NULL),
(9,'/usr/local/userPhotos/BUSINESS/3/candidate_help.png',3,'event_or_places','candidate_help.png'),
(10,'/usr/local/userPhotos/BUSINESS/2/city-wallpaper-1.jpg',2,'real_estates',NULL),
(11,'/usr/local/userPhotos/BUSINESS/100/v.jpg',100,'homes',NULL),
(12,'/usr/local/userPhotos/BUSINESS/12/add-bg.jpg',12,'real_estates','add-bg.jpg'),
(13,'/usr/local/userPhotos/BUSINESS/3/a.jpg',3,'company_organizations',NULL),
(15,'/usr/local/userPhotos/BUSINESS/1/61263773_ZJCdrZk2j_1390970051.jpg',1,'local_business','61263773_ZJCdrZk2j_1390970051.jpg'),
(22,'/usr/local/userPhotos/BUSINESS/337/ni-tax.jpg',337,'local_business','ni-tax.jpg'),
(29,'/usr/local/userPhotos/BUSINESS/338/candidate_help.png',338,'local_business','candidate_help.png'),
(20,'/usr/local/userPhotos/BUSINESS/334/boutique_banner_images.jpg',334,'local_business','boutique_banner_images.jpg'),
(30,'/usr/local/userPhotos/BUSINESS/339/job_vacancies.png',339,'local_business','job_vacancies.png'),
(31,'/usr/local/userPhotos/BUSINESS/340/add-bgyellow.jpg',340,'local_business','add-bgyellow.jpg'),
(32,'/usr/local/userPhotos/BUSINESS/4/1476435_558998504180050_2080544610_n.jpg',4,'company_organizations','1476435_558998504180050_2080544610_n.jpg'),
(33,'/usr/local/userPhotos/BUSINESS/3/1455142_612410932150004_1164928356_n.jpg',3,'brand_or_products','1455142_612410932150004_1164928356_n.jpg'),
(36,'/usr/local/userPhotos/BUSINESS/343/1476435_558998504180050_2080544610_n.jpg',343,'local_business','1476435_558998504180050_2080544610_n.jpg');

/*Table structure for table `business_name` */

DROP TABLE IF EXISTS `business_name`;

CREATE TABLE `business_name` (
  `ID` int(50) NOT NULL AUTO_INCREMENT,
  `BUSINESS_NAME` varchar(255) DEFAULT NULL,
  PRIMARY KEY (`ID`)
) ENGINE=InnoDB AUTO_INCREMENT=15 DEFAULT CHARSET=latin1;

/*Data for the table `business_name` */

insert into `business_name` values 
(5,'q'),
(6,'k'),
(7,'k'),
(8,'k'),
(9,'k'),
(10,'k'),
(11,'k'),
(12,'v'),
(13,'v'),
(14,'v');

/*Table structure for table `business_type` */

DROP TABLE IF EXISTS `business_type`;

CREATE TABLE `business_type` (
  `ID` int(10) unsigned NOT NULL AUTO_INCREMENT,
  `NAME` varchar(21) NOT NULL,
  PRIMARY KEY (`ID`)
) ENGINE=MyISAM AUTO_INCREMENT=7 DEFAULT CHARSET=utf8;

/*Data for the table `business_type` */

insert into `business_type` values 
(1,'Local Business'),
(2,'Company Organisation'),
(3,'Brand or Product'),
(4,'Real Estate'),
(5,'Event orPlace'),
(6,'Other');

/*Table structure for table `city` */

DROP TABLE IF EXISTS `city`;

CREATE TABLE `city` (
  `ID` bigint(10) NOT NULL AUTO_INCREMENT,
  `NAME` varchar(255) NOT NULL,
  `STATE` bigint(10) NOT NULL,
  PRIMARY KEY (`ID`),
  KEY `FK_CITY_STATE` (`STATE`)
) ENGINE=MyISAM AUTO_INCREMENT=74 DEFAULT CHARSET=latin1;

/*Data for the table `city` */

insert into `city` values 
(1,'Almora',27),
(2,'Askot',27),
(3,'Badrinathpuri',27),
(4,'Bageshwar',27),
(5,'Baijnath',27),
(6,'Barkot',27),
(7,'Champawat',27),
(8,'Dehradun',27),
(9,'Dev Prayag',27),
(10,'Dharchula Dehat',27),
(11,'Didihat',27),
(12,'Dineshpur',27),
(13,'Dogadda',27),
(14,'Doiwala',27),
(15,'Dwarahat',27),
(16,'Gadarpur',27),
(17,'Gochar',27),
(18,'Haridwar',27),
(19,'Kachnal Gosain',27),
(20,'Kaladungi',27),
(21,'Kashirampur',27),
(22,'Kela Khera',27),
(23,'Khatima',27),
(24,'Kichha',27),
(25,'Laksar',27),
(26,'Manglaur',27),
(27,'Mussoorie',27),
(28,'Nagla',27),
(29,'Nainital',27),
(30,'Naraini',27),
(31,'Narendra Nagar',27),
(32,'Pauri',27),
(33,'Pithoragarh',27),
(34,'Ranikhet',27),
(35,'Uttarakashi',27),
(36,'Rishikesh',27),
(37,'Chamoli',27),
(38,'Rudraprayag',27),
(39,'Udham Singh Nagar',27),
(40,'Haldwani',27),
(41,'Rudrapur',27),
(42,'Sitarganj',27),
(43,'Jageshwar',27),
(44,'Kosi',27),
(45,'Ramnagar',27),
(46,'Bazpur',27),
(47,'Bhimtal',27),
(48,'Bhowali',27),
(49,'Jaspur',27),
(50,'Pantnagar',27),
(51,'Lalkuan',27),
(52,'Kashipur',27),
(53,'Kathgodam',27),
(54,'Roorkee',27),
(55,'Kotdwar',27),
(56,'Shaharanpur',26),
(57,'Meerut',26),
(58,'Varanasi',26),
(59,'Mathura',26),
(60,'Aligarh',26),
(61,'Patiala',21),
(62,'Amritsar',21),
(63,'Jalandara',21),
(64,'Pathankot',21),
(65,'Lucknow',26),
(66,'Mohali',30),
(67,'Punchkula',30),
(68,'Manimajra',30),
(69,'Chandigarh',30),
(70,'Patiala',30),
(71,'Zirakpur',30),
(72,'New Delhi',36),
(73,'Gazipur',26);

/*Table structure for table `coaching_institute` */

DROP TABLE IF EXISTS `coaching_institute`;

CREATE TABLE `coaching_institute` (
  `ID` bigint(10) NOT NULL AUTO_INCREMENT,
  `UPDATED_DATE` datetime NOT NULL,
  `CREATED_DATE` datetime NOT NULL,
  `NAME` varchar(100) NOT NULL,
  `DESCRIPTION` longtext NOT NULL,
  PRIMARY KEY (`ID`)
) ENGINE=MyISAM AUTO_INCREMENT=5 DEFAULT CHARSET=latin1;

/*Data for the table `coaching_institute` */

/*Table structure for table `coaching_institute_gallery_image` */

DROP TABLE IF EXISTS `coaching_institute_gallery_image`;

CREATE TABLE `coaching_institute_gallery_image` (
  `ID` bigint(10) NOT NULL AUTO_INCREMENT,
  `TITLE` varchar(255) DEFAULT NULL,
  `DESCRIPTION` longtext,
  `IMAGE_PATH` varchar(255) NOT NULL,
  `IMAGE_PATH_BIG` varchar(255) NOT NULL,
  `COACHING_INSTITUTE_ID` bigint(10) NOT NULL,
  PRIMARY KEY (`ID`),
  KEY `FK_COACHING_INSTITUTE_GALLERY_IMAGE_COACHING_INSTITUTE_ID` (`COACHING_INSTITUTE_ID`)
) ENGINE=MyISAM AUTO_INCREMENT=11 DEFAULT CHARSET=latin1;

/*Data for the table `coaching_institute_gallery_image` */

/*Table structure for table `coaching_institute_image` */

DROP TABLE IF EXISTS `coaching_institute_image`;

CREATE TABLE `coaching_institute_image` (
  `ID` bigint(10) NOT NULL AUTO_INCREMENT,
  `IMAGE_PATH` varchar(255) NOT NULL,
  `IMAGE_PATH_BIG` varchar(255) NOT NULL,
  `COACHING_INSTITUTE_ID` bigint(10) NOT NULL,
  PRIMARY KEY (`ID`),
  KEY `FK_COACHING_INSTITUTE_IMAGE_COACHING_INSTITUTE_ID` (`COACHING_INSTITUTE_ID`)
) ENGINE=MyISAM AUTO_INCREMENT=4 DEFAULT CHARSET=latin1;

/*Data for the table `coaching_institute_image` */

/*Table structure for table `coaching_institute_tab` */

DROP TABLE IF EXISTS `coaching_institute_tab`;

CREATE TABLE `coaching_institute_tab` (
  `ID` bigint(10) NOT NULL AUTO_INCREMENT,
  `DESCRIPTION` longtext NOT NULL,
  `NAME` varchar(255) NOT NULL,
  `COACHING_INSTITUTE_ID` bigint(10) NOT NULL,
  PRIMARY KEY (`ID`),
  KEY `FK_COACHING_INSTITUTE_TAB_COACHING_INSTITUTE_ID` (`COACHING_INSTITUTE_ID`)
) ENGINE=MyISAM AUTO_INCREMENT=12 DEFAULT CHARSET=latin1;

/*Data for the table `coaching_institute_tab` */

/*Table structure for table `coaching_institute_tab_image` */

DROP TABLE IF EXISTS `coaching_institute_tab_image`;

CREATE TABLE `coaching_institute_tab_image` (
  `ID` bigint(10) NOT NULL AUTO_INCREMENT,
  `IMAGE_PATH` varchar(255) NOT NULL,
  `COACHING_INSTITUTE_TAB_ID` bigint(10) NOT NULL,
  PRIMARY KEY (`ID`),
  KEY `FK_COACHING_INSTITUTE_TAB_IMAGE_COACHING_INSTITUTE_TAB_ID` (`COACHING_INSTITUTE_TAB_ID`)
) ENGINE=MyISAM DEFAULT CHARSET=latin1;

/*Data for the table `coaching_institute_tab_image` */

/*Table structure for table `company` */

DROP TABLE IF EXISTS `company`;

CREATE TABLE `company` (
  `ID` bigint(10) NOT NULL AUTO_INCREMENT,
  `UPDATED_DATE` datetime NOT NULL,
  `CREATED_DATE` datetime NOT NULL,
  `NAME` varchar(255) NOT NULL,
  `DESCRIPTION` longtext,
  `STANDARD` varchar(255) DEFAULT NULL,
  `ISO_CERTIFIED` varchar(255) DEFAULT NULL,
  `STRENGTH` varchar(255) DEFAULT NULL,
  `OWNER_ID` bigint(10) DEFAULT NULL,
  `ADDRESS` bigint(10) DEFAULT NULL,
  `OWNER_ADMIN` bigint(10) DEFAULT NULL,
  `WEBSITE_URL` varchar(255) DEFAULT NULL,
  `COMPANY_ORGANIZATION_ID` bigint(10) NOT NULL,
  PRIMARY KEY (`ID`),
  UNIQUE KEY `NAME` (`NAME`),
  KEY `FK_COMPANY_ADDRESS` (`ADDRESS`),
  KEY `FK_COMPANY_OWNER` (`OWNER_ID`),
  KEY `FK_COMPANY_OWNER_ADMIN` (`OWNER_ADMIN`)
) ENGINE=MyISAM AUTO_INCREMENT=8 DEFAULT CHARSET=latin1;

/*Data for the table `company` */

insert into `company` values 
(1,'2014-03-10 12:03:02','2014-03-10 12:03:02','Try It nag','iso certifiedjjjj',NULL,NULL,NULL,740,NULL,NULL,NULL,1),
(2,'2014-03-10 11:57:15','2014-03-10 11:57:15','Jabong','50+70% OFF',NULL,NULL,NULL,740,NULL,NULL,NULL,1),
(3,'2014-03-10 11:57:50','2014-03-10 11:57:50','Desasterv','full fill bj',NULL,NULL,NULL,740,NULL,NULL,NULL,1),
(4,'2014-03-09 19:51:51','2014-03-09 19:51:51','designer company','ha ha ha',NULL,NULL,NULL,NULL,NULL,NULL,NULL,2),
(5,'2014-03-19 17:55:07','2014-03-19 17:55:07','jhkjhj','jjhkjhkj',NULL,NULL,NULL,NULL,NULL,NULL,NULL,4),
(6,'2014-03-25 10:19:17','2014-03-25 10:19:17','kjhk','jhkjkjhkhjk',NULL,NULL,NULL,NULL,NULL,NULL,NULL,1),
(7,'2014-04-24 11:09:55','2014-04-24 11:09:55','hi','jkhkjhk',NULL,NULL,NULL,NULL,NULL,NULL,NULL,4);

/*Table structure for table `company_image` */

DROP TABLE IF EXISTS `company_image`;

CREATE TABLE `company_image` (
  `ID` bigint(10) NOT NULL AUTO_INCREMENT,
  `IMAGE_PATH` varchar(255) NOT NULL,
  `COMPANY_ID` bigint(10) NOT NULL,
  `IMAGE_PATH_BIG` varchar(255) NOT NULL,
  PRIMARY KEY (`ID`),
  KEY `FK_COMPANY_IMAGE_COMPANY_ID` (`COMPANY_ID`)
) ENGINE=MyISAM AUTO_INCREMENT=8 DEFAULT CHARSET=latin1;

/*Data for the table `company_image` */

insert into `company_image` values 
(1,'/usr/local/userPhotos/COMPANY/1/autumn-landscape-with-trees-1920x1080-wallpaper-11341.jpg',1,'/usr/local/userPhotos/Big/COMPANY/1/autumn-landscape-with-trees-1920x1080-wallpaper-11341.jpg'),
(2,'/usr/local/userPhotos/COMPANY/2/1476532_571893542883063_394917734_n.jpg',2,'/usr/local/userPhotos/Big/COMPANY/2/1476532_571893542883063_394917734_n.jpg'),
(3,'/usr/local/userPhotos/COMPANY/3/city-wallpaper-1.jpg',3,'/usr/local/userPhotos/Big/COMPANY/3/city-wallpaper-1.jpg'),
(4,'/usr/local/userPhotos/COMPANY/4/1507953_261169437393352_1695095558_n.jpg',4,'/usr/local/userPhotos/Big/COMPANY/4/1507953_261169437393352_1695095558_n.jpg'),
(5,'/usr/local/userPhotos/COMPANY/5/995421_593644664013109_1180970608_n.jpg',5,'/usr/local/userPhotos/Big/COMPANY/5/995421_593644664013109_1180970608_n.jpg'),
(6,'/usr/local/userPhotos/COMPANY/6/DSC01743.JPG',6,'/usr/local/userPhotos/Big/COMPANY/6/DSC01743.JPG'),
(7,'/usr/local/userPhotos/COMPANY/7/995421_593644664013109_1180970608_n.jpg',7,'/usr/local/userPhotos/Big/COMPANY/7/995421_593644664013109_1180970608_n.jpg');

/*Table structure for table `company_organization` */

DROP TABLE IF EXISTS `company_organization`;

CREATE TABLE `company_organization` (
  `ID` bigint(10) NOT NULL AUTO_INCREMENT,
  `UPDATED_DATE` datetime NOT NULL,
  `CREATED_DATE` datetime NOT NULL,
  `NAME` varchar(255) NOT NULL,
  `DESCRIPTION` longtext,
  `ADDRESS` bigint(10) DEFAULT NULL,
  `USER_ID` bigint(10) NOT NULL,
  `STATUS` int(6) DEFAULT NULL,
  `MOBILE_NUMBER` varchar(21) DEFAULT NULL,
  `TOTAL_PRICE` int(10) DEFAULT '0',
  `IS_ACTIVE` tinyint(1) DEFAULT '0',
  `IS_PAID` tinyint(1) DEFAULT '0',
  PRIMARY KEY (`ID`),
  KEY `FK_SHOP_ADDRESS` (`ADDRESS`)
) ENGINE=MyISAM AUTO_INCREMENT=5 DEFAULT CHARSET=latin1;

/*Data for the table `company_organization` */

insert into `company_organization` values 
(1,'2014-01-21 11:59:39','2014-01-21 11:59:39','Aqua Fresh','asdfghjk',3267,740,NULL,'9887676554',0,0,0),
(2,'2014-01-22 22:16:40','2014-01-22 22:16:40','farzi','asdfghjk',3274,740,NULL,'9887676554',0,0,0),
(3,'2014-03-11 15:50:51','2014-03-11 15:50:51','Hero','<p>Hero motocop</p>\r\n',3306,740,NULL,'8978675654',0,0,0),
(4,'2014-03-19 18:02:58','2014-03-19 18:02:58','L & T co-orporations','<p>l &amp; t</p>\r\n',3323,773,NULL,'8978675654',0,0,0);

/*Table structure for table `company_tab` */

DROP TABLE IF EXISTS `company_tab`;

CREATE TABLE `company_tab` (
  `ID` bigint(10) NOT NULL AUTO_INCREMENT,
  `NAME` varchar(255) NOT NULL,
  `DESCRIPTION` longtext NOT NULL,
  `COMPANY_ID` bigint(10) NOT NULL,
  PRIMARY KEY (`ID`),
  KEY `FK_COMPANY_TAB_ID` (`COMPANY_ID`)
) ENGINE=MyISAM AUTO_INCREMENT=6 DEFAULT CHARSET=latin1;

/*Data for the table `company_tab` */

/*Table structure for table `complex` */

DROP TABLE IF EXISTS `complex`;

CREATE TABLE `complex` (
  `ID` bigint(10) NOT NULL AUTO_INCREMENT,
  `UPDATED_DATE` datetime NOT NULL,
  `CREATED_DATE` datetime NOT NULL,
  `NAME` varchar(255) NOT NULL,
  `DESCRIPTION` varchar(255) NOT NULL,
  `SIZE` varchar(255) NOT NULL,
  `COST` double NOT NULL DEFAULT '0',
  `OWNER_TYPE` varchar(255) DEFAULT NULL,
  `OWNER_ADMIN` bigint(10) DEFAULT NULL,
  `COST_UNIT` varchar(10) NOT NULL DEFAULT 'INR',
  `USER_ID` bigint(10) NOT NULL,
  `REAL_ESTATE_ID` bigint(10) NOT NULL,
  PRIMARY KEY (`ID`),
  KEY `FK_COMPLEX_OWNER_ADMIN` (`OWNER_ADMIN`)
) ENGINE=MyISAM AUTO_INCREMENT=2 DEFAULT CHARSET=latin1;

/*Data for the table `complex` */

insert into `complex` values 
(1,'2014-03-05 23:01:03','2014-03-05 23:01:03','Rohini Complex','sdfghjk','2000',8000,NULL,NULL,'INR',740,1);

/*Table structure for table `complex_address` */

DROP TABLE IF EXISTS `complex_address`;

CREATE TABLE `complex_address` (
  `ID` bigint(10) NOT NULL AUTO_INCREMENT,
  `STREET_NAME` varchar(255) DEFAULT NULL,
  `AREA_NAME` varchar(255) DEFAULT NULL,
  `AREA_CODE` varchar(21) DEFAULT NULL,
  `COUNTRY` varchar(25) DEFAULT NULL,
  `STATE` varchar(25) DEFAULT NULL,
  `CITY` varchar(25) DEFAULT NULL,
  `COMPLEX_ID` bigint(10) DEFAULT NULL,
  PRIMARY KEY (`ID`)
) ENGINE=InnoDB AUTO_INCREMENT=2 DEFAULT CHARSET=latin1;

/*Data for the table `complex_address` */

insert into `complex_address` values 
(1,'Chakrata Road','Near Ghanta Garh','248001','98','27','8',1);

/*Table structure for table `complex_image` */

DROP TABLE IF EXISTS `complex_image`;

CREATE TABLE `complex_image` (
  `ID` bigint(10) NOT NULL AUTO_INCREMENT,
  `ALT` varchar(21) DEFAULT NULL,
  `IMAGE_PATH` varchar(255) NOT NULL,
  `IMAGE_PATH_BIG` varchar(255) DEFAULT NULL,
  `COMPLEX_ID` bigint(10) NOT NULL,
  PRIMARY KEY (`ID`),
  KEY `FK_COMPLEX_IMAGE_COMPLEX_ID` (`COMPLEX_ID`)
) ENGINE=MyISAM AUTO_INCREMENT=2 DEFAULT CHARSET=latin1;

/*Data for the table `complex_image` */

insert into `complex_image` values 
(1,NULL,'/usr/local/userPhotos/COMPLEX/1/1063810_495312807211507_775072561_o.jpg','/usr/local/userPhotos/Big/COMPLEX/1/1063810_495312807211507_775072561_o.jpg',1);

/*Table structure for table `computer` */

DROP TABLE IF EXISTS `computer`;

CREATE TABLE `computer` (
  `ID` bigint(10) NOT NULL AUTO_INCREMENT,
  `UPDATED_DATE` datetime NOT NULL,
  `CREATED_DATE` datetime NOT NULL,
  `NAME` varchar(100) NOT NULL,
  `DESCRIPTION` varchar(255) NOT NULL,
  `MODEL` varchar(21) NOT NULL,
  `PROCESSOR` varchar(21) NOT NULL,
  `MOTHERBOARD` varchar(100) NOT NULL,
  `RAM` varchar(11) NOT NULL,
  `HARD_DISK_DRIVE` varchar(21) NOT NULL,
  `CABINET` varchar(100) DEFAULT NULL,
  `KEYBOARD` varchar(21) DEFAULT NULL,
  `MOUSE` varchar(21) DEFAULT NULL,
  `UPS` varchar(21) DEFAULT NULL,
  `MONITOR` varchar(50) NOT NULL,
  `SPEAKER` varchar(50) DEFAULT NULL,
  `COST` varchar(255) NOT NULL,
  `COST_UNIT` varchar(10) NOT NULL DEFAULT 'INR',
  `OPERATING_SYSTEM` varchar(50) NOT NULL,
  `WARRANTY` varchar(11) NOT NULL,
  `SHOP_ID` bigint(10) NOT NULL,
  PRIMARY KEY (`ID`),
  KEY `FK_COMPUTER_SHOP_ID` (`SHOP_ID`)
) ENGINE=MyISAM AUTO_INCREMENT=9 DEFAULT CHARSET=latin1;

/*Data for the table `computer` */

insert into `computer` values 
(1,'2013-08-01 17:10:33','2013-08-01 17:10:33','edytghb','vjbkjnkjm 1324567890 ,./;\'[]\\','dtyhfh','','','','','','','','','','','1555456','INR','','4324',3),
(2,'2013-08-02 17:11:51','2013-08-02 17:11:51','nvknsvk','cvjhnkmdtfyujhjk 1230456987 ,./;\'[]\\@#$%&','nkjnk','','','','','','','','','','','47764523','INR','','74645 ghj',3),
(3,'2013-08-01 17:12:46','2013-08-01 17:12:46','ioujij','xcfghbnjkm,iujih 13203654789','bkhhnkn','','','','','','','','','','','1541352','INR','','755 vkjdk',3),
(4,'2013-08-01 17:13:28','2013-08-01 17:13:28',' ghksfhkd','sertgyhujiop./,;\'[]\\123654889','vkjvnkds','','','','','','','','','','','45','INR','','768465',3),
(5,'2013-08-01 17:14:27','2013-08-01 17:14:27','yuio','zxcvbnm,asdfghjklqwertyuiop123455568,./;\'[]\\','xcvbn','','','','','','','','','','','7798654','INR','','454 hvkhjsd',3),
(6,'2013-08-01 17:15:11','2013-08-01 17:15:11','vbskjvjks','qwertyuiopjhgfdsa 2589631470 ,./;\'[]\\','hkhnk','','','','','','','','','','','7575','INR','','75vksnvks',3),
(7,'2013-08-01 17:16:29','2013-08-01 17:16:29','bvjsbvjs','vuygbjnmmjm 2589631470 ,./;\'[]\\','uiufjksjk','','','','','','','','','','','7542','INR','','fygvh46456',3),
(8,'2013-08-01 17:18:01','2013-08-01 17:18:01','vbkjsnks','fuyhkjm 846213970 ,./;\'[]\\@#$%&','yiujkjk','','','','','','','','','','','742572','INR','','7666',3);

/*Table structure for table `computer_image` */

DROP TABLE IF EXISTS `computer_image`;

CREATE TABLE `computer_image` (
  `ID` bigint(10) NOT NULL AUTO_INCREMENT,
  `ALT` varchar(21) DEFAULT NULL,
  `IMAGE_PATH` varchar(255) NOT NULL,
  `IMAGE_PATH_BIG` varchar(255) NOT NULL,
  `COMPUTER_ID` bigint(10) NOT NULL,
  PRIMARY KEY (`ID`),
  KEY `FK_COMPUTER_IMAGE_COMPUTER_ID` (`COMPUTER_ID`)
) ENGINE=MyISAM AUTO_INCREMENT=9 DEFAULT CHARSET=latin1;

/*Data for the table `computer_image` */

insert into `computer_image` values 
(1,NULL,'/usr/local/userPhotos/COMPUTER/1/2d440392c25a3210f344316cf8a147c8.jpg','/usr/local/userPhotos/Big/COMPUTER/1/2d440392c25a3210f344316cf8a147c8.jpg',1),
(2,NULL,'/usr/local/userPhotos/COMPUTER/2/04-Shraddha-kapoor-Wallpaper-Aashiqui-2.jpg','/usr/local/userPhotos/Big/COMPUTER/2/04-Shraddha-kapoor-Wallpaper-Aashiqui-2.jpg',2),
(3,NULL,'/usr/local/userPhotos/COMPUTER/3/1DSCF5844_copy.jpg','/usr/local/userPhotos/Big/COMPUTER/3/1DSCF5844_copy.jpg',3),
(4,NULL,'/usr/local/userPhotos/COMPUTER/4/2-lng-hoa-trang-tr-cho-nhng-dp-c-bit.jpg','/usr/local/userPhotos/Big/COMPUTER/4/2-lng-hoa-trang-tr-cho-nhng-dp-c-bit.jpg',4),
(5,NULL,'/usr/local/userPhotos/COMPUTER/5/3-hibiscus-flowers.png','/usr/local/userPhotos/Big/COMPUTER/5/3-hibiscus-flowers.png',5),
(6,NULL,'/usr/local/userPhotos/COMPUTER/6/232415-flowers-bouquet-vase-bow-flower-buds-wallpaper-wallpapeprscraft.jpg','/usr/local/userPhotos/Big/COMPUTER/6/232415-flowers-bouquet-vase-bow-flower-buds-wallpaper-wallpapeprscraft.jpg',6),
(7,NULL,'/usr/local/userPhotos/COMPUTER/7/84910-joyclaywedding.jpg','/usr/local/userPhotos/Big/COMPUTER/7/84910-joyclaywedding.jpg',7),
(8,NULL,'/usr/local/userPhotos/COMPUTER/8/393112.jpg','/usr/local/userPhotos/Big/COMPUTER/8/393112.jpg',8);

/*Table structure for table `cosmetic` */

DROP TABLE IF EXISTS `cosmetic`;

CREATE TABLE `cosmetic` (
  `ID` bigint(10) NOT NULL AUTO_INCREMENT,
  `UPDATED_DATE` datetime NOT NULL,
  `CREATED_DATE` datetime NOT NULL,
  `NAME` varchar(255) NOT NULL,
  `DESCRIPTION` varchar(255) NOT NULL,
  `TYPE` varchar(255) DEFAULT NULL,
  `COST` varchar(255) NOT NULL,
  `COST_UNIT` varchar(10) NOT NULL DEFAULT 'INR',
  `SHOP_ID` bigint(10) DEFAULT NULL,
  PRIMARY KEY (`ID`),
  KEY `FK_BOOK_SHOP_ID` (`SHOP_ID`)
) ENGINE=MyISAM DEFAULT CHARSET=latin1;

/*Data for the table `cosmetic` */

/*Table structure for table `cosmetic_image` */

DROP TABLE IF EXISTS `cosmetic_image`;

CREATE TABLE `cosmetic_image` (
  `ID` bigint(10) NOT NULL AUTO_INCREMENT,
  `ALT` varchar(21) DEFAULT NULL,
  `IMAGE_PATH` varchar(255) NOT NULL,
  `IMAGE_PATH_BIG` varchar(255) NOT NULL,
  `COSMETIC_ID` bigint(10) NOT NULL,
  PRIMARY KEY (`ID`),
  KEY `FK_BOOK_IMAGE_BOOK_ID` (`COSMETIC_ID`)
) ENGINE=MyISAM DEFAULT CHARSET=latin1;

/*Data for the table `cosmetic_image` */

/*Table structure for table `country` */

DROP TABLE IF EXISTS `country`;

CREATE TABLE `country` (
  `ID` bigint(10) NOT NULL AUTO_INCREMENT,
  `NAME` varchar(255) NOT NULL,
  PRIMARY KEY (`ID`),
  UNIQUE KEY `NAME` (`NAME`)
) ENGINE=MyISAM AUTO_INCREMENT=238 DEFAULT CHARSET=latin1;

/*Data for the table `country` */

insert into `country` values 
(1,'Afghanistan'),
(2,'Albania'),
(3,'Algeria'),
(4,'American Samoa'),
(5,'Andorra'),
(6,'Angola'),
(7,'Anguilla'),
(8,'Antarctica'),
(9,'Antigua And Barbuda'),
(10,'Argentina'),
(11,'Armenia'),
(12,'Aruba'),
(13,'Australia'),
(14,'Austria'),
(15,'Azerbaijan'),
(16,'Bahamas'),
(17,'Bahrain'),
(18,'Bangladesh'),
(19,'Barbados'),
(20,'Belarus'),
(21,'Belgium'),
(22,'Belize'),
(23,'Benin'),
(24,'Bermuda'),
(25,'Bhutan'),
(26,'Bolivia'),
(27,'Bosnia And Herzegovina'),
(28,'Botswana'),
(29,'Bouvet Island'),
(30,'Brazil'),
(31,'British Indian Ocean Territory'),
(32,'Brunei Darussalam'),
(33,'Bulgaria'),
(34,'Burkina Faso'),
(35,'Burundi'),
(36,'Cambodia'),
(37,'Cameroon'),
(38,'Canada'),
(39,'Cape Verde'),
(40,'Cayman Islands'),
(41,'Central African Republic'),
(42,'Chad'),
(43,'Chile'),
(44,'China'),
(45,'Christmas Island'),
(46,'Cocos (Keeling) Islands'),
(47,'Colombia'),
(48,'Comoros'),
(49,'Congo'),
(50,'Cook Islands'),
(51,'Costa Rica'),
(52,'Cote D\'Ivoire'),
(53,'Croatia (Local Name: Hrvatska)'),
(54,'Cuba'),
(55,'Cyprus'),
(56,'Czech Republic'),
(57,'Denmark'),
(58,'Djibouti'),
(59,'Dominica'),
(60,'Dominican Republic'),
(61,'Ecuador'),
(62,'Egypt'),
(63,'El Salvador'),
(64,'Equatorial Guinea'),
(65,'Eritrea'),
(66,'Estonia'),
(67,'Ethiopia'),
(68,'Falkland Islands (Malvinas)'),
(69,'Faroe Islands'),
(70,'Fiji'),
(71,'Finland'),
(72,'France'),
(73,'France, Metropolitan'),
(74,'French Guiana'),
(75,'French Polynesia'),
(76,'French Southern Territories'),
(77,'Gabon'),
(78,'Gambia'),
(79,'Georgia'),
(80,'Germany'),
(81,'Ghana'),
(82,'Gibraltar'),
(83,'Greece'),
(84,'Greenland'),
(85,'Grenada'),
(86,'Guadeloupe'),
(87,'Guam'),
(88,'Guatemala'),
(89,'Guinea'),
(90,'Guinea-Bissau'),
(91,'Guyana'),
(92,'Haiti'),
(93,'Heard Island &amp; Mcdonald Islands'),
(94,'Honduras'),
(95,'Hong Kong'),
(96,'Hungary'),
(97,'Iceland'),
(98,'India'),
(99,'Indonesia'),
(100,'Iran, Islamic Republic Of'),
(101,'Iraq'),
(102,'Ireland'),
(103,'Israel'),
(104,'Italy'),
(105,'Jamaica'),
(106,'Japan'),
(107,'Jordan'),
(108,'Kazakhstan'),
(109,'Kenya'),
(110,'Kiribati'),
(111,'Korea, Democratic People\'S Republic Of'),
(112,'Korea, Republic Of'),
(113,'Kuwait'),
(114,'Kyrgyzstan'),
(115,'Lao People\'S Democratic Republic'),
(116,'Latvia'),
(117,'Lebanon'),
(118,'Lesotho'),
(119,'Liberia'),
(120,'Libyan Arab Jamahiriya'),
(121,'Liechtenstein'),
(122,'Lithuania'),
(123,'Luxembourg'),
(124,'Macau'),
(125,'Macedonia, The Former Yugoslav Republic Of'),
(126,'Madagascar'),
(127,'Malawi'),
(128,'Malaysia'),
(129,'Maldives'),
(130,'Mali'),
(131,'Malta'),
(132,'Marshall Islands'),
(133,'Martinique'),
(134,'Mauritania'),
(135,'Mauritius'),
(136,'Mayotte'),
(137,'Mexico'),
(138,'Micronesia, Federated States Of'),
(139,'Moldova, Republic Of'),
(140,'Monaco'),
(141,'Mongolia'),
(142,'Montserrat'),
(143,'Morocco'),
(144,'Mozambique'),
(145,'Myanmar'),
(146,'Namibia'),
(147,'Nauru'),
(148,'Nepal'),
(149,'Netherlands'),
(150,'Netherlands Antilles'),
(151,'New Caledonia'),
(152,'New Zealand'),
(153,'Nicaragua'),
(154,'Niger'),
(155,'Nigeria'),
(156,'Niue'),
(157,'Norfolk Island'),
(158,'Northern Mariana Islands'),
(159,'Norway'),
(160,'Oman'),
(161,'Pakistan'),
(162,'Palau'),
(163,'Panama'),
(164,'Papua New Guinea'),
(165,'Paraguay'),
(166,'Peru'),
(167,'Philippines'),
(168,'Pitcairn'),
(169,'Poland'),
(170,'Portugal'),
(171,'Puerto Rico'),
(172,'Qatar'),
(173,'Reunion'),
(174,'Romania'),
(175,'Russian Federation'),
(176,'Rwanda'),
(177,'Saint Helena'),
(178,'Saint Kitts And Nevis'),
(179,'Saint Lucia'),
(180,'Saint Pierre And Miquelon'),
(181,'Saint Vincent And The Grenadines'),
(182,'Samoa'),
(183,'San Marino'),
(184,'Sao Tome And Principe'),
(185,'Saudi Arabia'),
(186,'Senegal'),
(187,'Seychelles'),
(188,'Sierra Leone'),
(189,'Singapore'),
(190,'Slovakia (Slovak Republic)'),
(191,'Slovenia'),
(192,'Solomon Islands'),
(193,'Somalia'),
(194,'South Africa'),
(195,'Spain'),
(196,'Sri Lanka'),
(197,'Sudan'),
(198,'Suriname'),
(199,'Svalbard And Jan Mayen Islands'),
(200,'Swaziland'),
(201,'Sweden'),
(202,'Switzerland'),
(203,'Syrian Arab Republic'),
(204,'Taiwan, Province Of China'),
(205,'Tajikistan'),
(206,'Tanzania, United Republic Of'),
(207,'Thailand'),
(208,'Togo'),
(209,'Tokelau'),
(210,'Tonga'),
(211,'Trinidad And Tobago'),
(212,'Tunisia'),
(213,'Turkey'),
(214,'Turkmenistan'),
(215,'Turks And Caicos Islands'),
(216,'Tuvalu'),
(217,'Uganda'),
(218,'Ukraine'),
(219,'United Arab Emirates'),
(220,'United Kingdom'),
(221,'United States'),
(222,'United States Minor Outlying Islands'),
(223,'Uruguay'),
(224,'Uzbekistan'),
(225,'Vanuatu'),
(226,'Vatican City State (Holy See)'),
(227,'Venezuela'),
(228,'Viet Nam'),
(229,'Virgin Islands (British)'),
(230,'Virgin Islands (U.S.)'),
(231,'Wallis And Futuna Islands'),
(232,'Western Sahara'),
(233,'Yemen'),
(234,'Yugoslavia'),
(235,'Zaire'),
(236,'Zambia'),
(237,'Zimbabwe');

/*Table structure for table `designer_cloth` */

DROP TABLE IF EXISTS `designer_cloth`;

CREATE TABLE `designer_cloth` (
  `ID` bigint(20) NOT NULL AUTO_INCREMENT,
  `NAME` varchar(255) NOT NULL,
  `DESCRIPTION` varchar(255) NOT NULL,
  `COST_UNIT` varchar(10) NOT NULL DEFAULT 'INR',
  `COST` varchar(255) NOT NULL,
  `SIZE` varchar(255) DEFAULT NULL,
  `SHOP_ID` bigint(10) NOT NULL,
  `CREATED_DATE` datetime NOT NULL,
  `UPDATED_DATE` datetime NOT NULL,
  PRIMARY KEY (`ID`),
  KEY `FK_DESIGNER_CLOTHE_SHOP_ID` (`SHOP_ID`)
) ENGINE=MyISAM AUTO_INCREMENT=29 DEFAULT CHARSET=latin1;

/*Data for the table `designer_cloth` */

insert into `designer_cloth` values 
(1,'bvjdbj','bknknknk 46854541 /.;,\'[]\\','INR','787','fujsbvjs',306,'0000-00-00 00:00:00','0000-00-00 00:00:00'),
(2,'nhikjk','hvkhkvdj 1356467489 ,./\'\\][;','INR','6746','787 hkhk',306,'0000-00-00 00:00:00','0000-00-00 00:00:00'),
(3,'bjhbj','bjkdnk 76463','INR','465463','789 hhkj',306,'0000-00-00 00:00:00','0000-00-00 00:00:00'),
(4,'edtrrfytgf','kjbndnbgd /.,;\'\\][ 1365464','INR','44','789 gujbj',306,'0000-00-00 00:00:00','0000-00-00 00:00:00'),
(5,'ghehfjhbj','sdfghjkcvb ,,./\';[]\\@#$%&','INR','45412','78 hikjhk',6,'0000-00-00 00:00:00','0000-00-00 00:00:00'),
(6,'fytgfhgb','gjhbjkn /.,;\'[]\\@#$%&','INR','766','56 gujhkj',6,'0000-00-00 00:00:00','0000-00-00 00:00:00'),
(7,'bjbnhjk','87465 ./\\]\'[;, dyfhgbjmn','INR','646','54645 guhk',6,'0000-00-00 00:00:00','0000-00-00 00:00:00'),
(8,'rfygfvhg','hgujuhoijkn 1234567890 /.,;\'[]]\\','INR','8465413','65nvkdn',6,'0000-00-00 00:00:00','0000-00-00 00:00:00'),
(9,'kljjkjkjkjk','hhkjhhhk','INR','89','89',308,'0000-00-00 00:00:00','0000-00-00 00:00:00'),
(10,'kljjkjkjkjk','hhkjhhhk','INR','89','89',308,'0000-00-00 00:00:00','0000-00-00 00:00:00'),
(11,'kljjkjkjkjk','hhkjhhhk','INR','89','89',308,'0000-00-00 00:00:00','0000-00-00 00:00:00'),
(12,'kljjkjkjkjk','hhkjhhhk','INR','89','89',308,'0000-00-00 00:00:00','0000-00-00 00:00:00'),
(13,'kljjkjkjkjk','hhkjhhhk','INR','89','89',308,'0000-00-00 00:00:00','0000-00-00 00:00:00'),
(14,'kljjkjkjkjk','hhkjhhhk','INR','89','89',308,'0000-00-00 00:00:00','0000-00-00 00:00:00'),
(15,'lkjlk','jhhjkh','INR','67','76',308,'0000-00-00 00:00:00','0000-00-00 00:00:00'),
(16,'lkjlk','jhhjkh','INR','67','76',308,'0000-00-00 00:00:00','0000-00-00 00:00:00'),
(17,'lkjlk','jhhjkh','INR','67','76',308,'0000-00-00 00:00:00','0000-00-00 00:00:00'),
(18,'lkjlk','jhhjkh','INR','67','76',308,'0000-00-00 00:00:00','0000-00-00 00:00:00'),
(19,'lkjlk','jhhjkh','INR','67','76',308,'0000-00-00 00:00:00','0000-00-00 00:00:00'),
(20,'lkjlk','jhhjkh','INR','67','76',308,'0000-00-00 00:00:00','0000-00-00 00:00:00'),
(21,'noooo','hhhhhhhhaaaaaa','INR','78','78',308,'0000-00-00 00:00:00','0000-00-00 00:00:00'),
(22,'noooo','hhhhhhhhaaaaaa','INR','78','78',308,'0000-00-00 00:00:00','0000-00-00 00:00:00'),
(23,'jkkjjlk','lkj','INR','kjkljlk','jlkjlk',320,'2013-10-10 10:24:47','2013-10-10 10:24:47'),
(24,'897897','8978979879','INR','8978979','879879879',320,'2013-10-10 10:25:08','2013-10-10 10:25:08'),
(25,'fghj','ghjk','INR','121212','ghjk',319,'2013-11-12 12:02:34','2013-11-12 12:02:34'),
(26,'vidkfkakdfka','asdfghjk','INR','121212','ghjk',325,'2013-11-12 13:05:13','2013-11-12 13:05:13'),
(27,'fghj','asdfghjkl;','INR','121212','ghjk',321,'2013-11-14 18:21:57','2013-11-14 18:21:57'),
(28,'test','data tdesssk','INR','87','53',325,'2013-12-27 16:54:17','2013-12-27 16:54:17');

/*Table structure for table `designer_cloth_image` */

DROP TABLE IF EXISTS `designer_cloth_image`;

CREATE TABLE `designer_cloth_image` (
  `ID` bigint(10) NOT NULL AUTO_INCREMENT,
  `ALT` varchar(21) DEFAULT NULL,
  `IMAGE_PATH` varchar(255) NOT NULL,
  `IMAGE_PATH_BIG` varchar(255) NOT NULL,
  `DESIGNERCLOTH_ID` bigint(10) NOT NULL,
  PRIMARY KEY (`ID`),
  KEY `FK_DESIGNER_CLOTH_IMAGE_DESIGNER_CLOTH` (`DESIGNERCLOTH_ID`)
) ENGINE=MyISAM AUTO_INCREMENT=19 DEFAULT CHARSET=latin1;

/*Data for the table `designer_cloth_image` */

insert into `designer_cloth_image` values 
(1,NULL,'/usr/local/userPhotos/DESIGNER_CLOTHES/1/Jacket.jpg','/usr/local/userPhotos/Big/DESIGNER_CLOTHES/1/Jacket.jpg',1),
(2,NULL,'/usr/local/userPhotos/DESIGNER_CLOTHES/2/Evening_Dress.jpg','/usr/local/userPhotos/Big/DESIGNER_CLOTHES/2/Evening_Dress.jpg',2),
(3,NULL,'/usr/local/userPhotos/DESIGNER_CLOTHES/3/Designer_Dress.jpg','/usr/local/userPhotos/Big/DESIGNER_CLOTHES/3/Designer_Dress.jpg',3),
(4,NULL,'/usr/local/userPhotos/DESIGNER_CLOTHES/4/Jeans.jpg','/usr/local/userPhotos/Big/DESIGNER_CLOTHES/4/Jeans.jpg',4),
(5,NULL,'/usr/local/userPhotos/DESIGNER_CLOTHES/5/Fancy_Top.jpg','/usr/local/userPhotos/Big/DESIGNER_CLOTHES/5/Fancy_Top.jpg',5),
(6,NULL,'/usr/local/userPhotos/DESIGNER_CLOTHES/6/Designer_Top.jpg','/usr/local/userPhotos/Big/DESIGNER_CLOTHES/6/Designer_Top.jpg',6),
(7,NULL,'/usr/local/userPhotos/DESIGNER_CLOTHES/7/Shirt.jpg','/usr/local/userPhotos/Big/DESIGNER_CLOTHES/7/Shirt.jpg',7),
(8,NULL,'/usr/local/userPhotos/DESIGNER_CLOTHES/8/Work.jpg','/usr/local/userPhotos/Big/DESIGNER_CLOTHES/8/Work.jpg',8),
(9,NULL,'/usr/local/userPhotos/DESIGNER_CLOTHES/19/around-sunset-1920x1080-wallpaper-10136.jpg','19/around-sunset-1920x1080-wallpaper-10136.jpg',19),
(10,NULL,'/usr/local/userPhotos/DESIGNER_CLOTHES/20/around-sunset-1920x1080-wallpaper-10136.jpg','20/around-sunset-1920x1080-wallpaper-10136.jpg',20),
(11,NULL,'/usr/local/userPhotos/DESIGNER_CLOTHES/21/along-the-river-1920x1080-wallpaper-7398.jpg','/usr/local/userPhotos/Big/DESIGNER_CLOTHES/21/along-the-river-1920x1080-wallpaper-7398.jpg',21),
(12,NULL,'/usr/local/userPhotos/DESIGNER_CLOTHES/22/along-the-river-1920x1080-wallpaper-7398.jpg','/usr/local/userPhotos/Big/DESIGNER_CLOTHES/22/along-the-river-1920x1080-wallpaper-7398.jpg',22),
(13,NULL,'/usr/local/userPhotos/DESIGNER_CLOTHES/23/229228324_08223b70fa_s.jpg','/usr/local/userPhotos/Big/DESIGNER_CLOTHES/23/229228324_08223b70fa_s.jpg',23),
(14,NULL,'/usr/local/userPhotos/DESIGNER_CLOTHES/24/199481108_4359e6b971_s.jpg','/usr/local/userPhotos/Big/DESIGNER_CLOTHES/24/199481108_4359e6b971_s.jpg',24),
(15,NULL,'/usr/local/userPhotos/DESIGNER_CLOTHES/25/1381690_587333221303438_1072552433_n_-_Copy.jpg','/usr/local/userPhotos/Big/DESIGNER_CLOTHES/25/1381690_587333221303438_1072552433_n_-_Copy.jpg',25),
(16,NULL,'/usr/local/userPhotos/DESIGNER_CLOTHES/26/afr.jpg','/usr/local/userPhotos/Big/DESIGNER_CLOTHES/26/afr.jpg',26),
(17,NULL,'/usr/local/userPhotos/DESIGNER_CLOTHES/27/1381690_587333221303438_1072552433_n_-_Copy.jpg','/usr/local/userPhotos/Big/DESIGNER_CLOTHES/27/1381690_587333221303438_1072552433_n_-_Copy.jpg',27),
(18,NULL,'/usr/local/userPhotos/DESIGNER_CLOTHES/28/breaking-through-the-trees-1920x1080-wallpaper-7304.jpg','/usr/local/userPhotos/Big/DESIGNER_CLOTHES/28/breaking-through-the-trees-1920x1080-wallpaper-7304.jpg',28);

/*Table structure for table `directory` */

DROP TABLE IF EXISTS `directory`;

CREATE TABLE `directory` (
  `ID` bigint(10) NOT NULL AUTO_INCREMENT,
  `NAME` varchar(255) NOT NULL,
  `DESCRIPTION` longtext NOT NULL,
  `DIRECTORY_CATEGORY` bigint(10) NOT NULL,
  PRIMARY KEY (`ID`),
  KEY `FK_DIRECTORY_DIRECTORY_CATEGORY` (`DIRECTORY_CATEGORY`)
) ENGINE=MyISAM DEFAULT CHARSET=latin1;

/*Data for the table `directory` */

/*Table structure for table `directory_category` */

DROP TABLE IF EXISTS `directory_category`;

CREATE TABLE `directory_category` (
  `ID` bigint(10) NOT NULL AUTO_INCREMENT,
  `NAME` varchar(255) NOT NULL,
  PRIMARY KEY (`ID`)
) ENGINE=MyISAM DEFAULT CHARSET=latin1;

/*Data for the table `directory_category` */

/*Table structure for table `eshop_product` */

DROP TABLE IF EXISTS `eshop_product`;

CREATE TABLE `eshop_product` (
  `ID` bigint(10) NOT NULL AUTO_INCREMENT,
  `NAME` varchar(255) NOT NULL,
  `COST` double NOT NULL,
  `COST_UNIT` varchar(10) NOT NULL DEFAULT 'INR',
  `DESCRIPTION` varchar(255) NOT NULL,
  `SHOP_ID` bigint(10) NOT NULL,
  `SHOP_CATEGORY` varchar(100) NOT NULL,
  PRIMARY KEY (`ID`)
) ENGINE=MyISAM AUTO_INCREMENT=53 DEFAULT CHARSET=utf8;

/*Data for the table `eshop_product` */

insert into `eshop_product` values 
(1,'hvskhsk',768456,'INR','nvsfhsjfossk 5698214370 ,./;\'[]\\@#$%&',4,'COSMETIC'),
(2,'vksjvks',758,'INR','vbshfsjskudhfbs 12365890 ,./;\'[]\\&%$#@',4,'COSMETIC'),
(3,'bvjshvshchshj',7968465,'INR','vbiskhvisjsm @#$%&,./;\'[]\\?\"{}| 156886431246',4,'COSMETIC'),
(4,'bckjsks',76576,'INR','bvsvisjskksm ,./;\'[]\\?\"{}|@#$%& 465895364632',4,'COSMETIC'),
(5,'hkhk',764,'INR','vmolsjvolsjvmjs',4,'COSMETIC'),
(6,'cythgvjh',76436,'INR','srtfyuhiok 414654845 ../,;\'[]\\@#$&%',4,'COSMETIC'),
(7,'vbsfksj',75745,'INR','vbishfsjskm 16485232789 ,./;\'[]\\@#$%&',4,'COSMETIC'),
(8,'bsvbjs',7645,'INR','012365479 ,./;\'[]\\@#$%& vnbksvnsifhjurgttufhsfv',4,'COSMETIC'),
(9,'fhgfghj',545452,'INR','srtgfyuhik 1324654684 /.,;\'\\][@#&%$',5,'CROCKERY'),
(10,'yriuwhnsn',76431,'INR','bvskhvsjms @#$%&?\"{}|;./,\'[]\\',5,'CROCKERY'),
(11,'vbksnvks',737432,'INR','vnksnvskjvkmsd ?\"{}|./,;\'\\][',5,'CROCKERY'),
(12,'ertyui',78965,'INR','wertyuiopdfghjk ,.;\'[]\\',5,'CROCKERY'),
(13,'guigbj',354656,'INR','@#$%&,./;\'[]\\ ftygfygh 13546465',5,'CROCKERY'),
(14,'b m mn mm',8545432,'INR','strfhygjhvhvbjhn 1234567890 \\][\';,./',5,'CROCKERY'),
(15,'ertyuj',885845,'INR','dtrgfchgfgvhj 1234567890 /.,;\'[]\\',5,'CROCKERY'),
(16,'fyugjh',68464,'INR','fuygiukjlk 1234567890/.,;\'[]\\',5,'CROCKERY'),
(17,'vkshvks',4646,'INR','vbksvksvnkjsn 68465316 ,./;\'[]\\@#$%&?\"{}|',7,'ELECTRONICS_GOODS'),
(18,'vkjsvhsh',76465,'INR','vnishfiuhdfkjdf 16546545897986 ,./;\'[]\\@#$%&?\"{}|',7,'ELECTRONICS_GOODS'),
(19,'bvjsbvjbsjk',165465,'INR','bvkjsvkjshcs ,./\';[]\\@#$%&|}{\"?',7,'ELECTRONICS_GOODS'),
(20,'vnksvkjs',86746854,'INR','bvskhvkjdn,./;\'\\][764356465',7,'ELECTRONICS_GOODS'),
(21,'gujgbjmn',764635,'INR','fvhgbjhn ./;\'[]\\ 76432',7,'ELECTRONICS_GOODS'),
(22,'fhvnb',76463,'INR','131468476 ,./;\'[]\\?\"{}|&%$#@ bnkdjvkdhfnfkdn',7,'ELECTRONICS_GOODS'),
(23,'bvjhsdbhjs',76465,'INR','vksdhkhdfkdjf 13246879 ,./;\'[]\\',7,'ELECTRONICS_GOODS'),
(24,'vbshvkjs',76465,'INR','bvkjsnvksm ,./;\'[]\\@#$%&7646413132656489',7,'ELECTRONICS_GOODS'),
(25,'bhdkhvkd',7545,'INR','vbjdvjshdjhhfj /\']\\[;.,@#$%& 1356458798',8,'FLOWER'),
(26,'vkjsvjksnk',7964646,'INR','vnkshdhfkdfkn /\']\\[;.,&%$#@',8,'FLOWER'),
(27,'bndkjvnkd',746465,'INR','vnsvhififj \\]\'/.,;[&%@#% 76744343644',8,'FLOWER'),
(28,'bvjsvjsnk',76454,'INR','vbksjvhdfhfduj ,\'\\[];/. 4568523668',8,'FLOWER'),
(29,'vgdjfjd',77645,'INR','786454313 fyhghkhk /\']\\[;.,&@#$%',8,'FLOWER'),
(30,'vskjvhjfhhsd',767464,'INR','bvsdhdfuhdfn 7896541323',8,'FLOWER'),
(31,'vjskhdjhdfjhdf',7674646,'INR','vbskbvkdfkjdf 764353 @#$%&?,./;\'[]\\',8,'FLOWER'),
(32,'guidfhjdfk',7684523,'INR','bvkjsdhuhdj %$#&@?\"|}{,./;\'[[]\\',8,'FLOWER'),
(33,'vjsfjhs',7646,'INR','vbksfsjdksjd ,./\';[]\\1234567890',10,'GIFT_SHOPS'),
(34,'ruiwhfks',1545,'INR','bkjsfjsdjk 15448 .,/;\']\\[',10,'GIFT_SHOPS'),
(35,'uruihsfkvs',545645,'INR','vbksfnksdksd /.,;\'\\][1234567890',10,'GIFT_SHOPS'),
(36,'fuoisks',1345,'INR','nvksjhdkjhksd 1234567890 ,./\';[]\\@#$%&',10,'GIFT_SHOPS'),
(37,'ushdnfjd',1456,'INR','vnskjdljpsope,./\';[]\\1234567890',10,'GIFT_SHOPS'),
(38,'bvjshdkj',1545,'INR','nvsndkjdfhhjdf ]\'/.;\\[, 1234567890',10,'GIFT_SHOPS'),
(39,'yeieiow',1355,'INR','bvsdjkhsdj1234567890@#$%&/\']\\[;.,',10,'GIFT_SHOPS'),
(40,'poknbf',13125,'INR','bvjshdhusdhjsn ,./\';[]\\1234567890',10,'GIFT_SHOPS'),
(41,'bvjsbjd',15465,'INR','bvjhsbdjhsdjn 1234567890 ,;[]\'/.\\@$%#&',14,'MOBILE'),
(42,'vbhsdjd',456,'INR','bvksjdhiksdj 1234567890 ,;[\\\'/.]|}{\"?',14,'MOBILE'),
(43,'bvjsb',154,'INR','cbsjhdjksdn 1234567890 [\'/.;]\\,',14,'MOBILE'),
(44,'ydhjjd',1354,'INR','bv jbxjkhxdkjd 1234567890 ,./\';[]\\|}\"{?%&$#@',14,'MOBILE'),
(45,'fjshdj',78546,'INR','vbsjhdjkhsdj 1234567890 /\']\\[&%$#@',14,'MOBILE'),
(46,'fvhbn',126,'INR','vkjshdkj 1234567890 /;\'[]\\\';/@$%#&',14,'MOBILE'),
(47,'vsbd',134,'INR','vsvdsdfdfv1111123456789 ,./\';[]\\',14,'MOBILE'),
(48,'tyuiuik',132,'INR','nvksndkjdfjdf 1234567890 /;\'\\][.,',14,'MOBILE'),
(49,'fhgvhn',3567,'INR','dhgfjyhgbjh 1234567890p ,;[]\'/.\\',17,'SHOES'),
(50,'rghj',7688,'INR','dcgthfgvhbj1234567890,/\']\\[;.',17,'SHOES'),
(51,'wredrtrft',2365,'INR','vnjhcjdkj 1234567890 ,./\';[]\\',17,'SHOES'),
(52,'bjvbjvs',154,'INR','bvjshbvksjcksdn',17,'SHOES');

/*Table structure for table `eshop_product_image` */

DROP TABLE IF EXISTS `eshop_product_image`;

CREATE TABLE `eshop_product_image` (
  `ID` bigint(10) NOT NULL AUTO_INCREMENT,
  `ALT` varchar(21) DEFAULT NULL,
  `IMAGE_PATH` varchar(255) NOT NULL,
  `IMAGE_PATH_BIG` varchar(255) NOT NULL,
  `ESHOP_PRODUCT_ID` bigint(10) NOT NULL,
  PRIMARY KEY (`ID`)
) ENGINE=MyISAM AUTO_INCREMENT=93 DEFAULT CHARSET=utf8;

/*Data for the table `eshop_product_image` */

insert into `eshop_product_image` values 
(1,NULL,'/usr/local/userPhotos/ESHOP_PRODUCT/1/Banner.jpg','/usr/local/userPhotos/Big/ESHOP_PRODUCT/1/Banner.jpg',1),
(2,NULL,'/usr/local/userPhotos/ESHOP_PRODUCT/2/Lip_Gloss.jpg','/usr/local/userPhotos/Big/ESHOP_PRODUCT/2/Lip_Gloss.jpg',2),
(3,NULL,'/usr/local/userPhotos/ESHOP_PRODUCT/3/Compact_Powder.jpg','/usr/local/userPhotos/Big/ESHOP_PRODUCT/3/Compact_Powder.jpg',3),
(4,NULL,'/usr/local/userPhotos/ESHOP_PRODUCT/4/eye_Shadow.jpg','/usr/local/userPhotos/Big/ESHOP_PRODUCT/4/eye_Shadow.jpg',4),
(5,NULL,'/usr/local/userPhotos/ESHOP_PRODUCT/5/Lipsticks.jpg','/usr/local/userPhotos/Big/ESHOP_PRODUCT/5/Lipsticks.jpg',5),
(6,NULL,'/usr/local/userPhotos/ESHOP_PRODUCT/6/nailpolish.jpg','/usr/local/userPhotos/Big/ESHOP_PRODUCT/6/nailpolish.jpg',6),
(7,NULL,'/usr/local/userPhotos/ESHOP_PRODUCT/7/Mascara.jpg','/usr/local/userPhotos/Big/ESHOP_PRODUCT/7/Mascara.jpg',7),
(8,NULL,'/usr/local/userPhotos/ESHOP_PRODUCT/8/Eyeliner.jpg','/usr/local/userPhotos/Big/ESHOP_PRODUCT/8/Eyeliner.jpg',8),
(24,NULL,'/usr/local/userPhotos/ESHOP_PRODUCT/16/Thali_Set.jpg','/usr/local/userPhotos/Big/ESHOP_PRODUCT/16/Thali_Set.jpg',16),
(23,NULL,'/usr/local/userPhotos/ESHOP_PRODUCT/15/Serving_Spoons_.jpg','/usr/local/userPhotos/Big/ESHOP_PRODUCT/15/Serving_Spoons_.jpg',15),
(22,NULL,'/usr/local/userPhotos/ESHOP_PRODUCT/14/Soup_Bowl.jpg','/usr/local/userPhotos/Big/ESHOP_PRODUCT/14/Soup_Bowl.jpg',14),
(21,NULL,'/usr/local/userPhotos/ESHOP_PRODUCT/13/Steel_Drinking_Glass.jpg','/usr/local/userPhotos/Big/ESHOP_PRODUCT/13/Steel_Drinking_Glass.jpg',13),
(20,NULL,'/usr/local/userPhotos/ESHOP_PRODUCT/12/Tea_Set.jpg','/usr/local/userPhotos/Big/ESHOP_PRODUCT/12/Tea_Set.jpg',12),
(19,NULL,'/usr/local/userPhotos/ESHOP_PRODUCT/11/Plates.jpg','/usr/local/userPhotos/Big/ESHOP_PRODUCT/11/Plates.jpg',11),
(18,NULL,'/usr/local/userPhotos/ESHOP_PRODUCT/10/dinner_set.jpg','/usr/local/userPhotos/Big/ESHOP_PRODUCT/10/dinner_set.jpg',10),
(17,NULL,'/usr/local/userPhotos/ESHOP_PRODUCT/9/Cutlery_Set.jpg','/usr/local/userPhotos/Big/ESHOP_PRODUCT/9/Cutlery_Set.jpg',9),
(40,NULL,'/usr/local/userPhotos/ESHOP_PRODUCT/24/Banner.jpg','/usr/local/userPhotos/Big/ESHOP_PRODUCT/24/Banner.jpg',24),
(39,NULL,'/usr/local/userPhotos/ESHOP_PRODUCT/23/Banner1.jpg','/usr/local/userPhotos/Big/ESHOP_PRODUCT/23/Banner1.jpg',23);
insert into `eshop_product_image` values 
(38,NULL,'/usr/local/userPhotos/ESHOP_PRODUCT/22/Refrigerator.png','/usr/local/userPhotos/Big/ESHOP_PRODUCT/22/Refrigerator.png',22),
(37,NULL,'/usr/local/userPhotos/ESHOP_PRODUCT/21/Microwave.jpg','/usr/local/userPhotos/Big/ESHOP_PRODUCT/21/Microwave.jpg',21),
(36,NULL,'/usr/local/userPhotos/ESHOP_PRODUCT/20/Geyser.jpg','/usr/local/userPhotos/Big/ESHOP_PRODUCT/20/Geyser.jpg',20),
(35,NULL,'/usr/local/userPhotos/ESHOP_PRODUCT/19/Ceiling_Fan.jpg','/usr/local/userPhotos/Big/ESHOP_PRODUCT/19/Ceiling_Fan.jpg',19),
(34,NULL,'/usr/local/userPhotos/ESHOP_PRODUCT/18/Refrigerator.png','/usr/local/userPhotos/Big/ESHOP_PRODUCT/18/Refrigerator.png',18),
(33,NULL,'/usr/local/userPhotos/ESHOP_PRODUCT/17/LCD_TV.jpg','/usr/local/userPhotos/Big/ESHOP_PRODUCT/17/LCD_TV.jpg',17),
(56,NULL,'/usr/local/userPhotos/ESHOP_PRODUCT/32/Peony_Flowers.JPG','/usr/local/userPhotos/Big/ESHOP_PRODUCT/32/Peony_Flowers.JPG',32),
(55,NULL,'/usr/local/userPhotos/ESHOP_PRODUCT/31/Daisy_Flowers.jpg','/usr/local/userPhotos/Big/ESHOP_PRODUCT/31/Daisy_Flowers.jpg',31),
(54,NULL,'/usr/local/userPhotos/ESHOP_PRODUCT/30/Gladiolus-Flowers.jpg','/usr/local/userPhotos/Big/ESHOP_PRODUCT/30/Gladiolus-Flowers.jpg',30),
(53,NULL,'/usr/local/userPhotos/ESHOP_PRODUCT/29/sunflowers_Flowers.jpg','/usr/local/userPhotos/Big/ESHOP_PRODUCT/29/sunflowers_Flowers.jpg',29),
(52,NULL,'/usr/local/userPhotos/ESHOP_PRODUCT/28/Tulip_Flowers.jpg','/usr/local/userPhotos/Big/ESHOP_PRODUCT/28/Tulip_Flowers.jpg',28),
(51,NULL,'/usr/local/userPhotos/ESHOP_PRODUCT/27/work.jpg','/usr/local/userPhotos/Big/ESHOP_PRODUCT/27/work.jpg',27),
(50,NULL,'/usr/local/userPhotos/ESHOP_PRODUCT/26/Orchid_Flowers.jpg','/usr/local/userPhotos/Big/ESHOP_PRODUCT/26/Orchid_Flowers.jpg',26),
(49,NULL,'/usr/local/userPhotos/ESHOP_PRODUCT/25/Lily_Flowers.jpg','/usr/local/userPhotos/Big/ESHOP_PRODUCT/25/Lily_Flowers.jpg',25),
(71,NULL,'/usr/local/userPhotos/ESHOP_PRODUCT/39/Teddy_Bear.jpg','/usr/local/userPhotos/Big/ESHOP_PRODUCT/39/Teddy_Bear.jpg',39),
(70,NULL,'/usr/local/userPhotos/ESHOP_PRODUCT/38/Soft_Toy.jpg','/usr/local/userPhotos/Big/ESHOP_PRODUCT/38/Soft_Toy.jpg',38),
(69,NULL,'/usr/local/userPhotos/ESHOP_PRODUCT/37/Photoframe.JPG','/usr/local/userPhotos/Big/ESHOP_PRODUCT/37/Photoframe.JPG',37),
(68,NULL,'/usr/local/userPhotos/ESHOP_PRODUCT/36/Flower_Pot.jpg','/usr/local/userPhotos/Big/ESHOP_PRODUCT/36/Flower_Pot.jpg',36),
(67,NULL,'/usr/local/userPhotos/ESHOP_PRODUCT/35/Flower_Bouquet.jpg','/usr/local/userPhotos/Big/ESHOP_PRODUCT/35/Flower_Bouquet.jpg',35),
(66,NULL,'/usr/local/userPhotos/ESHOP_PRODUCT/34/Fancy_Clock.gif','/usr/local/userPhotos/Big/ESHOP_PRODUCT/34/Fancy_Clock.gif',34),
(65,NULL,'/usr/local/userPhotos/ESHOP_PRODUCT/33/Fish_Bowl.jpeg','/usr/local/userPhotos/Big/ESHOP_PRODUCT/33/Fish_Bowl.jpeg',33),
(72,NULL,'/usr/local/userPhotos/ESHOP_PRODUCT/40/Toys.jpg','/usr/local/userPhotos/Big/ESHOP_PRODUCT/40/Toys.jpg',40),
(88,NULL,'/usr/local/userPhotos/ESHOP_PRODUCT/48/Motorola_Mobile.jpg','/usr/local/userPhotos/Big/ESHOP_PRODUCT/48/Motorola_Mobile.jpg',48),
(87,NULL,'/usr/local/userPhotos/ESHOP_PRODUCT/47/work.jpg','/usr/local/userPhotos/Big/ESHOP_PRODUCT/47/work.jpg',47),
(86,NULL,'/usr/local/userPhotos/ESHOP_PRODUCT/46/Spice-Mobile.jpg','/usr/local/userPhotos/Big/ESHOP_PRODUCT/46/Spice-Mobile.jpg',46),
(85,NULL,'/usr/local/userPhotos/ESHOP_PRODUCT/45/Sony_Ericsson_Mobile.jpg','/usr/local/userPhotos/Big/ESHOP_PRODUCT/45/Sony_Ericsson_Mobile.jpg',45),
(84,NULL,'/usr/local/userPhotos/ESHOP_PRODUCT/44/Nokia_MObile.jpg','/usr/local/userPhotos/Big/ESHOP_PRODUCT/44/Nokia_MObile.jpg',44),
(83,NULL,'/usr/local/userPhotos/ESHOP_PRODUCT/43/Micromax_Mobile.jpg','/usr/local/userPhotos/Big/ESHOP_PRODUCT/43/Micromax_Mobile.jpg',43),
(82,NULL,'/usr/local/userPhotos/ESHOP_PRODUCT/42/reliance_Mobile.jpg','/usr/local/userPhotos/Big/ESHOP_PRODUCT/42/reliance_Mobile.jpg',42),
(81,NULL,'/usr/local/userPhotos/ESHOP_PRODUCT/41/Default.jpg','/usr/local/userPhotos/Big/ESHOP_PRODUCT/41/Default.jpg',41),
(89,'vyygvjhb','/usr/local/userPhotos/ESHOP_PRODUCT/49/Bridal_Shoes.jpg','/usr/local/userPhotos/Big/ESHOP_PRODUCT/49/Bridal_Shoes.jpg',49),
(90,'vcghfvhjb','/usr/local/userPhotos/ESHOP_PRODUCT/50/Kids_Sandal.jpg','/usr/local/userPhotos/Big/ESHOP_PRODUCT/50/Kids_Sandal.jpg',50),
(91,' jnjhnkjk','/usr/local/userPhotos/ESHOP_PRODUCT/51/Kis_Shoes.jpg','/usr/local/userPhotos/Big/ESHOP_PRODUCT/51/Kis_Shoes.jpg',51),
(92,'vjhbjm','/usr/local/userPhotos/ESHOP_PRODUCT/52/Designer_Shoes.jpg','/usr/local/userPhotos/Big/ESHOP_PRODUCT/52/Designer_Shoes.jpg',52);

/*Table structure for table `event` */

DROP TABLE IF EXISTS `event`;

CREATE TABLE `event` (
  `ID` bigint(10) NOT NULL AUTO_INCREMENT,
  `UPDATED_DATE` datetime NOT NULL,
  `CREATED_DATE` datetime NOT NULL,
  `NAME` varchar(255) DEFAULT NULL,
  `DESCRIPTION` varchar(255) DEFAULT NULL,
  `SHAPE` varchar(255) DEFAULT NULL,
  `FACING` varchar(255) DEFAULT NULL,
  `APPROVAL` varchar(255) DEFAULT NULL,
  `SIZE` varchar(255) DEFAULT NULL,
  `COST` double NOT NULL DEFAULT '0',
  `EVENT_TYPE` varchar(50) DEFAULT NULL,
  `USER_ID` bigint(10) NOT NULL,
  `ADDRESS` bigint(10) DEFAULT NULL,
  `COST_UNIT` varchar(10) NOT NULL DEFAULT 'INR',
  `EVENT_PLACE_ID` bigint(10) NOT NULL,
  PRIMARY KEY (`ID`),
  KEY `FK_LAND_ADDRESS` (`ADDRESS`),
  KEY `FK_LAND_LAND_TYPE` (`EVENT_TYPE`),
  KEY `FK_LAND_USER` (`USER_ID`)
) ENGINE=InnoDB AUTO_INCREMENT=5 DEFAULT CHARSET=latin1;

/*Data for the table `event` */

insert into `event` values 
(1,'2014-03-10 12:34:02','2014-03-10 12:34:02','jhjbkk','fgdgfdgfd',NULL,NULL,NULL,'56456',456,'ddfd',740,NULL,'INR',2),
(2,'2014-03-10 12:14:35','2014-03-10 12:14:35','jkjlk','lkljlkjl',NULL,NULL,NULL,'lkjlkjlkjlk',98989,'lkjlkjlkj',740,NULL,'INR',2),
(3,'2014-03-25 08:31:07','2014-03-25 08:31:07','uoiuo','khjkhjk',NULL,NULL,NULL,'989',989,'rent',740,NULL,'INR',3),
(4,'2014-03-25 08:32:54','2014-03-25 08:32:54','jhkjh','hjkhkk',NULL,NULL,NULL,'9898',8989,'hjhj',740,NULL,'INR',3);

/*Table structure for table `event_image` */

DROP TABLE IF EXISTS `event_image`;

CREATE TABLE `event_image` (
  `ID` bigint(10) NOT NULL AUTO_INCREMENT,
  `ALT` varchar(21) DEFAULT NULL,
  `IMAGE_PATH` varchar(255) NOT NULL,
  `IMAGE_PATH_BIG` varchar(255) DEFAULT NULL,
  `EVENT_ID` bigint(10) NOT NULL,
  PRIMARY KEY (`ID`),
  KEY `FK_EVENT_IMAGE_EVENT_ID` (`EVENT_ID`)
) ENGINE=InnoDB AUTO_INCREMENT=5 DEFAULT CHARSET=latin1;

/*Data for the table `event_image` */

insert into `event_image` values 
(1,NULL,'/usr/local/userPhotos/EVENT/1/along-the-river-1920x1080-wallpaper-7398.jpg','/usr/local/userPhotos/Big/Event/1/along-the-river-1920x1080-wallpaper-7398.jpg',1),
(2,NULL,'/usr/local/userPhotos/EVENT/2/autumn-landscape-with-trees-1920x1080-wallpaper-11341.jpg','/usr/local/userPhotos/Big/Event/2/autumn-landscape-with-trees-1920x1080-wallpaper-11341.jpg',2),
(3,NULL,'/usr/local/userPhotos/EVENT/3/960100_371945906274477_81820131_n.jpg','/usr/local/userPhotos/Big/Event/3/960100_371945906274477_81820131_n.jpg',3),
(4,NULL,'/usr/local/userPhotos/EVENT/4/1476435_558998504180050_2080544610_n.jpg','/usr/local/userPhotos/Big/Event/4/1476435_558998504180050_2080544610_n.jpg',4);

/*Table structure for table `event_place` */

DROP TABLE IF EXISTS `event_place`;

CREATE TABLE `event_place` (
  `ID` bigint(10) NOT NULL AUTO_INCREMENT,
  `UPDATED_DATE` datetime NOT NULL,
  `CREATED_DATE` datetime NOT NULL,
  `NAME` varchar(255) NOT NULL,
  `DESCRIPTION` longtext,
  `ADDRESS` bigint(10) DEFAULT NULL,
  `USER_ID` bigint(10) NOT NULL,
  `STATUS` int(6) DEFAULT NULL,
  `MOBILE_NUMBER` varchar(21) DEFAULT NULL,
  `TOTAL_PRICE` int(10) DEFAULT '0',
  `IS_ACTIVE` tinyint(1) DEFAULT '0',
  `IS_PAID` tinyint(1) DEFAULT '0',
  PRIMARY KEY (`ID`),
  KEY `FK_SHOP_ADDRESS` (`ADDRESS`)
) ENGINE=MyISAM AUTO_INCREMENT=4 DEFAULT CHARSET=latin1;

/*Data for the table `event_place` */

insert into `event_place` values 
(2,'2014-01-21 23:48:42','2014-01-21 23:48:42','Marathan','asdfghj',3272,1,NULL,'9887769854',0,0,0),
(3,'2014-03-14 10:47:20','2014-03-14 10:47:20','barbadi','asdfghjkl',3275,740,NULL,'9887769854',0,0,0);

/*Table structure for table `furniture` */

DROP TABLE IF EXISTS `furniture`;

CREATE TABLE `furniture` (
  `ID` bigint(10) NOT NULL AUTO_INCREMENT,
  `NAME` varchar(255) NOT NULL,
  `DESCRIPTION` varchar(255) NOT NULL,
  `COST` varchar(255) NOT NULL,
  `COST_UNIT` varchar(10) NOT NULL DEFAULT 'INR',
  `MATERIAL_USED` varchar(255) DEFAULT NULL,
  `SHOP_ID` bigint(10) NOT NULL,
  `CREATED_DATE` datetime NOT NULL,
  `UPDATED_DATE` datetime NOT NULL,
  PRIMARY KEY (`ID`),
  KEY `FK_FURNITURE_SHOP_ID` (`SHOP_ID`)
) ENGINE=MyISAM AUTO_INCREMENT=20 DEFAULT CHARSET=latin1;

/*Data for the table `furniture` */

insert into `furniture` values 
(1,'jionkj','vbskjddshdhshds 79643213 #$%@&,./\'[\\]\\;.,','56234','INR','',9,'0000-00-00 00:00:00','0000-00-00 00:00:00'),
(2,'putefbj','vjscbjdsbjbds','52698','INR','',9,'0000-00-00 00:00:00','0000-00-00 00:00:00'),
(3,'gramighj','13448789 /;]\\[\'.,#$%@&','7542130','INR','',9,'0000-00-00 00:00:00','0000-00-00 00:00:00'),
(4,'njoured',',/;\'[]gjgjgj','4210','INR','',9,'0000-00-00 00:00:00','0000-00-00 00:00:00'),
(5,'ghgvbhv',',./;\']\\ nvksvksvjs 895654 @#$%&','258','INR','',9,'0000-00-00 00:00:00','0000-00-00 00:00:00'),
(6,'mkogh','\\[\'/,.;] 7985541532','5464','INR','',9,'0000-00-00 00:00:00','0000-00-00 00:00:00'),
(7,'bgtyuio','mbsvmjdffn 76433454 /;\'\\][.,','2596','INR','',9,'0000-00-00 00:00:00','0000-00-00 00:00:00'),
(8,'bgyuip','bkvksdh$#%@&','6279','INR','',9,'0000-00-00 00:00:00','0000-00-00 00:00:00'),
(9,'jhjhkj','hhjhjhj','78','INR',NULL,301,'0000-00-00 00:00:00','0000-00-00 00:00:00'),
(10,'rtytr','hgjhghjg','56','INR',NULL,301,'0000-00-00 00:00:00','0000-00-00 00:00:00'),
(11,'jkj','98','98','INR','89',313,'0000-00-00 00:00:00','0000-00-00 00:00:00'),
(12,'9009','ioio','iio','INR','ioioio',300,'0000-00-00 00:00:00','0000-00-00 00:00:00'),
(13,'89998','98998','899','INR','8989',316,'0000-00-00 00:00:00','0000-00-00 00:00:00'),
(14,'vikas','090909','909090','INR','9909',316,'0000-00-00 00:00:00','0000-00-00 00:00:00'),
(15,'vikas','7878787878','98','INR','777878',316,'0000-00-00 00:00:00','0000-00-00 00:00:00'),
(16,'hhjn','kjjkjkjk','89','INR','kjkjjkjk',316,'2013-10-02 12:29:45','2013-10-02 12:29:45'),
(17,'mnbnm','hgj','89','INR','jhhjjh',316,'2013-10-02 13:35:43','2013-10-02 13:35:43'),
(18,'dish','jkhjkhkjhk vikasn odkjdf; ladfkjalkdjfkjkj klsdjfkld kjfkadfalkd  ','78','INR','jkjkj',316,'2013-10-02 16:43:49','2013-10-02 16:43:49'),
(19,'test','ijoijijiojoi','999','INR','joiijo',316,'2013-12-27 16:45:22','2013-12-27 16:45:22');

/*Table structure for table `furniture_image` */

DROP TABLE IF EXISTS `furniture_image`;

CREATE TABLE `furniture_image` (
  `ID` bigint(10) NOT NULL AUTO_INCREMENT,
  `ALT` varchar(21) DEFAULT NULL,
  `IMAGE_PATH` varchar(255) NOT NULL,
  `IMAGE_PATH_BIG` varchar(255) NOT NULL,
  `FURNITURE_ID` bigint(10) NOT NULL,
  PRIMARY KEY (`ID`),
  KEY `FK_FURNITURE_IMAGE_FURNITURE_ID` (`FURNITURE_ID`)
) ENGINE=MyISAM AUTO_INCREMENT=20 DEFAULT CHARSET=latin1;

/*Data for the table `furniture_image` */

insert into `furniture_image` values 
(1,NULL,'/usr/local/userPhotos/FURNITURE/1/Dining_Tables.jpg','/usr/local/userPhotos/Big/FURNITURE/1/Dining_Tables.jpg',1),
(2,NULL,'/usr/local/userPhotos/FURNITURE/2/Dressing_Table.jpg','/usr/local/userPhotos/Big/FURNITURE/2/Dressing_Table.jpg',2),
(3,NULL,'/usr/local/userPhotos/FURNITURE/3/Sofa_Set.jpg','/usr/local/userPhotos/Big/FURNITURE/3/Sofa_Set.jpg',3),
(4,NULL,'/usr/local/userPhotos/FURNITURE/4/Office_Chair.jpg','/usr/local/userPhotos/Big/FURNITURE/4/Office_Chair.jpg',4),
(5,NULL,'/usr/local/userPhotos/FURNITURE/5/Designer_Bed.jpg','/usr/local/userPhotos/Big/FURNITURE/5/Designer_Bed.jpg',5),
(6,NULL,'/usr/local/userPhotos/FURNITURE/6/Table.jpg','/usr/local/userPhotos/Big/FURNITURE/6/Table.jpg',6),
(7,NULL,'/usr/local/userPhotos/FURNITURE/7/Chair.gif','/usr/local/userPhotos/Big/FURNITURE/7/Chair.gif',7),
(8,NULL,'/usr/local/userPhotos/FURNITURE/8/School_Desk.jpg','/usr/local/userPhotos/Big/FURNITURE/8/School_Desk.jpg',8),
(9,NULL,'/usr/local/userPhotos/FURNITURE/9/autumn-trees-1920x1080-wallpaper-7135.jpg','/usr/local/userPhotos/Big/FURNITURE/9/autumn-trees-1920x1080-wallpaper-7135.jpg',9),
(10,NULL,'/usr/local/userPhotos/FURNITURE/10/beach-wallpaper-hd-florida-condos-download-wallpaper-wallpaper.jpg','/usr/local/userPhotos/Big/FURNITURE/10/beach-wallpaper-hd-florida-condos-download-wallpaper-wallpaper.jpg',10),
(11,NULL,'/usr/local/userPhotos/FURNITURE/11/breaking-through-the-trees-1920x1080-wallpaper-7304.jpg','/usr/local/userPhotos/Big/FURNITURE/11/breaking-through-the-trees-1920x1080-wallpaper-7304.jpg',11),
(12,NULL,'/usr/local/userPhotos/FURNITURE/12/jquery-1.js','/usr/local/userPhotos/Big/FURNITURE/12/jquery-1.js',12),
(13,NULL,'/usr/local/userPhotos/FURNITURE/13/jquery-1.js','/usr/local/userPhotos/Big/FURNITURE/13/jquery-1.js',13),
(14,NULL,'/usr/local/userPhotos/FURNITURE/14/jquery-1.js','/usr/local/userPhotos/Big/FURNITURE/14/jquery-1.js',14),
(15,NULL,'/usr/local/userPhotos/FURNITURE/15/199481255_fdfe885f87_s.jpg','/usr/local/userPhotos/Big/FURNITURE/15/199481255_fdfe885f87_s.jpg',15),
(16,NULL,'/usr/local/userPhotos/FURNITURE/16/199481255_fdfe885f87_s.jpg','/usr/local/userPhotos/Big/FURNITURE/16/199481255_fdfe885f87_s.jpg',16),
(17,NULL,'/usr/local/userPhotos/FURNITURE/17/199481108_4359e6b971_s.jpg','/usr/local/userPhotos/Big/FURNITURE/17/199481108_4359e6b971_s.jpg',17),
(18,NULL,'/usr/local/userPhotos/FURNITURE/18/9.jpg','/usr/local/userPhotos/Big/FURNITURE/18/9.jpg',18),
(19,NULL,'/usr/local/userPhotos/FURNITURE/19/breaking-through-the-trees-1920x1080-wallpaper-7304.jpg','/usr/local/userPhotos/Big/FURNITURE/19/breaking-through-the-trees-1920x1080-wallpaper-7304.jpg',19);

/*Table structure for table `home_sale` */

DROP TABLE IF EXISTS `home_sale`;

CREATE TABLE `home_sale` (
  `ID` bigint(10) NOT NULL AUTO_INCREMENT,
  `DESCRIPTION` varchar(255) DEFAULT NULL,
  `MIN_PAY_OUT_PER_DAY` bigint(10) DEFAULT NULL,
  `MIN_PAY_OUT` varchar(10) DEFAULT NULL,
  `START_DATE` date DEFAULT NULL,
  `END_DATE` date DEFAULT NULL,
  `SHOP_CATEGORY_ID` bigint(10) DEFAULT NULL,
  `BUSINESS_TYPE_ID` bigint(10) DEFAULT NULL,
  `TOTAL_PRICE` bigint(10) DEFAULT NULL,
  `BUSINESS_TYPE` varchar(20) DEFAULT NULL,
  PRIMARY KEY (`ID`)
) ENGINE=InnoDB AUTO_INCREMENT=7 DEFAULT CHARSET=latin1;

/*Data for the table `home_sale` */

insert into `home_sale` values 
(1,'<p>jkdf hkjal dfhjkadhfjkl ahdfkja dslhfak</p>',5,'100','2013-12-12','2013-12-22',19,334,55,'local_business'),
(2,'<p>jkdfh kja ldfhj kadhf jkla hdfk jadslh fak ji</p>',5,'100','2014-01-01','2014-01-31',19,300,155,'local_business'),
(3,'<p>dj fie upqe uri ouq poe iru qop ieu rpq </p>',5,'100','2013-12-12','2013-12-29',19,289,90,'local_business'),
(4,'<p>jw ou r i o e wur i o weurpq oerq</p>',5,'100','2013-12-17','2013-12-22',19,307,30,'local_business'),
(5,'<p>klsjf;klsjLK;JF;lkfj</p>',5,'100','2013-12-13','2013-12-27',19,277,75,'local_business'),
(6,'<p>dfkljflkajd;falkjf;al</p>',5,'100','2013-12-18','2013-12-26',19,326,45,'local_business');

/*Table structure for table `home_sale_detail` */

DROP TABLE IF EXISTS `home_sale_detail`;

CREATE TABLE `home_sale_detail` (
  `ID` bigint(10) NOT NULL AUTO_INCREMENT,
  `DESCRIPTION` varchar(255) DEFAULT NULL,
  `MIN_PAY_OUT_PER_DAY` bigint(10) DEFAULT NULL,
  `MIN_PAY_OUT` bigint(10) DEFAULT NULL,
  `START_DATE` date DEFAULT NULL,
  `END_DATE` date DEFAULT NULL,
  `TOTAL_PRICE` bigint(10) DEFAULT NULL,
  `BUSINESS_TYPE` varchar(50) DEFAULT NULL,
  `USER_ID` bigint(10) DEFAULT NULL,
  `IS_ACTIVE` tinyint(1) DEFAULT '0',
  `IS_PAID` tinyint(1) DEFAULT '0',
  PRIMARY KEY (`ID`)
) ENGINE=InnoDB AUTO_INCREMENT=25 DEFAULT CHARSET=latin1;

/*Data for the table `home_sale_detail` */

insert into `home_sale_detail` values 
(17,'<p>testhjgjhgjhgjh</p>',5,100,'2014-01-01','2014-01-31',155,'homes',740,0,0),
(18,'<p>tejjjjjjjjjjjjjjjjst</p>',5,100,'2014-01-07','2014-01-31',125,'homes',748,0,0),
(19,'<p>70% discount on it</p>',5,100,'2014-02-04','2014-03-14',195,'homes',740,0,0),
(20,'<p>45% off on whole sale&nbsp;</p>',5,100,'2014-02-04','2014-02-28',125,'homes',740,0,0),
(21,'<p>hello</p>',5,100,'2014-03-01','2014-03-30',150,'homes',752,0,0),
(22,'<p>4 things to go</p>',5,100,'2013-12-11','2013-12-31',105,'homes',740,0,0),
(24,'hi test',NULL,NULL,NULL,NULL,NULL,'homes',773,0,0);

/*Table structure for table `home_sale_detail_image` */

DROP TABLE IF EXISTS `home_sale_detail_image`;

CREATE TABLE `home_sale_detail_image` (
  `ID` bigint(10) NOT NULL AUTO_INCREMENT,
  `IMAGE_PATH` varchar(255) DEFAULT NULL,
  `IMAGE_PATH_BIG` varchar(255) DEFAULT NULL,
  `HOME_SALE_DETAIL_ID` bigint(10) DEFAULT NULL,
  PRIMARY KEY (`ID`)
) ENGINE=InnoDB AUTO_INCREMENT=22 DEFAULT CHARSET=latin1;

/*Data for the table `home_sale_detail_image` */

insert into `home_sale_detail_image` values 
(3,'/usr/local/userPhotos/HOME_SALE_DETAIL/3/breaking-through-the-trees-1920x1080-wallpaper-7304.jpg','/usr/local/userPhotos/Big/HOME_SALE_DETAIL/9/1480574_600682716658532_1629368238_a.jpg',3),
(12,'/usr/local/userPhotos/HOME_SALE_DETAIL/18/226745_213250335359976_4542807_n.jpg','/usr/local/userPhotos/Big/HOME_SALE_DETAIL/9/1480574_600682716658532_1629368238_a.jpg',18),
(14,'/usr/local/userPhotos/HOME_SALE_DETAIL/20/bloominginalaska.jpg','/usr/local/userPhotos/Big/HOME_SALE_DETAIL/20/bloominginalaska.jpg',20),
(15,'/usr/local/userPhotos/HOME_SALE_DETAIL/21/1063810_495312807211507_775072561_o.jpg','/usr/local/userPhotos/Big/HOME_SALE_DETAIL/21/1063810_495312807211507_775072561_o.jpg',21),
(16,'/usr/local/userPhotos/HOME_SALE_DETAIL/22/226745_213250335359976_4542807_n.jpg','/usr/local/userPhotos/Big/HOME_SALE_DETAIL/22/226745_213250335359976_4542807_n.jpg',22),
(17,'/usr/local/userPhotos/HOME_SALE_DETAIL/17/1455142_612410932150004_1164928356_n.jpg','/usr/local/userPhotos/Big/HOME_SALE_DETAIL/17/1455142_612410932150004_1164928356_n.jpg',17),
(18,'/usr/local/userPhotos/HOME_SALE_DETAIL/19/bag.jpg','/usr/local/userPhotos/Big/HOME_SALE_DETAIL/19/bag.jpg',19),
(20,'/usr/local/userPhotos/HOME_SALE_DETAIL/24/add-bg.jpg','/usr/local/userPhotos/Big/HOME_SALE_DETAIL/24/add-bg.jpg',24),
(21,'/usr/local/userPhotos/HOME_SALE_DETAIL/24/bam-shankar-bhole-nath-chilam-bhang.jpg','/usr/local/userPhotos/Big/HOME_SALE_DETAIL/24/bam-shankar-bhole-nath-chilam-bhang.jpg',24);

/*Table structure for table `home_sale_image` */

DROP TABLE IF EXISTS `home_sale_image`;

CREATE TABLE `home_sale_image` (
  `ID` bigint(10) NOT NULL AUTO_INCREMENT,
  `IMAGE_PATH` varchar(255) DEFAULT NULL,
  `IMAGE_PATH_BIG` varchar(255) DEFAULT NULL,
  `HOME_SALE_ID` varchar(10) DEFAULT NULL,
  PRIMARY KEY (`ID`)
) ENGINE=InnoDB AUTO_INCREMENT=7 DEFAULT CHARSET=latin1;

/*Data for the table `home_sale_image` */

insert into `home_sale_image` values 
(1,'/usr/local/userPhotos/HOME_SALE/5/995421_593644664013109_1180970608_n.jpg','/usr/local/userPhotos/Big/HOME_SALE/5/995421_593644664013109_1180970608_n.jpg','1'),
(2,'/usr/local/userPhotos/HOME_SALE/2/add-bgblue.jpg','/usr/local/userPhotos/Big/HOME_SALE/2/add-bgblue.jpg','2'),
(3,'/usr/local/userPhotos/HOME_SALE/5/995421_593644664013109_1180970608_n.jpg','/usr/local/userPhotos/Big/HOME_SALE/5/995421_593644664013109_1180970608_n.jpg','3'),
(4,'/usr/local/userPhotos/HOME_SALE/5/995421_593644664013109_1180970608_n.jpg','/usr/local/userPhotos/Big/HOME_SALE/5/995421_593644664013109_1180970608_n.jpg','4'),
(5,'/usr/local/userPhotos/HOME_SALE/5/995421_593644664013109_1180970608_n.jpg','/usr/local/userPhotos/Big/HOME_SALE/5/995421_593644664013109_1180970608_n.jpg','5'),
(6,'/usr/local/userPhotos/HOME_SALE/6/74bd49b849f3aad0e600f3f235558559.jpg','/usr/local/userPhotos/Big/HOME_SALE/6/74bd49b849f3aad0e600f3f235558559.jpg','6');

/*Table structure for table `house` */

DROP TABLE IF EXISTS `house`;

CREATE TABLE `house` (
  `ID` bigint(10) NOT NULL AUTO_INCREMENT,
  `UPDATED_DATE` datetime NOT NULL,
  `CREATED_DATE` datetime NOT NULL,
  `NAME` varchar(255) DEFAULT NULL,
  `DESCRIPTION` varchar(255) NOT NULL,
  `OWNER_TYPE` varchar(255) DEFAULT NULL,
  `NUMBER_OF_FLOOR` int(11) DEFAULT '1',
  `SIZE` varchar(255) DEFAULT NULL,
  `REAL_ESTATE_ID` bigint(10) DEFAULT NULL,
  `COST` double NOT NULL DEFAULT '0',
  `HOUSE_CATEGORY` varchar(255) DEFAULT NULL,
  `COST_UNIT` varchar(10) NOT NULL DEFAULT 'INR',
  `HOUSE_TYPE` bigint(10) NOT NULL,
  `OWNER_ADMIN` bigint(10) DEFAULT NULL,
  `HOUSE_NUMBER` varchar(21) DEFAULT NULL,
  `USER_ID` bigint(10) NOT NULL DEFAULT '1',
  PRIMARY KEY (`ID`),
  KEY `FK_HOUSE_HOUSE_TYPE` (`HOUSE_TYPE`),
  KEY `FK_HOUSE_OWNER_ADMIN` (`OWNER_ADMIN`)
) ENGINE=MyISAM AUTO_INCREMENT=136 DEFAULT CHARSET=latin1;

/*Data for the table `house` */

insert into `house` values 
(118,'2013-11-25 11:41:34','2013-11-25 11:41:34','hjkhjkhk',';kdjf;lkdsj',NULL,1,'7',11,8090,NULL,'INR',2,NULL,NULL,1),
(117,'2013-11-25 11:19:14','2013-11-25 11:19:14','loki','dj;flkjadklfja;lkdsjf;l',NULL,1,'7',11,8090,NULL,'INR',3,NULL,NULL,1),
(119,'2013-11-28 16:45:56','2013-11-28 16:45:56','kljlk','lkjlkjlk',NULL,1,'7878',11,98,NULL,'INR',3,NULL,NULL,1),
(120,'2013-12-30 11:05:08','2013-12-30 11:05:08','kljlk','lkjlkjlk',NULL,1,'7878',11,98,NULL,'INR',3,NULL,NULL,1),
(121,'2013-12-30 11:16:04','2013-12-30 11:16:04','test4','lkjlkjlk',NULL,1,'7878',11,98,NULL,'INR',3,NULL,NULL,1),
(124,'2014-03-05 22:41:33','2014-03-05 22:41:33','Not Available','asdfghjkl',NULL,1,'2000',1,5000,NULL,'INR',3,NULL,NULL,740),
(127,'2014-01-20 11:47:54','2014-01-20 11:47:54','Not Available','sdfghjk',NULL,1,'2000',1,5000,NULL,'INR',2,NULL,NULL,740),
(128,'2014-03-05 13:43:30','2014-03-05 13:43:30','Tulsi gest house','8 down vote You can do some Javascript in the form\'s submit event.',NULL,1,'12000',1,800000,NULL,'INR',4,NULL,NULL,740),
(129,'2014-03-05 13:45:29','2014-03-05 13:45:29','Tulsi gest house','8 down vote You can do some Javascript in the form\'s submit event.',NULL,1,'12000',1,800000,NULL,'INR',4,NULL,NULL,740),
(130,'2014-03-05 15:05:33','2014-03-05 15:05:33','Tulip gest house','Latest 2013 summer collection.Free shiping & cash on delivery.shop now',NULL,1,'12000',1,100000,NULL,'INR',2,NULL,NULL,740),
(131,'2014-03-05 15:11:48','2014-03-05 15:11:48','Tara guest house','Latest 2013 summer collection.Free shiping & cash on delivery.shop now',NULL,1,'8797987',1,50000,NULL,'INR',3,NULL,NULL,740),
(132,'2014-03-05 15:27:00','2014-03-05 15:27:00','kjklj','jkhkjh',NULL,1,'979798798',1,897987,NULL,'INR',3,NULL,NULL,740),
(133,'2014-03-05 15:45:20','2014-03-05 15:45:20','Tulsi gest house','lkjlkj',NULL,1,'12000',1,800000,NULL,'INR',2,NULL,NULL,740),
(134,'2014-03-06 23:07:06','2014-03-06 23:07:06','Bangali kothi','Classic sweet',NULL,1,'330000',1,333000000,NULL,'INR',4,NULL,NULL,740),
(135,'2014-03-07 12:33:02','2014-03-07 12:33:02','jkhkjh','jkhkjhk',NULL,1,'87897',12,908098,NULL,'INR',2,NULL,NULL,740);

/*Table structure for table `house_address` */

DROP TABLE IF EXISTS `house_address`;

CREATE TABLE `house_address` (
  `ID` bigint(10) NOT NULL AUTO_INCREMENT,
  `STREET_NAME` varchar(255) DEFAULT NULL,
  `AREA_NAME` varchar(255) DEFAULT NULL,
  `AREA_CODE` varchar(21) DEFAULT NULL,
  `COUNTRY` varchar(25) DEFAULT NULL,
  `STATE` varchar(25) DEFAULT NULL,
  `CITY` varchar(25) DEFAULT NULL,
  `HOUSE_ID` bigint(10) DEFAULT NULL,
  PRIMARY KEY (`ID`)
) ENGINE=InnoDB AUTO_INCREMENT=13 DEFAULT CHARSET=latin1;

/*Data for the table `house_address` */

insert into `house_address` values 
(3,'NH72','Joligrant','248140','98','27','8',127),
(4,'NH72','Joligrant','248140','98','27','8',124),
(5,'Haridwar Road','Sarsvati Vihaar','248001','98','27','8',128),
(6,'Haridwar Road','Sarsvati Vihaar','248001','98','27','8',129),
(7,'Haridwar Road','Sarsvati Vihaar','248001','98','27','8',130),
(8,'Dudhli Road','Doiwala','248140','98','27','8',131),
(9,'Haridwar Road','Sarsvati Vihaar','248140','98','27','8',132),
(10,'Haridwar Road','Doiwala','248140','98','27','8',133),
(11,'Bell Road','Clemen town','248001','98','27','8',134),
(12,'jkhjk','hkjhkjhkjhk','248001','98','27','8',135);

/*Table structure for table `house_image` */

DROP TABLE IF EXISTS `house_image`;

CREATE TABLE `house_image` (
  `ID` bigint(10) NOT NULL AUTO_INCREMENT,
  `ALT` varchar(21) DEFAULT NULL,
  `IMAGE_PATH` varchar(255) NOT NULL,
  `IMAGE_PATH_BIG` varchar(255) DEFAULT NULL,
  `HOUSE_ID` bigint(10) NOT NULL,
  PRIMARY KEY (`ID`),
  KEY `FK_HOUSE_IMAGE_HOUE_ID` (`HOUSE_ID`)
) ENGINE=MyISAM AUTO_INCREMENT=75 DEFAULT CHARSET=latin1;

/*Data for the table `house_image` */

insert into `house_image` values 
(57,NULL,'/usr/local/userPhotos/HOUSE/117/na_preri.gif','/usr/local/userPhotos/Big/HOUSE/117/na_preri.gif',117),
(58,NULL,'/usr/local/userPhotos/HOUSE/118/1476435_558998504180050_2080544610_n.jpg','/usr/local/userPhotos/Big/HOUSE/118/1476435_558998504180050_2080544610_n.jpg',118),
(59,NULL,'/usr/local/userPhotos/HOUSE/119/1456639_614098435291986_1515615659_n.jpg','/usr/local/userPhotos/Big/HOUSE/119/1456639_614098435291986_1515615659_n.jpg',119),
(60,NULL,'/usr/local/userPhotos/HOUSE/120/autumn-wallpaper-hd.jpg','/usr/local/userPhotos/Big/HOUSE/120/autumn-wallpaper-hd.jpg',120),
(61,NULL,'/usr/local/userPhotos/HOUSE/121/1471764_557221921032032_1469736954_a.jpg','/usr/local/userPhotos/Big/HOUSE/121/1471764_557221921032032_1469736954_a.jpg',121),
(63,NULL,'/usr/local/userPhotos/HOUSE/124/autumn-landscape-with-trees-1920x1080-wallpaper-11341.jpg','/usr/local/userPhotos/Big/HOUSE/124/autumn-landscape-with-trees-1920x1080-wallpaper-11341.jpg',124),
(66,NULL,'/usr/local/userPhotos/HOUSE/127/1480574_600682716658532_1629368238_a.jpg','/usr/local/userPhotos/Big/HOUSE/127/1480574_600682716658532_1629368238_a.jpg',127),
(67,NULL,'/usr/local/userPhotos/HOUSE/128/cusion.jpg','/usr/local/userPhotos/Big/HOUSE/128/cusion.jpg',128),
(68,NULL,'/usr/local/userPhotos/HOUSE/129/cusion.jpg','/usr/local/userPhotos/Big/HOUSE/129/cusion.jpg',129),
(69,NULL,'/usr/local/userPhotos/HOUSE/130/bag.jpg','/usr/local/userPhotos/Big/HOUSE/130/bag.jpg',130),
(70,NULL,'/usr/local/userPhotos/HOUSE/131/main-qimg-ac0e50afb969831693bc575c10a31068.jpg','/usr/local/userPhotos/Big/HOUSE/131/main-qimg-ac0e50afb969831693bc575c10a31068.jpg',131),
(71,NULL,'/usr/local/userPhotos/HOUSE/132/Curtain.jpg','/usr/local/userPhotos/Big/HOUSE/132/Curtain.jpg',132),
(72,NULL,'/usr/local/userPhotos/HOUSE/133/960100_371945906274477_81820131_n.jpg','/usr/local/userPhotos/Big/HOUSE/133/960100_371945906274477_81820131_n.jpg',133),
(73,NULL,'/usr/local/userPhotos/HOUSE/134/na_preri.gif','/usr/local/userPhotos/Big/HOUSE/134/na_preri.gif',134),
(74,NULL,'/usr/local/userPhotos/HOUSE/135/autumn-landscape-with-trees-1920x1080-wallpaper-11341.jpg','/usr/local/userPhotos/Big/HOUSE/135/autumn-landscape-with-trees-1920x1080-wallpaper-11341.jpg',135);

/*Table structure for table `house_type` */

DROP TABLE IF EXISTS `house_type`;

CREATE TABLE `house_type` (
  `ID` bigint(10) NOT NULL AUTO_INCREMENT,
  `TYPE` varchar(255) NOT NULL,
  PRIMARY KEY (`ID`)
) ENGINE=MyISAM AUTO_INCREMENT=5 DEFAULT CHARSET=latin1;

/*Data for the table `house_type` */

insert into `house_type` values 
(1,'1BHK'),
(2,'2BHK'),
(3,'3BHK'),
(4,'4BHK');

/*Table structure for table `image` */

DROP TABLE IF EXISTS `image`;

CREATE TABLE `image` (
  `ID` bigint(10) NOT NULL AUTO_INCREMENT,
  `IMAGE_PATH` varchar(255) NOT NULL,
  `ITEM_TYPE` varchar(255) NOT NULL,
  `ITEM_ID` bigint(10) NOT NULL,
  PRIMARY KEY (`ID`)
) ENGINE=MyISAM AUTO_INCREMENT=223 DEFAULT CHARSET=latin1;

/*Data for the table `image` */

/*Table structure for table `image_banner_ad` */

DROP TABLE IF EXISTS `image_banner_ad`;

CREATE TABLE `image_banner_ad` (
  `ID` bigint(10) NOT NULL,
  `IMAGE_PATH` varchar(255) DEFAULT NULL,
  `MIN_PAY_OUT_PER_DAY` bigint(10) DEFAULT NULL,
  `MIN_PAY_OUT` bigint(10) DEFAULT NULL,
  `START_DATE` date DEFAULT NULL,
  `END_DATE` date DEFAULT NULL,
  `TOTAL_PRICE` bigint(10) DEFAULT NULL,
  `SHOP_CATEGORY_ID` bigint(10) DEFAULT NULL,
  PRIMARY KEY (`ID`)
) ENGINE=InnoDB DEFAULT CHARSET=latin1;

/*Data for the table `image_banner_ad` */

/*Table structure for table `institute` */

DROP TABLE IF EXISTS `institute`;

CREATE TABLE `institute` (
  `ID` bigint(10) NOT NULL AUTO_INCREMENT,
  `UPDATED_DATE` datetime NOT NULL,
  `CREATED_DATE` datetime NOT NULL,
  `NAME` varchar(100) NOT NULL,
  `DESCRIPTION` longtext,
  PRIMARY KEY (`ID`)
) ENGINE=MyISAM AUTO_INCREMENT=2 DEFAULT CHARSET=latin1;

/*Data for the table `institute` */

/*Table structure for table `institute_image` */

DROP TABLE IF EXISTS `institute_image`;

CREATE TABLE `institute_image` (
  `ID` bigint(10) NOT NULL AUTO_INCREMENT,
  `IMAGE_PATH` varchar(255) NOT NULL,
  `IMAGE_PATH_BIG` varchar(255) NOT NULL,
  `INSTITUTE_ID` bigint(10) NOT NULL,
  PRIMARY KEY (`ID`),
  KEY `FK_INSTITUTE_IMAGE_INSTITUTE_ID` (`INSTITUTE_ID`)
) ENGINE=MyISAM AUTO_INCREMENT=2 DEFAULT CHARSET=latin1;

/*Data for the table `institute_image` */

/*Table structure for table `institute_tab` */

DROP TABLE IF EXISTS `institute_tab`;

CREATE TABLE `institute_tab` (
  `ID` bigint(10) NOT NULL AUTO_INCREMENT,
  `DESCRIPTION` longtext,
  `TAB` varchar(255) NOT NULL,
  `INSTITUTE_ID` bigint(10) NOT NULL,
  PRIMARY KEY (`ID`),
  KEY `FK_INSTITUTE_TAB_INSTITUTE_ID` (`INSTITUTE_ID`)
) ENGINE=MyISAM AUTO_INCREMENT=6 DEFAULT CHARSET=latin1;

/*Data for the table `institute_tab` */

/*Table structure for table `institute_tab_image` */

DROP TABLE IF EXISTS `institute_tab_image`;

CREATE TABLE `institute_tab_image` (
  `ID` bigint(10) NOT NULL AUTO_INCREMENT,
  `IMAGE_PATH` varchar(255) NOT NULL,
  `INSTITUTE_TAB_ID` bigint(10) NOT NULL,
  PRIMARY KEY (`ID`),
  KEY `FK_INSTITUTE_TAB_IMAGE_INSTITUTE_TAB_ID` (`INSTITUTE_TAB_ID`)
) ENGINE=MyISAM DEFAULT CHARSET=latin1;

/*Data for the table `institute_tab_image` */

/*Table structure for table `interior` */

DROP TABLE IF EXISTS `interior`;

CREATE TABLE `interior` (
  `ID` bigint(10) NOT NULL AUTO_INCREMENT,
  `NAME` varchar(255) NOT NULL,
  `DESCRIPTION` varchar(255) NOT NULL,
  `COST_UNIT` varchar(6) NOT NULL,
  `COST` double NOT NULL DEFAULT '0',
  `SIZE` varchar(255) DEFAULT NULL,
  `SHOP_ID` bigint(10) NOT NULL,
  `CREATED_DATE` datetime NOT NULL,
  `UPDATED_DATE` datetime NOT NULL,
  PRIMARY KEY (`ID`),
  KEY `FK_INTERIOR_SHOP_ID` (`SHOP_ID`)
) ENGINE=MyISAM AUTO_INCREMENT=9 DEFAULT CHARSET=utf8;

/*Data for the table `interior` */

insert into `interior` values 
(1,'gjgbjhbjmn','pojnhftrhbbfsd 1234567890 ,./\';[]\\','INR',45456,'',12,'2013-08-02 13:14:09','2013-08-02 13:14:09'),
(2,'vjhfvjvjh','vskvnksdkjdskm #$%@& /.,;\'\\][','INR',456,'',12,'2013-08-02 15:19:47','2013-08-02 15:19:47'),
(3,'moon','nmjhuytrfdv 786420 ./,;\'][\\@#$%&','INR',786,'',12,'2013-08-02 15:20:30','2013-08-02 15:20:30'),
(4,'ngfuyhgvh','cvbnmlkjrytfhg','INR',886,'',12,'2013-08-02 15:21:03','2013-08-02 15:21:03'),
(5,'taniskkh','vnsidiusdjksd 1234567890 ,.;;\'[]\\/@#$%&','INR',45230,'',12,'2013-08-02 15:21:34','2013-08-02 15:21:34'),
(6,'hgtyghj','vsjhdsjdijksd 1234567890','INR',895623,'',12,'2013-08-02 15:22:16','2013-08-02 15:22:16'),
(7,'vgytun','vnsdnlksjdkjm 1234567890 @#$%&','INR',8956,'',12,'2013-08-02 15:22:38','2013-08-02 15:22:38'),
(8,'tugjbj',',./;\'[]\\@#$%& nvksjdksjdmdsjds 1234567890','INR',956,'',12,'2013-08-02 15:23:22','2013-08-02 15:23:22');

/*Table structure for table `interior_image` */

DROP TABLE IF EXISTS `interior_image`;

CREATE TABLE `interior_image` (
  `ID` bigint(10) NOT NULL AUTO_INCREMENT,
  `ALT` varchar(21) DEFAULT NULL,
  `IMAGE_PATH` varchar(255) NOT NULL,
  `IMAGE_PATH_BIG` varchar(255) NOT NULL,
  `INTERIOR_ID` bigint(10) NOT NULL,
  PRIMARY KEY (`ID`),
  KEY `FK_INTERIOR_IMAGE_INTERIOR_ID` (`INTERIOR_ID`)
) ENGINE=MyISAM DEFAULT CHARSET=utf8;

/*Data for the table `interior_image` */

/*Table structure for table `jewelry` */

DROP TABLE IF EXISTS `jewelry`;

CREATE TABLE `jewelry` (
  `ID` bigint(10) NOT NULL AUTO_INCREMENT,
  `UPDATED_DATE` datetime NOT NULL,
  `CREATED_DATE` datetime NOT NULL,
  `NAME` varchar(255) NOT NULL,
  `DESCRIPTION` varchar(255) NOT NULL,
  `TYPE_UNIT` varchar(21) DEFAULT NULL,
  `COST` varchar(255) NOT NULL,
  `COST_UNIT` varchar(10) NOT NULL DEFAULT 'INR',
  `WEIGHT` varchar(21) NOT NULL,
  `COLOR` varchar(21) DEFAULT NULL,
  `SHOP_ID` bigint(10) NOT NULL,
  PRIMARY KEY (`ID`),
  KEY `FK_JEWELRY_SHOP_ID` (`SHOP_ID`)
) ENGINE=MyISAM AUTO_INCREMENT=18 DEFAULT CHARSET=latin1;

/*Data for the table `jewelry` */

insert into `jewelry` values 
(1,'2013-08-02 16:15:24','2013-08-02 16:15:24','pgghg','12345678999990 ,;]\\[\'/.@#$%&','','57676','INR','456bb','',13),
(2,'2013-08-02 16:16:15','2013-08-02 16:16:15','gyfdrebn','vbsjhdjshdjskdn ,;[\\\'/.]?\"}}|{','','65758','INR','785 vbjs','',13),
(3,'2013-08-02 16:17:18','2013-08-02 16:17:18','desjky','vksjdhjsdiksdjsd 1234567890 /,;\'\\][.@#$%&','','700','INR','766 fkjdk','',13),
(4,'2013-08-02 16:18:19','2013-08-02 16:18:19','gyrnh','vjfkdkjdfhkdf 1234567890 ,;[\\\'/.]@#$%&','','789','INR','46 fhjd','',13),
(5,'2013-08-02 16:19:01','2013-08-02 16:19:01','gypoujnh','vbjsdbjkdnkjdfn1234567890 /\'][;.,\\','','7676','INR','45njlk','',13),
(6,'2013-08-02 16:19:43','2013-08-02 16:19:43','bhuytr','vbsjdhkjsdsdfhjk 1234567890 ,;[]\'/.\\@#$&','','7867','INR','45 bfjh','',13),
(7,'2013-08-02 16:20:27','2013-08-02 16:20:27','bhuytfgcv','vsjdgbjsdh ,./\'\\][;@#$%& 1234567890','','85623','INR','465 vhjvhj','',13),
(8,'2013-08-02 16:21:16','2013-08-02 16:21:16','nhuiop','vbjsdgbgudfjh 1234567890 ,;[]\'/\\#$%@&','','4654','INR','896nvkj','',13),
(9,'2013-09-27 15:28:42','2013-09-27 15:28:42','svsv','dbdb',NULL,'234','INR','123','sfvsv',312),
(10,'2013-09-27 15:30:25','2013-09-27 15:30:25','svsv','dbdb',NULL,'234','INR','123','sfvsv',312),
(11,'2013-09-27 15:30:57','2013-09-27 15:30:57','nmnm','hgjhgjhgj',NULL,'78','INR','8787','red',312),
(12,'2013-09-27 15:31:15','2013-09-27 15:31:15','nmnm','hgjhgjhgj',NULL,'78','INR','8787','red',312),
(13,'2013-09-27 16:08:13','2013-09-27 16:08:13','hjkhjhk','hjgjhgjh',NULL,'89','INR','8889','qqqq',312),
(14,'2013-09-27 16:08:32','2013-09-27 16:08:32','hjkhjhk','hjgjhgjh',NULL,'89','INR','8889','qqqq',312),
(15,'2013-09-27 17:39:25','2013-09-27 17:39:25','asas','kjhjhjhhjjhhj',NULL,'89','INR','89','pink',312),
(16,'2013-09-28 11:35:55','2013-09-28 11:35:55','ui','hjhkjhkjhkj',NULL,'8','INR','98','red',312),
(17,'2013-10-02 13:52:52','2013-10-02 13:52:52','','',NULL,'','INR','','',316);

/*Table structure for table `jewelry_image` */

DROP TABLE IF EXISTS `jewelry_image`;

CREATE TABLE `jewelry_image` (
  `ID` bigint(10) NOT NULL AUTO_INCREMENT,
  `ALT` varchar(21) DEFAULT NULL,
  `IMAGE_PATH` varchar(255) NOT NULL,
  `IMAGE_PATH_BIG` varchar(255) NOT NULL,
  `JEWELRY_ID` bigint(10) NOT NULL,
  PRIMARY KEY (`ID`),
  KEY `FK_JEWELRY_IMAGE_JEWELRY_ID` (`JEWELRY_ID`)
) ENGINE=MyISAM AUTO_INCREMENT=10 DEFAULT CHARSET=latin1;

/*Data for the table `jewelry_image` */

insert into `jewelry_image` values 
(1,NULL,'/usr/local/userPhotos/JEWELRY/9/bloominginalaska-windows-wallpapers-hd.jpg','/usr/local/userPhotos/Big/JEWELRY/9/bloominginalaska-windows-wallpapers-hd.jpg',9),
(2,NULL,'/usr/local/userPhotos/JEWELRY/10/bloominginalaska-windows-wallpapers-hd.jpg','/usr/local/userPhotos/Big/JEWELRY/10/bloominginalaska-windows-wallpapers-hd.jpg',10),
(3,NULL,'/usr/local/userPhotos/JEWELRY/11/1063810_495312807211507_775072561_o.jpg','/usr/local/userPhotos/Big/JEWELRY/11/1063810_495312807211507_775072561_o.jpg',11),
(4,NULL,'/usr/local/userPhotos/JEWELRY/12/1063810_495312807211507_775072561_o.jpg','/usr/local/userPhotos/Big/JEWELRY/12/1063810_495312807211507_775072561_o.jpg',12),
(5,NULL,'/usr/local/userPhotos/JEWELRY/13/city-wallpaper-1.jpg','/usr/local/userPhotos/Big/JEWELRY/13/city-wallpaper-1.jpg',13),
(6,NULL,'/usr/local/userPhotos/JEWELRY/14/city-wallpaper-1.jpg','/usr/local/userPhotos/Big/JEWELRY/14/city-wallpaper-1.jpg',14),
(7,NULL,'/usr/local/userPhotos/JEWELRY/15/v.jpg','/usr/local/userPhotos/Big/JEWELRY/15/v.jpg',15),
(8,NULL,'/usr/local/userPhotos/JEWELRY/16/autumn-trees-1920x1080-wallpaper-7135.jpg','/usr/local/userPhotos/Big/JEWELRY/16/autumn-trees-1920x1080-wallpaper-7135.jpg',16),
(9,NULL,'/usr/local/userPhotos/JEWELRY/17/199481255_fdfe885f87_s.jpg','/usr/local/userPhotos/Big/JEWELRY/17/199481255_fdfe885f87_s.jpg',17);

/*Table structure for table `job` */

DROP TABLE IF EXISTS `job`;

CREATE TABLE `job` (
  `ID` bigint(10) NOT NULL AUTO_INCREMENT,
  `NAME` varchar(255) NOT NULL,
  `DESCRIPTION` longtext NOT NULL,
  `SALARY` varchar(255) NOT NULL,
  `ACTIVE` tinyint(4) NOT NULL DEFAULT '1',
  `UPDATED_DATE` datetime NOT NULL,
  `CREATED_DATE` datetime NOT NULL,
  `SHOP_ID` bigint(10) NOT NULL,
  PRIMARY KEY (`ID`),
  KEY `FK_JOB_SHOP_ID` (`SHOP_ID`)
) ENGINE=MyISAM DEFAULT CHARSET=latin1;

/*Data for the table `job` */

/*Table structure for table `kitchen` */

DROP TABLE IF EXISTS `kitchen`;

CREATE TABLE `kitchen` (
  `ID` bigint(10) NOT NULL AUTO_INCREMENT,
  `DESCRIPTION` varchar(255) NOT NULL,
  `COST` varchar(255) NOT NULL,
  `COST_UNIT` varchar(10) NOT NULL DEFAULT 'INR',
  `SHOP_ID` bigint(10) NOT NULL,
  `NAME` varchar(255) DEFAULT NULL,
  `CREATED_DATE` datetime NOT NULL,
  `UPDATED_DATE` datetime NOT NULL,
  PRIMARY KEY (`ID`),
  KEY `FK_KITCHEN_SHOP_ID` (`SHOP_ID`)
) ENGINE=MyISAM AUTO_INCREMENT=12 DEFAULT CHARSET=latin1;

/*Data for the table `kitchen` */

insert into `kitchen` values 
(1,'bvjskdkjhsdkjdn 132548789 ,./\';[[]\\','1545','INR',11,'bvjsjvhsj','0000-00-00 00:00:00','0000-00-00 00:00:00'),
(2,'vskjhdkjhsdj 1234567890 #$%@& ./\';[]\\,','1545','INR',11,'yuihdvhjd','0000-00-00 00:00:00','0000-00-00 00:00:00'),
(3,'vnksjdjdfujdf 1234567890','1545','INR',11,'fudhj','0000-00-00 00:00:00','0000-00-00 00:00:00'),
(4,'vkjsbvjhsdhd 1234567890','16545','INR',11,'fyiusbdvkjsd','0000-00-00 00:00:00','0000-00-00 00:00:00'),
(5,'bvjshdjhs 1234567890','45465','INR',11,'ygusdgvjsd','0000-00-00 00:00:00','0000-00-00 00:00:00'),
(6,'1234567890','152','INR',11,'fushjd','0000-00-00 00:00:00','0000-00-00 00:00:00'),
(7,'nvkjdfkdj 1234567890/.,;\'][\\','46546','INR',11,'hfgsjsh','0000-00-00 00:00:00','0000-00-00 00:00:00'),
(8,'vbkjdhuhjdfuj 1234567890 \\]\'/.,;[','7686','INR',11,'yuih','0000-00-00 00:00:00','0000-00-00 00:00:00'),
(9,'hjhjhjjh','87','INR',307,'klklklklk','0000-00-00 00:00:00','0000-00-00 00:00:00'),
(10,'kitchen','8000','INR',309,'ki','0000-00-00 00:00:00','0000-00-00 00:00:00'),
(11,'new\r\n','900','INR',309,'jik','0000-00-00 00:00:00','0000-00-00 00:00:00');

/*Table structure for table `kitchen_image` */

DROP TABLE IF EXISTS `kitchen_image`;

CREATE TABLE `kitchen_image` (
  `ID` bigint(10) NOT NULL AUTO_INCREMENT,
  `ALT` varchar(21) DEFAULT NULL,
  `IMAGE_PATH` varchar(255) NOT NULL,
  `IMAGE_PATH_BIG` varchar(255) NOT NULL,
  `KITCHEN_ID` bigint(10) NOT NULL,
  PRIMARY KEY (`ID`),
  KEY `FK_KITCHEN_IMAGE_KITCHEN_ID` (`KITCHEN_ID`)
) ENGINE=MyISAM AUTO_INCREMENT=4 DEFAULT CHARSET=latin1;

/*Data for the table `kitchen_image` */

insert into `kitchen_image` values 
(1,NULL,'9/breaking-through-the-trees-1920x1080-wallpaper-7304.jpg','9/breaking-through-the-trees-1920x1080-wallpaper-7304.jpg',9),
(2,NULL,'10/autumn-wallpaper-hd.jpg','10/autumn-wallpaper-hd.jpg',10),
(3,NULL,'/usr/local/userPhotos/KITCHEN/11/around-sunset-1920x1080-wallpaper-10136.jpg','/usr/local/userPhotos/Big/KITCHEN/11/around-sunset-1920x1080-wallpaper-10136.jpg',11);

/*Table structure for table `land` */

DROP TABLE IF EXISTS `land`;

CREATE TABLE `land` (
  `ID` bigint(10) NOT NULL AUTO_INCREMENT,
  `UPDATED_DATE` datetime NOT NULL,
  `CREATED_DATE` datetime NOT NULL,
  `NAME` varchar(255) DEFAULT NULL,
  `DESCRIPTION` varchar(255) DEFAULT NULL,
  `SHAPE` varchar(255) DEFAULT NULL,
  `FACING` varchar(255) DEFAULT NULL,
  `APPROVAL` varchar(255) DEFAULT NULL,
  `SIZE` varchar(255) DEFAULT NULL,
  `COST` double DEFAULT '0',
  `LAND_TYPE` bigint(10) NOT NULL,
  `OWNER` bigint(10) DEFAULT NULL,
  `COST_UNIT` varchar(10) NOT NULL DEFAULT 'INR',
  `USER_ID` bigint(10) NOT NULL,
  `REAL_ESTATE_ID` bigint(10) NOT NULL,
  PRIMARY KEY (`ID`),
  KEY `FK_LAND_LAND_TYPE` (`LAND_TYPE`),
  KEY `FK_LAND_USER` (`OWNER`)
) ENGINE=MyISAM AUTO_INCREMENT=3 DEFAULT CHARSET=latin1;

/*Data for the table `land` */

insert into `land` values 
(1,'2014-03-05 22:52:21','2014-03-05 22:52:21','low price','asdfghjkl',NULL,NULL,NULL,'12000',1000,2,NULL,'INR',740,1),
(2,'2014-03-05 18:45:24','2014-03-05 18:45:24','Masuri ','jlkj',NULL,NULL,NULL,'14000',15000000,2,NULL,'INR',740,1);

/*Table structure for table `land_address` */

DROP TABLE IF EXISTS `land_address`;

CREATE TABLE `land_address` (
  `ID` bigint(10) NOT NULL AUTO_INCREMENT,
  `STREET_NAME` varchar(255) DEFAULT NULL,
  `AREA_NAME` varchar(255) DEFAULT NULL,
  `AREA_CODE` varchar(21) DEFAULT NULL,
  `COUNTRY` varchar(25) DEFAULT NULL,
  `STATE` varchar(25) DEFAULT NULL,
  `CITY` varchar(25) DEFAULT NULL,
  `LAND_ID` bigint(10) NOT NULL,
  PRIMARY KEY (`ID`)
) ENGINE=InnoDB AUTO_INCREMENT=3 DEFAULT CHARSET=latin1;

/*Data for the table `land_address` */

insert into `land_address` values 
(1,'DL Road','Navada','248001','98','27','8',1),
(2,'Masuri Road','Masuri','248001','98','27','8',2);

/*Table structure for table `land_image` */

DROP TABLE IF EXISTS `land_image`;

CREATE TABLE `land_image` (
  `ID` bigint(10) NOT NULL AUTO_INCREMENT,
  `ALT` varchar(21) DEFAULT NULL,
  `IMAGE_PATH` varchar(255) NOT NULL,
  `IMAGE_PATH_BIG` varchar(255) DEFAULT NULL,
  `LAND_ID` bigint(10) NOT NULL,
  PRIMARY KEY (`ID`),
  KEY `FK_LAND_IMAGE_LAND_ID` (`LAND_ID`)
) ENGINE=MyISAM AUTO_INCREMENT=3 DEFAULT CHARSET=latin1;

/*Data for the table `land_image` */

insert into `land_image` values 
(1,NULL,'/usr/local/userPhotos/LAND/1/along-the-river-1920x1080-wallpaper-7398.jpg','/usr/local/userPhotos/Big/LAND/1/along-the-river-1920x1080-wallpaper-7398.jpg',1),
(2,NULL,'/usr/local/userPhotos/LAND/2/autumn-landscape-with-trees-1920x1080-wallpaper-11341.jpg','/usr/local/userPhotos/Big/LAND/2/autumn-landscape-with-trees-1920x1080-wallpaper-11341.jpg',2);

/*Table structure for table `land_type` */

DROP TABLE IF EXISTS `land_type`;

CREATE TABLE `land_type` (
  `ID` bigint(10) NOT NULL AUTO_INCREMENT,
  `NAME` varchar(255) NOT NULL,
  PRIMARY KEY (`ID`)
) ENGINE=MyISAM AUTO_INCREMENT=4 DEFAULT CHARSET=latin1;

/*Data for the table `land_type` */

insert into `land_type` values 
(1,'Agricultural'),
(2,'Commercial'),
(3,'Residential');

/*Table structure for table `medical_equipment` */

DROP TABLE IF EXISTS `medical_equipment`;

CREATE TABLE `medical_equipment` (
  `ID` bigint(10) NOT NULL AUTO_INCREMENT,
  `NAME` varchar(255) NOT NULL,
  `DESCRIPTION` varchar(255) NOT NULL,
  `COST_UNIT` varchar(10) NOT NULL DEFAULT 'INR',
  `COST` varchar(255) NOT NULL,
  `SIZE` varchar(255) NOT NULL,
  `SHOP_ID` bigint(10) NOT NULL,
  `CREATED_DATE` datetime NOT NULL,
  `UPDATED_DATE` datetime NOT NULL,
  PRIMARY KEY (`ID`),
  KEY `FK_MEDICAL_EQUIPMENT_SHOP_ID` (`SHOP_ID`)
) ENGINE=MyISAM AUTO_INCREMENT=4 DEFAULT CHARSET=utf8;

/*Data for the table `medical_equipment` */

insert into `medical_equipment` values 
(1,'man','jkhkjh','INR','8989','877878',311,'0000-00-00 00:00:00','0000-00-00 00:00:00'),
(2,'man','jkhkjh','INR','8989','877878',311,'0000-00-00 00:00:00','0000-00-00 00:00:00'),
(3,'new','hkj','INR','87','87',311,'0000-00-00 00:00:00','0000-00-00 00:00:00');

/*Table structure for table `medical_equipment_image` */

DROP TABLE IF EXISTS `medical_equipment_image`;

CREATE TABLE `medical_equipment_image` (
  `ID` bigint(10) NOT NULL AUTO_INCREMENT,
  `ALT` varchar(21) DEFAULT NULL,
  `IMAGE_PATH` varchar(255) NOT NULL,
  `IMAGE_PATH_BIG` varchar(255) NOT NULL,
  `MEDICALEQUIPMENT_ID` bigint(10) NOT NULL,
  PRIMARY KEY (`ID`),
  KEY `FK_MEDICAL_EQUIPMENT` (`MEDICALEQUIPMENT_ID`)
) ENGINE=MyISAM AUTO_INCREMENT=4 DEFAULT CHARSET=utf8;

/*Data for the table `medical_equipment_image` */

insert into `medical_equipment_image` values 
(1,NULL,'/usr/local/userPhotos/MEDICAL_EQUIPMENT/1/1063810_495312807211507_775072561_o.jpg','/usr/local/userPhotos/Big/MEDICAL_EQUIPMENT/1/1063810_495312807211507_775072561_o.jpg',1),
(2,NULL,'/usr/local/userPhotos/MEDICAL_EQUIPMENT/2/1063810_495312807211507_775072561_o.jpg','/usr/local/userPhotos/Big/MEDICAL_EQUIPMENT/2/1063810_495312807211507_775072561_o.jpg',2),
(3,NULL,'/usr/local/userPhotos/MEDICAL_EQUIPMENT/3/1063810_495312807211507_775072561_o.jpg','/usr/local/userPhotos/Big/MEDICAL_EQUIPMENT/3/1063810_495312807211507_775072561_o.jpg',3);

/*Table structure for table `optical` */

DROP TABLE IF EXISTS `optical`;

CREATE TABLE `optical` (
  `ID` bigint(10) NOT NULL AUTO_INCREMENT,
  `NAME` varchar(255) NOT NULL,
  `DESCRIPTION` varchar(255) NOT NULL,
  `COST` varchar(255) NOT NULL,
  `COST_UNIT` varchar(10) NOT NULL DEFAULT 'INR',
  `UPDATED_DATE` datetime NOT NULL,
  `CREATED_DATE` datetime NOT NULL,
  `SHOP_ID` bigint(10) NOT NULL,
  PRIMARY KEY (`ID`),
  KEY `FK_OPTICAL_SHOP_ID` (`SHOP_ID`)
) ENGINE=MyISAM AUTO_INCREMENT=9 DEFAULT CHARSET=latin1;

/*Data for the table `optical` */

insert into `optical` values 
(1,'bjhhjj','svdfgvdfgvdf 111111111 ,;[]\'/.\\','486','INR','2013-08-02 17:01:30','2013-08-02 17:01:30',15),
(2,'nkour','v hjgvhv hnb ,./;\'[]\\','4006','INR','2013-08-02 17:02:49','2013-08-02 17:02:49',15),
(3,'vhgvh','1234567890 ,;[]\'/.\\&%$#@','598956','INR','2013-08-02 17:03:43','2013-08-02 17:03:43',15),
(4,'vhfvh','sgfdcghvhnjb 1234567890','8956','INR','2013-08-02 17:04:23','2013-08-02 17:04:23',15),
(5,'vghvgh','hsvhdkjvkd,./;\'\\][1234567890','454','INR','2013-08-02 17:04:56','2013-08-02 17:04:56',15),
(6,'chgcg','vskjhvksjhvjks 1234567890 /;]\\[\'.,|}{\"? ','123','INR','2013-08-02 17:05:44','2013-08-02 17:05:44',15),
(7,'nhuiop','chgfgvghjbhmn 1234567890 /.;\'[]\\,','7569','INR','2013-08-02 17:06:25','2013-08-02 17:06:25',15),
(8,'vbhuytr','1234567890,./\';[]\\','49632','INR','2013-08-02 17:06:55','2013-08-02 17:06:55',15);

/*Table structure for table `optical_image` */

DROP TABLE IF EXISTS `optical_image`;

CREATE TABLE `optical_image` (
  `ID` bigint(10) NOT NULL AUTO_INCREMENT,
  `ALT` varchar(21) DEFAULT NULL,
  `IMAGE_PATH` varchar(255) NOT NULL,
  `IMAGE_PATH_BIG` varchar(255) NOT NULL,
  `OPTICAL_ID` bigint(10) NOT NULL,
  PRIMARY KEY (`ID`),
  KEY `FK_OPTICAL_IMAGE_OPTICAL_ID` (`OPTICAL_ID`)
) ENGINE=MyISAM AUTO_INCREMENT=9 DEFAULT CHARSET=latin1;

/*Data for the table `optical_image` */

insert into `optical_image` values 
(1,NULL,'/usr/local/userPhotos/OPTICAL/1/Default.jpg','/usr/local/userPhotos/Big/OPTICAL/1/Default.jpg',1),
(2,NULL,'/usr/local/userPhotos/OPTICAL/2/gucci-sunglasses.jpg','/usr/local/userPhotos/Big/OPTICAL/2/gucci-sunglasses.jpg',2),
(3,NULL,'/usr/local/userPhotos/OPTICAL/3/Cool_Glasses.jpg','/usr/local/userPhotos/Big/OPTICAL/3/Cool_Glasses.jpg',3),
(4,NULL,'/usr/local/userPhotos/OPTICAL/4/Glasses-Frames.jpg','/usr/local/userPhotos/Big/OPTICAL/4/Glasses-Frames.jpg',4),
(5,NULL,'/usr/local/userPhotos/OPTICAL/5/sunglasses.jpg','/usr/local/userPhotos/Big/OPTICAL/5/sunglasses.jpg',5),
(6,NULL,'/usr/local/userPhotos/OPTICAL/6/Old_Glasses.jpg','/usr/local/userPhotos/Big/OPTICAL/6/Old_Glasses.jpg',6),
(7,NULL,'/usr/local/userPhotos/OPTICAL/7/Work1.jpg','/usr/local/userPhotos/Big/OPTICAL/7/Work1.jpg',7),
(8,NULL,'/usr/local/userPhotos/OPTICAL/8/Work.jpg','/usr/local/userPhotos/Big/OPTICAL/8/Work.jpg',8);

/*Table structure for table `other` */

DROP TABLE IF EXISTS `other`;

CREATE TABLE `other` (
  `ID` bigint(10) NOT NULL AUTO_INCREMENT,
  `UPDATED_DATE` datetime NOT NULL,
  `CREATED_DATE` datetime NOT NULL,
  `NAME` varchar(255) DEFAULT NULL,
  `DESCRIPTION` varchar(255) DEFAULT NULL,
  `SHAPE` varchar(255) DEFAULT NULL,
  `FACING` varchar(255) DEFAULT NULL,
  `APPROVAL` varchar(255) DEFAULT NULL,
  `SIZE` varchar(255) DEFAULT NULL,
  `COST` double NOT NULL DEFAULT '0',
  `TYPE` varchar(50) DEFAULT NULL,
  `OWNER` bigint(10) DEFAULT NULL,
  `ADDRESS` bigint(10) DEFAULT NULL,
  `OWNER_ID` bigint(10) DEFAULT NULL,
  `COST_UNIT` varchar(10) NOT NULL DEFAULT 'INR',
  `USER_ID` bigint(10) NOT NULL DEFAULT '1',
  PRIMARY KEY (`ID`),
  KEY `FK_LAND_ADDRESS` (`ADDRESS`),
  KEY `FK_LAND_LAND_TYPE` (`TYPE`),
  KEY `FK_LAND_USER` (`OWNER`),
  KEY `FK_LAND_OWNER_ADMIN` (`OWNER_ID`)
) ENGINE=InnoDB DEFAULT CHARSET=latin1;

/*Data for the table `other` */

/*Table structure for table `other_image` */

DROP TABLE IF EXISTS `other_image`;

CREATE TABLE `other_image` (
  `ID` bigint(10) NOT NULL AUTO_INCREMENT,
  `IMAGE_PATH` varchar(255) NOT NULL,
  `OTHER_ID` bigint(10) NOT NULL,
  PRIMARY KEY (`ID`),
  KEY `FK_OTHER_IMAGE_OTHER_ID` (`OTHER_ID`)
) ENGINE=InnoDB DEFAULT CHARSET=latin1;

/*Data for the table `other_image` */

/*Table structure for table `owner` */

DROP TABLE IF EXISTS `owner`;

CREATE TABLE `owner` (
  `ID` bigint(10) NOT NULL AUTO_INCREMENT,
  `NAME` varchar(255) DEFAULT NULL,
  `CONTACT_NUMBER` varchar(21) DEFAULT NULL,
  `MOBILE_NUMBER` varchar(21) DEFAULT NULL,
  `UPDATED_DATE` datetime DEFAULT NULL,
  `CREATED_DATE` datetime DEFAULT NULL,
  `DESCRIPTION` longtext,
  `FIRST_NAME` varchar(50) DEFAULT NULL,
  `LAST_NAME` varchar(50) DEFAULT NULL,
  `EMAIL` varchar(50) DEFAULT NULL,
  `PASSWORD` varchar(50) DEFAULT NULL,
  `HOUSE_NAME` varchar(255) DEFAULT NULL,
  `ROLE` bigint(10) DEFAULT NULL,
  `ADDRESS_ID` bigint(10) DEFAULT NULL,
  `IS_ACTIVE` tinyint(1) DEFAULT '0',
  `INVITATION_KEY` varchar(255) DEFAULT NULL,
  `BUSINESS_CATEGORY_ID` int(3) DEFAULT '1',
  `FACEBOOK_ID` bigint(20) DEFAULT NULL,
  PRIMARY KEY (`ID`)
) ENGINE=MyISAM AUTO_INCREMENT=774 DEFAULT CHARSET=latin1;

/*Data for the table `owner` */

insert into `owner` values 
(15,'bhgyuiop',NULL,'8923641705',NULL,NULL,NULL,NULL,NULL,NULL,NULL,NULL,NULL,NULL,0,NULL,1,NULL),
(16,'bhioputre',NULL,'2365897412056',NULL,NULL,NULL,NULL,NULL,NULL,NULL,NULL,NULL,NULL,0,NULL,1,NULL),
(17,'dcgfcgh',NULL,'9856247310',NULL,NULL,NULL,NULL,NULL,NULL,NULL,NULL,NULL,NULL,0,NULL,1,NULL),
(18,'riya',NULL,'0236514799',NULL,NULL,NULL,NULL,NULL,NULL,NULL,NULL,NULL,NULL,0,NULL,1,NULL),
(346,'',NULL,'',NULL,NULL,NULL,NULL,NULL,NULL,NULL,NULL,NULL,NULL,0,NULL,1,NULL),
(347,'',NULL,'',NULL,NULL,NULL,NULL,NULL,NULL,NULL,NULL,NULL,NULL,0,NULL,1,NULL),
(349,'',NULL,'',NULL,NULL,NULL,NULL,NULL,NULL,NULL,NULL,NULL,NULL,0,NULL,1,NULL),
(351,'',NULL,'',NULL,NULL,NULL,NULL,NULL,NULL,NULL,NULL,NULL,NULL,0,NULL,1,NULL),
(353,'',NULL,'',NULL,NULL,NULL,NULL,NULL,NULL,NULL,NULL,NULL,NULL,0,NULL,1,NULL),
(355,'',NULL,'',NULL,NULL,NULL,NULL,NULL,NULL,NULL,NULL,NULL,NULL,0,NULL,1,NULL),
(358,'',NULL,'',NULL,NULL,NULL,NULL,NULL,NULL,NULL,NULL,NULL,NULL,0,NULL,1,NULL),
(360,'',NULL,'',NULL,NULL,NULL,NULL,NULL,NULL,NULL,NULL,NULL,NULL,0,NULL,1,NULL),
(362,'',NULL,'',NULL,NULL,NULL,NULL,NULL,NULL,NULL,NULL,NULL,NULL,0,NULL,1,NULL),
(364,'qwertyuioo',NULL,'asdfghjkl;',NULL,NULL,NULL,NULL,NULL,NULL,NULL,NULL,NULL,NULL,0,NULL,1,NULL),
(365,'qwertyuioo',NULL,'asdfghjkl;',NULL,NULL,NULL,NULL,NULL,NULL,NULL,NULL,NULL,NULL,0,NULL,1,NULL),
(367,'qwertyuioo',NULL,'asdfghjkl;',NULL,NULL,NULL,NULL,NULL,NULL,NULL,NULL,NULL,NULL,0,NULL,1,NULL),
(368,'qwertyuioo',NULL,'asdfghjkl;',NULL,NULL,NULL,NULL,NULL,NULL,NULL,NULL,NULL,NULL,0,NULL,1,NULL),
(370,'raw',NULL,'9808117322',NULL,NULL,NULL,NULL,NULL,NULL,NULL,NULL,NULL,NULL,0,NULL,1,NULL),
(372,'raw',NULL,'9808117322',NULL,NULL,NULL,NULL,NULL,NULL,NULL,NULL,NULL,NULL,0,NULL,1,NULL),
(373,'raw',NULL,'9808117322',NULL,NULL,NULL,NULL,NULL,NULL,NULL,NULL,NULL,NULL,0,NULL,1,NULL),
(376,'raw',NULL,'9808117322',NULL,NULL,NULL,NULL,NULL,NULL,NULL,NULL,NULL,NULL,0,NULL,1,NULL),
(378,'raw',NULL,'9808117322',NULL,NULL,NULL,NULL,NULL,NULL,NULL,NULL,NULL,NULL,0,NULL,1,NULL),
(380,'raw',NULL,'9808117322',NULL,NULL,NULL,NULL,NULL,NULL,NULL,NULL,NULL,NULL,0,NULL,1,NULL),
(382,'raw',NULL,'9808117322',NULL,NULL,NULL,NULL,NULL,NULL,NULL,NULL,NULL,NULL,0,NULL,1,NULL),
(384,'raw',NULL,'9808117322',NULL,NULL,NULL,NULL,NULL,NULL,NULL,NULL,NULL,NULL,0,NULL,1,NULL),
(386,'raw',NULL,'9808117322',NULL,NULL,NULL,NULL,NULL,NULL,NULL,NULL,NULL,NULL,0,NULL,1,NULL),
(388,'raw',NULL,'9808117322',NULL,NULL,NULL,NULL,NULL,NULL,NULL,NULL,NULL,NULL,0,NULL,1,NULL),
(390,'raw',NULL,'9808117322',NULL,NULL,NULL,NULL,NULL,NULL,NULL,NULL,NULL,NULL,0,NULL,1,NULL),
(392,'raw',NULL,'9808117322',NULL,NULL,NULL,NULL,NULL,NULL,NULL,NULL,NULL,NULL,0,NULL,1,NULL),
(394,'raw',NULL,'9808117322',NULL,NULL,NULL,NULL,NULL,NULL,NULL,NULL,NULL,NULL,0,NULL,1,NULL),
(396,'raw',NULL,'9808117322',NULL,NULL,NULL,NULL,NULL,NULL,NULL,NULL,NULL,NULL,0,NULL,1,NULL),
(398,'raw',NULL,'9808117322',NULL,NULL,NULL,NULL,NULL,NULL,NULL,NULL,NULL,NULL,0,NULL,1,NULL),
(400,'raw',NULL,'9808117322',NULL,NULL,NULL,NULL,NULL,NULL,NULL,NULL,NULL,NULL,0,NULL,1,NULL),
(401,'raw',NULL,'9808117322',NULL,NULL,NULL,NULL,NULL,NULL,NULL,NULL,NULL,NULL,0,NULL,1,NULL),
(403,'raw',NULL,'9808117322',NULL,NULL,NULL,NULL,NULL,NULL,NULL,NULL,NULL,NULL,0,NULL,1,NULL),
(405,'raw',NULL,'9808117322',NULL,NULL,NULL,NULL,NULL,NULL,NULL,NULL,NULL,NULL,0,NULL,1,NULL),
(407,'raw',NULL,'9808117322',NULL,NULL,NULL,NULL,NULL,NULL,NULL,NULL,NULL,NULL,0,NULL,1,NULL),
(408,'raw',NULL,'9808117322',NULL,NULL,NULL,NULL,NULL,NULL,NULL,NULL,NULL,NULL,0,NULL,1,NULL),
(410,'raw',NULL,'9808117322',NULL,NULL,NULL,NULL,NULL,NULL,NULL,NULL,NULL,NULL,0,NULL,1,NULL),
(411,'raw',NULL,'9808117322',NULL,NULL,NULL,NULL,NULL,NULL,NULL,NULL,NULL,NULL,0,NULL,1,NULL),
(413,'raw',NULL,'9808117322',NULL,NULL,NULL,NULL,NULL,NULL,NULL,NULL,NULL,NULL,0,NULL,1,NULL),
(414,'raw',NULL,'9808117322',NULL,NULL,NULL,NULL,NULL,NULL,NULL,NULL,NULL,NULL,0,NULL,1,NULL),
(416,'raw',NULL,'9808117322',NULL,NULL,NULL,NULL,NULL,NULL,NULL,NULL,NULL,NULL,0,NULL,1,NULL),
(417,'raw',NULL,'9808117322',NULL,NULL,NULL,NULL,NULL,NULL,NULL,NULL,NULL,NULL,0,NULL,1,NULL),
(419,'raw',NULL,'9808117322',NULL,NULL,NULL,NULL,NULL,NULL,NULL,NULL,NULL,NULL,0,NULL,1,NULL),
(421,'raw',NULL,'9808117322',NULL,NULL,NULL,NULL,NULL,NULL,NULL,NULL,NULL,NULL,0,NULL,1,NULL),
(423,'raw',NULL,'9808117322',NULL,NULL,NULL,NULL,NULL,NULL,NULL,NULL,NULL,NULL,0,NULL,1,NULL),
(424,'raw',NULL,'9808117322',NULL,NULL,NULL,NULL,NULL,NULL,NULL,NULL,NULL,NULL,0,NULL,1,NULL),
(426,NULL,NULL,'1234567890',NULL,NULL,NULL,NULL,NULL,NULL,NULL,NULL,NULL,NULL,0,NULL,1,NULL),
(428,'wertyuio',NULL,'1234567890',NULL,NULL,NULL,NULL,NULL,NULL,NULL,NULL,NULL,NULL,0,NULL,1,NULL),
(430,'wertyuio',NULL,'1234567890',NULL,NULL,NULL,NULL,NULL,NULL,NULL,NULL,NULL,NULL,0,NULL,1,NULL),
(431,'wertyuio',NULL,'1234567890',NULL,NULL,NULL,NULL,NULL,NULL,NULL,NULL,NULL,NULL,0,NULL,1,NULL),
(433,'wertyuio',NULL,'1234567890',NULL,NULL,NULL,NULL,NULL,NULL,NULL,NULL,NULL,NULL,0,NULL,1,NULL),
(435,NULL,NULL,'1234567890',NULL,NULL,NULL,NULL,NULL,NULL,NULL,NULL,NULL,NULL,0,NULL,1,NULL),
(436,NULL,NULL,'1234567890',NULL,NULL,NULL,NULL,NULL,NULL,NULL,NULL,NULL,NULL,0,NULL,1,NULL),
(438,'asdfghjkl',NULL,'1234567890',NULL,NULL,NULL,NULL,NULL,NULL,NULL,NULL,NULL,NULL,0,NULL,1,NULL),
(440,'asdfghjkl',NULL,'1234567890',NULL,NULL,NULL,NULL,NULL,NULL,NULL,NULL,NULL,NULL,0,NULL,1,NULL),
(442,'asdfghjkl',NULL,'1234567890',NULL,NULL,NULL,NULL,NULL,NULL,NULL,NULL,NULL,NULL,0,NULL,1,NULL),
(443,NULL,NULL,'1234567890',NULL,NULL,NULL,NULL,NULL,NULL,NULL,NULL,NULL,NULL,0,NULL,1,NULL),
(445,'sdfgjl;',NULL,'1234567890',NULL,NULL,NULL,NULL,NULL,NULL,NULL,NULL,NULL,NULL,0,NULL,1,NULL),
(447,'sdfgjl;',NULL,'1234567890',NULL,NULL,NULL,NULL,NULL,NULL,NULL,NULL,NULL,NULL,0,NULL,1,NULL),
(448,'sdfgjl;',NULL,'1234567890',NULL,NULL,NULL,NULL,NULL,NULL,NULL,NULL,NULL,NULL,0,NULL,1,NULL),
(450,NULL,NULL,'1234567890',NULL,NULL,NULL,NULL,NULL,NULL,NULL,NULL,NULL,NULL,0,NULL,1,NULL),
(452,'',NULL,'1234567890',NULL,NULL,NULL,NULL,NULL,NULL,NULL,NULL,NULL,NULL,0,NULL,1,NULL),
(453,'',NULL,'',NULL,NULL,NULL,NULL,NULL,NULL,NULL,NULL,NULL,NULL,0,NULL,1,NULL),
(455,'',NULL,'',NULL,NULL,NULL,NULL,NULL,NULL,NULL,NULL,NULL,NULL,0,NULL,1,NULL),
(457,'',NULL,'1234567890',NULL,NULL,NULL,NULL,NULL,NULL,NULL,NULL,NULL,NULL,0,NULL,1,NULL),
(459,'',NULL,'1234567890',NULL,NULL,NULL,NULL,NULL,NULL,NULL,NULL,NULL,NULL,0,NULL,1,NULL),
(460,'',NULL,'1234567890',NULL,NULL,NULL,NULL,NULL,NULL,NULL,NULL,NULL,NULL,0,NULL,1,NULL),
(462,'',NULL,'1234567890',NULL,NULL,NULL,NULL,NULL,NULL,NULL,NULL,NULL,NULL,0,NULL,1,NULL),
(463,'',NULL,'1234567890',NULL,NULL,NULL,NULL,NULL,NULL,NULL,NULL,NULL,NULL,0,NULL,1,NULL),
(465,'',NULL,'1234567890',NULL,NULL,NULL,NULL,NULL,NULL,NULL,NULL,NULL,NULL,0,NULL,1,NULL),
(467,'',NULL,'1234567890',NULL,NULL,NULL,NULL,NULL,NULL,NULL,NULL,NULL,NULL,0,NULL,1,NULL),
(468,'',NULL,'1234567890',NULL,NULL,NULL,NULL,NULL,NULL,NULL,NULL,NULL,NULL,0,NULL,1,NULL),
(488,NULL,NULL,'1234567890',NULL,NULL,NULL,NULL,NULL,NULL,NULL,NULL,NULL,NULL,0,NULL,1,NULL),
(495,NULL,NULL,NULL,NULL,NULL,NULL,NULL,NULL,NULL,NULL,NULL,NULL,NULL,0,NULL,1,NULL),
(503,'',NULL,'1234567890',NULL,NULL,NULL,NULL,NULL,NULL,NULL,NULL,NULL,NULL,0,NULL,1,NULL),
(601,NULL,NULL,'sdfgh',NULL,NULL,NULL,NULL,NULL,NULL,NULL,NULL,NULL,NULL,0,NULL,1,NULL),
(643,'123',NULL,'1234567890',NULL,NULL,NULL,NULL,NULL,NULL,NULL,NULL,NULL,NULL,0,NULL,1,NULL),
(739,'salman',NULL,'8909785634','0000-00-00 00:00:00',NULL,NULL,NULL,NULL,'vikas.singh1@soarlogic.com','7c222fb2927d828af22f592134e8932480637c0d',NULL,1,3253,1,'52C6407537B7E1.00275814',1,NULL),
(740,'vicky',NULL,'9808765423',NULL,NULL,NULL,'Vikas','Singh','vikas.singh2@soarlogic.com','7c222fb2927d828af22f592134e8932480637c0d',NULL,1,3255,1,'52D37D6A63D811.10220716',1,NULL),
(751,'vicky',NULL,'9808765423',NULL,NULL,NULL,NULL,NULL,NULL,NULL,NULL,NULL,NULL,0,NULL,1,NULL),
(748,'name',NULL,'0989786765',NULL,NULL,NULL,NULL,NULL,'name@gmail.com',NULL,NULL,NULL,3257,0,NULL,1,NULL),
(750,'vicky',NULL,'9808765423',NULL,NULL,NULL,NULL,NULL,NULL,NULL,NULL,NULL,NULL,0,NULL,1,NULL),
(752,'jay',NULL,'9808765423',NULL,NULL,NULL,NULL,NULL,'jay@gmail.com',NULL,NULL,NULL,3289,0,NULL,1,NULL),
(754,'anil',NULL,NULL,'2014-03-11 13:42:14','2014-03-11 13:42:14',NULL,'Anil','Bhadula','anilbhadula@soarlogic.com','7c222fb2927d828af22f592134e8932480637c0d',NULL,1,NULL,0,'531EC55EA02B83.48365862',1,NULL),
(755,'vikas',NULL,'9808117322','2014-03-14 16:41:49','2014-03-14 16:41:49',NULL,'vikas','singh','vikas.singh3@soarlogic.com','7c222fb2927d828af22f592134e8932480637c0d',NULL,1,3318,1,'5322E3F551E998.59817062',1,NULL),
(773,'vikas',NULL,'98081173200',NULL,NULL,NULL,'Vikas','Singh','vikas.singh@soarlogic.com','7c222fb2927d828af22f592134e8932480637c0d',NULL,1,3321,1,'53281FAC48BDE6.25260664',1,NULL);

/*Table structure for table `owner_image` */

DROP TABLE IF EXISTS `owner_image`;

CREATE TABLE `owner_image` (
  `ID` bigint(10) NOT NULL AUTO_INCREMENT,
  `IMAGE_PATH` varchar(255) NOT NULL,
  `OWNER_ID` bigint(10) NOT NULL,
  PRIMARY KEY (`ID`),
  KEY `FK_OWNER_IMAGE_OWNER` (`OWNER_ID`)
) ENGINE=MyISAM AUTO_INCREMENT=262 DEFAULT CHARSET=latin1;

/*Data for the table `owner_image` */

insert into `owner_image` values 
(1,'/usr/local/userPhotos/OWNER/1/Owner_Default.jpg',1),
(2,'/usr/local/userPhotos/OWNER/2/Owner_Default.jpg',2),
(3,'/usr/local/userPhotos/OWNER/3/Owner_Default.gif',3),
(4,'/usr/local/userPhotos/OWNER/4/MaleSilhouette.jpeg.jpg',4),
(5,'/usr/local/userPhotos/OWNER/5/MaleSilhouette.jpeg.jpg',5),
(6,'/usr/local/userPhotos/OWNER/6/Owner_Default.jpg',6),
(7,'/usr/local/userPhotos/OWNER/7/Owner_Default.jpg',7),
(8,'/usr/local/userPhotos/OWNER/8/Owner_Default.jpg',8),
(9,'/usr/local/userPhotos/OWNER/9/Owner_Default.jpg',9),
(10,'/usr/local/userPhotos/OWNER/10/Owner_Default.jpg',10),
(11,'/usr/local/userPhotos/OWNER/11/Owner_Default.gif',11),
(12,'/usr/local/userPhotos/OWNER/12/Owner_Default.gif',12),
(13,'/usr/local/userPhotos/OWNER/13/Owner_Default.jpg',13),
(14,'/usr/local/userPhotos/OWNER/14/Owner_Default.gif',14),
(15,'/usr/local/userPhotos/OWNER/15/Owner_Default.gif',15),
(16,'/usr/local/userPhotos/OWNER/16/MaleSilhouette.jpeg.jpg',16),
(17,'/usr/local/userPhotos/OWNER/17/Owner_Default.gif',17),
(18,'/usr/local/userPhotos/OWNER/18/MaleSilhouette.jpeg.jpg',18),
(19,'/usr/local/userPhotos/OWNER/19/Deafult.jpg',19),
(20,'/usr/local/userPhotos/OWNER/285/autumn-wallpaper-hd.jpg',285),
(21,'/usr/local/userPhotos/OWNER/286/autumn-wallpaper-hd.jpg',286),
(22,'/usr/local/userPhotos/OWNER/287/autumn-wallpaper-hd.jpg',287),
(23,'/usr/local/userPhotos/OWNER/288/autumn-wallpaper-hd.jpg',288),
(24,'/usr/local/userPhotos/OWNER/289/autumn-wallpaper-hd.jpg',289),
(25,'/usr/local/userPhotos/OWNER/290/autumn-wallpaper-hd.jpg',290),
(26,'/usr/local/userPhotos/OWNER/291/autumn-wallpaper-hd.jpg',291),
(27,'/usr/local/userPhotos/OWNER/292/autumn-wallpaper-hd.jpg',292),
(28,'/usr/local/userPhotos/OWNER/293/autumn-wallpaper-hd.jpg',293),
(29,'/usr/local/userPhotos/OWNER/294/autumn-wallpaper-hd.jpg',294),
(30,'/usr/local/userPhotos/OWNER/295/autumn-wallpaper-hd.jpg',295),
(31,'/usr/local/userPhotos/OWNER/296/autumn-wallpaper-hd.jpg',296),
(32,'/usr/local/userPhotos/OWNER/297/autumn-wallpaper-hd.jpg',297),
(33,'/usr/local/userPhotos/OWNER/298/autumn-wallpaper-hd.jpg',298),
(34,'/usr/local/userPhotos/OWNER/299/autumn-wallpaper-hd.jpg',299),
(35,'/usr/local/userPhotos/OWNER/300/autumn-wallpaper-hd.jpg',300),
(36,'/usr/local/userPhotos/OWNER/301/autumn-wallpaper-hd.jpg',301),
(37,'/usr/local/userPhotos/OWNER/302/autumn-wallpaper-hd.jpg',302),
(38,'/usr/local/userPhotos/OWNER/303/autumn-wallpaper-hd.jpg',303),
(39,'/usr/local/userPhotos/OWNER/304/autumn-wallpaper-hd.jpg',304),
(40,'/usr/local/userPhotos/OWNER/305/autumn-wallpaper-hd.jpg',305),
(41,'/usr/local/userPhotos/OWNER/306/autumn-wallpaper-hd.jpg',306),
(42,'/usr/local/userPhotos/OWNER/307/autumn-wallpaper-hd.jpg',307),
(43,'/usr/local/userPhotos/OWNER/308/autumn-wallpaper-hd.jpg',308),
(44,'/usr/local/userPhotos/OWNER/309/autumn-wallpaper-hd.jpg',309),
(45,'/usr/local/userPhotos/OWNER/310/autumn-wallpaper-hd.jpg',310),
(46,'/usr/local/userPhotos/OWNER/311/autumn-wallpaper-hd.jpg',311),
(47,'/usr/local/userPhotos/OWNER/312/autumn-wallpaper-hd.jpg',312),
(48,'/usr/local/userPhotos/OWNER/313/autumn-wallpaper-hd.jpg',313),
(49,'/usr/local/userPhotos/OWNER/314/autumn-wallpaper-hd.jpg',314),
(50,'/usr/local/userPhotos/OWNER/315/autumn-wallpaper-hd.jpg',315),
(51,'/usr/local/userPhotos/OWNER/316/autumn-wallpaper-hd.jpg',316),
(52,'/usr/local/userPhotos/OWNER/317/autumn-wallpaper-hd.jpg',317),
(53,'/usr/local/userPhotos/OWNER/318/autumn-wallpaper-hd.jpg',318),
(54,'/usr/local/userPhotos/OWNER/319/city-wallpaper-1.jpg',319),
(55,'/usr/local/userPhotos/OWNER/320/avatar77321_1.gif',320),
(56,'/usr/local/userPhotos/OWNER/321/avatar77321_1.gif',321),
(57,'/usr/local/userPhotos/OWNER/328/bloominginalaska-windows-wallpapers-hd.jpg',328),
(58,'/usr/local/userPhotos/OWNER/329/bloominginalaska-windows-wallpapers-hd.jpg',329),
(59,'/usr/local/userPhotos/OWNER/330/bloominginalaska-windows-wallpapers-hd.jpg',330),
(60,'/usr/local/userPhotos/OWNER/370/avatar77321_1.gif',370),
(61,'/usr/local/userPhotos/OWNER/371/avatar77321_1.gif',371),
(62,'/usr/local/userPhotos/OWNER/372/avatar77321_1.gif',372),
(63,'/usr/local/userPhotos/OWNER/373/avatar77321_1.gif',373),
(64,'/usr/local/userPhotos/OWNER/374/avatar77321_1.gif',374),
(65,'/usr/local/userPhotos/OWNER/375/avatar77321_1.gif',375),
(66,'/usr/local/userPhotos/OWNER/376/avatar77321_1.gif',376),
(67,'/usr/local/userPhotos/OWNER/377/avatar77321_1.gif',377),
(68,'/usr/local/userPhotos/OWNER/378/avatar77321_1.gif',378),
(69,'/usr/local/userPhotos/OWNER/379/avatar77321_1.gif',379),
(70,'/usr/local/userPhotos/OWNER/380/avatar77321_1.gif',380),
(71,'/usr/local/userPhotos/OWNER/381/avatar77321_1.gif',381),
(72,'/usr/local/userPhotos/OWNER/382/avatar77321_1.gif',382),
(73,'/usr/local/userPhotos/OWNER/383/avatar77321_1.gif',383),
(74,'/usr/local/userPhotos/OWNER/384/avatar77321_1.gif',384),
(75,'/usr/local/userPhotos/OWNER/385/avatar77321_1.gif',385),
(76,'/usr/local/userPhotos/OWNER/386/avatar77321_1.gif',386),
(77,'/usr/local/userPhotos/OWNER/387/avatar77321_1.gif',387),
(78,'/usr/local/userPhotos/OWNER/388/avatar77321_1.gif',388),
(79,'/usr/local/userPhotos/OWNER/389/avatar77321_1.gif',389),
(80,'/usr/local/userPhotos/OWNER/390/avatar77321_1.gif',390),
(81,'/usr/local/userPhotos/OWNER/391/avatar77321_1.gif',391),
(82,'/usr/local/userPhotos/OWNER/392/avatar77321_1.gif',392),
(83,'/usr/local/userPhotos/OWNER/393/avatar77321_1.gif',393),
(84,'/usr/local/userPhotos/OWNER/394/avatar77321_1.gif',394),
(85,'/usr/local/userPhotos/OWNER/395/avatar77321_1.gif',395),
(86,'/usr/local/userPhotos/OWNER/396/avatar77321_1.gif',396),
(87,'/usr/local/userPhotos/OWNER/397/avatar77321_1.gif',397),
(88,'/usr/local/userPhotos/OWNER/398/avatar77321_1.gif',398),
(89,'/usr/local/userPhotos/OWNER/399/avatar77321_1.gif',399),
(90,'/usr/local/userPhotos/OWNER/400/avatar77321_1.gif',400),
(91,'/usr/local/userPhotos/OWNER/401/avatar77321_1.gif',401),
(92,'/usr/local/userPhotos/OWNER/402/avatar77321_1.gif',402),
(93,'/usr/local/userPhotos/OWNER/403/avatar77321_1.gif',403),
(94,'/usr/local/userPhotos/OWNER/404/avatar77321_1.gif',404),
(95,'/usr/local/userPhotos/OWNER/405/avatar77321_1.gif',405),
(96,'/usr/local/userPhotos/OWNER/406/avatar77321_1.gif',406),
(97,'/usr/local/userPhotos/OWNER/407/avatar77321_1.gif',407),
(98,'/usr/local/userPhotos/OWNER/408/avatar77321_1.gif',408),
(99,'/usr/local/userPhotos/OWNER/409/avatar77321_1.gif',409),
(100,'/usr/local/userPhotos/OWNER/410/avatar77321_1.gif',410),
(101,'/usr/local/userPhotos/OWNER/411/avatar77321_1.gif',411),
(102,'/usr/local/userPhotos/OWNER/470/city-wallpaper-1.jpg',470),
(103,'/usr/local/userPhotos/OWNER/2772/city-wallpaper-1.jpg',2772),
(104,'/usr/local/userPhotos/OWNER/2772/city-wallpaper-1.jpg',2772),
(105,'/usr/local/userPhotos/OWNER/2772/city-wallpaper-1.jpg',2772),
(106,'/usr/local/userPhotos/OWNER/2772/city-wallpaper-1.jpg',2772),
(107,'/usr/local/userPhotos/OWNER/2772/city-wallpaper-1.jpg',2772),
(108,'/usr/local/userPhotos/OWNER/2772/city-wallpaper-1.jpg',2772),
(109,'/usr/local/userPhotos/OWNER/2772/city-wallpaper-1.jpg',2772),
(110,'/usr/local/userPhotos/OWNER/2772/city-wallpaper-1.jpg',2772),
(111,'/usr/local/userPhotos/OWNER/2772/city-wallpaper-1.jpg',2772),
(112,'/usr/local/userPhotos/OWNER/489/autumn-wallpaper-hd.jpg',489),
(113,'/usr/local/userPhotos/OWNER/490/avatar77321_1.gif',584),
(114,'/usr/local/userPhotos/OWNER/490/avatar77321_1.gif',490),
(115,'/usr/local/userPhotos/OWNER/490/avatar77321_1.gif',490),
(116,'/usr/local/userPhotos/OWNER/491/breaking-through-the-trees-1920x1080-wallpaper-7304.jpg',491),
(117,'/usr/local/userPhotos/OWNER/570/city-wallpaper-1.jpg',570),
(118,'/usr/local/userPhotos/OWNER/570/city-wallpaper-1.jpg',570),
(119,'/usr/local/userPhotos/OWNER/594/1063810_495312807211507_775072561_o.jpg',594),
(120,'/usr/local/userPhotos/OWNER/594/1063810_495312807211507_775072561_o.jpg',594),
(121,'/usr/local/userPhotos/OWNER/594/1063810_495312807211507_775072561_o.jpg',594),
(122,'/usr/local/userPhotos/OWNER/594/1063810_495312807211507_775072561_o.jpg',594),
(123,'/usr/local/userPhotos/OWNER/594/1063810_495312807211507_775072561_o.jpg',594),
(124,'/usr/local/userPhotos/OWNER/594/1063810_495312807211507_775072561_o.jpg',594),
(125,'/usr/local/userPhotos/OWNER/594/1063810_495312807211507_775072561_o.jpg',594),
(126,'/usr/local/userPhotos/OWNER/594/1063810_495312807211507_775072561_o.jpg',594),
(127,'/usr/local/userPhotos/OWNER/594/1063810_495312807211507_775072561_o.jpg',594),
(128,'/usr/local/userPhotos/OWNER/594/1063810_495312807211507_775072561_o.jpg',594),
(129,'/usr/local/userPhotos/OWNER/594/1063810_495312807211507_775072561_o.jpg',594),
(130,'/usr/local/userPhotos/OWNER/594/1063810_495312807211507_775072561_o.jpg',594),
(131,'/usr/local/userPhotos/OWNER/594/city-wallpaper-1.jpg',594),
(132,'/usr/local/userPhotos/OWNER/594/city-wallpaper-1.jpg',594),
(133,'/usr/local/userPhotos/OWNER/595/beach-wallpaper-hd-florida-condos-download-wallpaper-wallpaper.jpg',595),
(134,'/usr/local/userPhotos/OWNER/596/along-the-river-1920x1080-wallpaper-7398.jpg',596),
(135,'/usr/local/userPhotos/OWNER/596/along-the-river-1920x1080-wallpaper-7398.jpg',596),
(136,'/usr/local/userPhotos/OWNER/597/beach-wallpaper-hd-florida-condos-download-wallpaper-wallpaper.jpg',597),
(137,'/usr/local/userPhotos/OWNER/599/along-the-river-1920x1080-wallpaper-7398.jpg',599),
(138,'/usr/local/userPhotos/OWNER/647/1063810_495312807211507_775072561_o.jpg',647),
(139,'/usr/local/userPhotos/OWNER/649/along-the-river-1920x1080-wallpaper-7398.jpg',649),
(140,'/usr/local/userPhotos/OWNER/650/along-the-river-1920x1080-wallpaper-7398.jpg',650),
(141,'/usr/local/userPhotos/OWNER/651/163531_328396987286136_2123155646_n.jpg',651),
(142,'/usr/local/userPhotos/OWNER/652/avatar77321_1.gif',652),
(143,'/usr/local/userPhotos/OWNER/657/along-the-river-1920x1080-wallpaper-7398.jpg',657),
(144,'/usr/local/userPhotos/OWNER/659/autumn-landscape-with-trees-1920x1080-wallpaper-11341.jpg',659),
(145,'/usr/local/userPhotos/OWNER/659/1063810_495312807211507_775072561_o.jpg',659),
(146,'/usr/local/userPhotos/OWNER/660/autumn-trees-1920x1080-wallpaper-7135.jpg',660),
(147,'/usr/local/userPhotos/OWNER/661/avatar77321_1.gif',661),
(148,'/usr/local/userPhotos/OWNER/662/1063810_495312807211507_775072561_o.jpg',662),
(149,'/usr/local/userPhotos/OWNER/663/1063810_495312807211507_775072561_o.jpg',663),
(150,'/usr/local/userPhotos/OWNER/664/v.jpg',664),
(151,'/usr/local/userPhotos/OWNER/665/v.jpg',665),
(152,'/usr/local/userPhotos/OWNER/666/autumn-wallpaper-hd.jpg',666),
(153,'/usr/local/userPhotos/OWNER/667/around-sunset-1920x1080-wallpaper-10136.jpg',667),
(154,'/usr/local/userPhotos/OWNER/668/v.jpg',668),
(155,'/usr/local/userPhotos/OWNER/669/avatar77321_1.gif',669),
(156,'/usr/local/userPhotos/OWNER/670/v.jpg',670),
(157,'/usr/local/userPhotos/OWNER/671/v.jpg',671),
(158,'/usr/local/userPhotos/OWNER/672/bloominginalaska-windows-wallpapers-hd.jpg',672),
(159,'/usr/local/userPhotos/OWNER/673/v.jpg',673),
(160,'/usr/local/userPhotos/OWNER/676/199481203_ad4cdcf109_s.jpg',676),
(161,'/usr/local/userPhotos/OWNER/677/229228324_08223b70fa_s.jpg',677),
(162,'/usr/local/userPhotos/OWNER/678/199481218_264ce20da0_s.jpg',678),
(163,'/usr/local/userPhotos/OWNER/679/199481087_33ae73a8de_s.jpg',679),
(164,'/usr/local/userPhotos/OWNER/680/199481255_fdfe885f87_s.jpg',680),
(165,'/usr/local/userPhotos/OWNER/681/199481143_3c148d9dd3_s.jpg',681),
(166,'/usr/local/userPhotos/OWNER/682/avatar77321_1.gif',682),
(167,'/usr/local/userPhotos/OWNER/682/avatar77321_1.gif',682),
(168,'/usr/local/userPhotos/OWNER/682/v.jpg',682),
(169,'/usr/local/userPhotos/OWNER/684/acareswell.jpg',684),
(170,'/usr/local/userPhotos/OWNER/685/acareswell.jpg',685),
(171,'/usr/local/userPhotos/OWNER/685/acareswell.jpg',685),
(172,'/usr/local/userPhotos/OWNER/686/acareswell.jpg',686),
(173,'/usr/local/userPhotos/OWNER/686/acareswell.jpg',686),
(174,'/usr/local/userPhotos/OWNER/687/1381690_587333221303438_1072552433_n_-_Copy.jpg',687),
(175,'/usr/local/userPhotos/OWNER/687/1381690_587333221303438_1072552433_n_-_Copy.jpg',687),
(176,'/usr/local/userPhotos/OWNER/697/acareswell.jpg',697),
(177,'/usr/local/userPhotos/OWNER/698/IMG_01112013_131849.png',698),
(178,'/usr/local/userPhotos/OWNER/699/acareswell.jpg',699),
(179,'/usr/local/userPhotos/OWNER/700/acareswell.jpg',700),
(180,'/usr/local/userPhotos/OWNER/701/v.jpg',701),
(181,'/usr/local/userPhotos/OWNER/702/v.jpg',702),
(182,'/usr/local/userPhotos/OWNER/703/v.jpg',703),
(183,'/usr/local/userPhotos/OWNER/704/avatar77321_1.gif',704),
(184,'/usr/local/userPhotos/OWNER/705/v.jpg',705),
(185,'/usr/local/userPhotos/OWNER/706/v.jpg',706),
(186,'/usr/local/userPhotos/OWNER/707/1476435_558998504180050_2080544610_n.jpg',707),
(187,'/usr/local/userPhotos/OWNER/707/1476435_558998504180050_2080544610_n.jpg',707),
(188,'/usr/local/userPhotos/OWNER/708/1476532_571893542883063_394917734_n.jpg',708),
(189,'/usr/local/userPhotos/OWNER/708/1476532_571893542883063_394917734_n.jpg',708),
(190,'/usr/local/userPhotos/OWNER/708/1476532_571893542883063_394917734_n.jpg',708),
(191,'/usr/local/userPhotos/OWNER/708/1476532_571893542883063_394917734_n.jpg',708),
(192,'/usr/local/userPhotos/OWNER/708/1476532_571893542883063_394917734_n.jpg',708),
(193,'/usr/local/userPhotos/OWNER/708/1476532_571893542883063_394917734_n.jpg',708),
(194,'/usr/local/userPhotos/OWNER/708/1476532_571893542883063_394917734_n.jpg',708),
(195,'/usr/local/userPhotos/OWNER/708/1476532_571893542883063_394917734_n.jpg',708),
(196,'/usr/local/userPhotos/OWNER/708/1476532_571893542883063_394917734_n.jpg',708),
(197,'/usr/local/userPhotos/OWNER/708/1476532_571893542883063_394917734_n.jpg',708),
(198,'/usr/local/userPhotos/OWNER/708/1476532_571893542883063_394917734_n.jpg',708),
(199,'/usr/local/userPhotos/OWNER/708/1476532_571893542883063_394917734_n.jpg',708),
(200,'/usr/local/userPhotos/OWNER/708/1476532_571893542883063_394917734_n.jpg',708),
(201,'/usr/local/userPhotos/OWNER/708/1476532_571893542883063_394917734_n.jpg',708),
(202,'/usr/local/userPhotos/OWNER/708/1476532_571893542883063_394917734_n.jpg',708),
(203,'/usr/local/userPhotos/OWNER/713/1476532_571893542883063_394917734_n.jpg',713),
(204,'/usr/local/userPhotos/OWNER/714/1476532_571893542883063_394917734_n.jpg',714),
(205,'/usr/local/userPhotos/OWNER/715/1476435_558998504180050_2080544610_n.jpg',715),
(206,'/usr/local/userPhotos/OWNER/716/1476532_571893542883063_394917734_n.jpg',716),
(207,'/usr/local/userPhotos/OWNER/717/1476532_571893542883063_394917734_n.jpg',717),
(208,'/usr/local/userPhotos/OWNER/718/1456639_614098435291986_1515615659_n.jpg',718),
(209,'/usr/local/userPhotos/OWNER/719/1451974_613168502074267_1569905781_s.jpg',719),
(210,'/usr/local/userPhotos/OWNER/720/1476435_558998504180050_2080544610_n.jpg',720),
(211,'/usr/local/userPhotos/OWNER/721/1455142_612410932150004_1164928356_n.jpg',721),
(212,'/usr/local/userPhotos/OWNER/722/1476532_571893542883063_394917734_n.jpg',722),
(213,'/usr/local/userPhotos/OWNER/723/1476532_571893542883063_394917734_n.jpg',723),
(214,'/usr/local/userPhotos/OWNER/724/1476532_571893542883063_394917734_n.jpg',724),
(215,'/usr/local/userPhotos/OWNER/725/1476532_571893542883063_394917734_n.jpg',725),
(216,'/usr/local/userPhotos/OWNER/726/1455142_612410932150004_1164928356_n.jpg',726),
(217,'/usr/local/userPhotos/OWNER/727/1455142_612410932150004_1164928356_n.jpg',727),
(218,'/usr/local/userPhotos/OWNER/728/1476532_571893542883063_394917734_n.jpg',728),
(219,'/usr/local/userPhotos/OWNER/729/1455142_612410932150004_1164928356_n.jpg',729),
(220,'/usr/local/userPhotos/OWNER/730/1476532_571893542883063_394917734_n.jpg',730),
(221,'/usr/local/userPhotos/OWNER/731/1476435_558998504180050_2080544610_n.jpg',731),
(222,'/usr/local/userPhotos/OWNER/732/1451974_613168502074267_1569905781_s.jpg',732),
(223,'/usr/local/userPhotos/OWNER/733/American-credit-cards.jpg',733),
(224,'/usr/local/userPhotos/OWNER/734/index.jpg',734),
(225,'/usr/local/userPhotos/OWNER/734/index.jpg',734),
(226,'/usr/local/userPhotos/OWNER/734/index.jpg',734),
(227,'/usr/local/userPhotos/OWNER/735/960100_371945906274477_81820131_n.jpg',735),
(228,'/usr/local/userPhotos/OWNER/736/1471764_557221921032032_1469736954_a.jpg',736),
(229,'/usr/local/userPhotos/OWNER/736/add-bggreen.jpg',736),
(230,'/usr/local/userPhotos/OWNER/736/around-sunset-1920x1080-wallpaper-10136.jpg',736),
(231,'/usr/local/userPhotos/OWNER/736/around-sunset-1920x1080-wallpaper-10136.jpg',736),
(232,'/usr/local/userPhotos/OWNER/736/1451974_613168502074267_1569905781_s.jpg',736),
(233,'/usr/local/userPhotos/OWNER/736/autumn-wallpaper-hd.jpg',736),
(234,'/usr/local/userPhotos/OWNER/736/1471764_557221921032032_1469736954_a.jpg',736),
(235,'/usr/local/userPhotos/OWNER/736/1471764_557221921032032_1469736954_a.jpg',736),
(236,'/usr/local/userPhotos/OWNER/736/1480574_600682716658532_1629368238_a.jpg',736),
(237,'/usr/local/userPhotos/OWNER/736/1480574_600682716658532_1629368238_a.jpg',736),
(238,'/usr/local/userPhotos/OWNER/736/1480574_600682716658532_1629368238_a.jpg',736),
(239,'/usr/local/userPhotos/OWNER/736/1471764_557221921032032_1469736954_a.jpg',736),
(240,'/usr/local/userPhotos/OWNER/736/1476649_609138352486377_1468502450_n.jpg',736),
(241,'/usr/local/userPhotos/OWNER/736/around-sunset-1920x1080-wallpaper-10136.jpg',736),
(242,'/usr/local/userPhotos/OWNER/736/around-sunset-1920x1080-wallpaper-10136.jpg',736),
(243,'/usr/local/userPhotos/OWNER/736/around-sunset-1920x1080-wallpaper-10136.jpg',736),
(244,'/usr/local/userPhotos/OWNER/736/1480574_600682716658532_1629368238_a.jpg',736),
(245,'/usr/local/userPhotos/OWNER/736/1480574_600682716658532_1629368238_a.jpg',736),
(246,'/usr/local/userPhotos/OWNER/736/around-sunset-1920x1080-wallpaper-10136.jpg',736),
(247,'/usr/local/userPhotos/OWNER/736/around-sunset-1920x1080-wallpaper-10136.jpg',736),
(248,'/usr/local/userPhotos/OWNER/736/around-sunset-1920x1080-wallpaper-10136.jpg',736),
(249,'/usr/local/userPhotos/OWNER/736/around-sunset-1920x1080-wallpaper-10136.jpg',736),
(250,'/usr/local/userPhotos/OWNER/736/around-sunset-1920x1080-wallpaper-10136.jpg',736),
(251,'/usr/local/userPhotos/OWNER/736/1471764_557221921032032_1469736954_a.jpg',736),
(252,'/usr/local/userPhotos/OWNER/736/1471764_557221921032032_1469736954_a.jpg',736),
(253,'/usr/local/userPhotos/OWNER/736/bloominginalaska-windows-wallpapers-hd.jpg',736),
(254,'/usr/local/userPhotos/OWNER/736/bloominginalaska-windows-wallpapers-hd.jpg',736),
(255,'/usr/local/userPhotos/OWNER/736/na_preri.gif',736),
(256,'/usr/local/userPhotos/OWNER/736/na_preri.gif',736),
(257,'/usr/local/userPhotos/OWNER/3249/around-sunset-1920x1080-wallpaper-10136.jpg',3249),
(258,'/usr/local/userPhotos/OWNER/739/v.jpg',739),
(259,'/usr/local/userPhotos/OWNER/740/v.jpg',740),
(260,'/usr/local/userPhotos/OWNER/755/61263773_ZJCdrZk2j_1390970051.jpg',755),
(261,'/usr/local/userPhotos/OWNER/773/226745_213250335359976_4542807_n.jpg',773);

/*Table structure for table `page` */

DROP TABLE IF EXISTS `page`;

CREATE TABLE `page` (
  `ID` bigint(10) NOT NULL AUTO_INCREMENT,
  `NAME` varchar(50) NOT NULL,
  `DESCRIPTION` longtext NOT NULL,
  `BUSINESS_TYPE` varchar(50) NOT NULL,
  `BUSINESS_TYPE_ID` bigint(50) NOT NULL,
  PRIMARY KEY (`ID`)
) ENGINE=InnoDB AUTO_INCREMENT=68 DEFAULT CHARSET=latin1;

/*Data for the table `page` */

insert into `page` values 
(1,'hggjhgjh','jjkjhkjk','',0),
(2,'kkkk','kkkkk','LocalBusiness',0),
(3,'kkkk','kkkkk','LocalBusiness',0),
(4,'kkkjkjjkjkj','jjjjjj','LocalBusiness',0),
(5,'lkjkljkl','kljkljljlkjl','LocalBusiness',0),
(6,'yiuyuiy','iuyiuyiuyui','LocalBusiness',0),
(7,'kjhjkhjk','hjhkjhjkh','LocalBusiness',0),
(8,'hjhhkhk','jhjkhkjhk','LocalBusiness',0),
(9,'vikas','nnnm','LocalBusiness',326),
(10,'SKSK999S9S9S9S9','JJKJJJK','LocalBusiness',326),
(11,'qwerty','asdfghjk','LocalBusiness',321),
(12,'hgj','hjhjjh','LocalBusiness',321),
(13,'hgj','hjhjjh','LocalBusiness',321),
(14,'asdfghj','asdfghjk','LocalBusiness',324),
(15,'contact us','sdfghj','CompanyOrganizations',39),
(16,'services','fghjk','CompanyOrganizations',39),
(17,'home','I have mentioned a few times that I need to extract the content of some tabs from the database. Let me explain why.I have mentioned a few times that I need to extract the content of some tabs from the database. Let me explain why.I have mentioned a few ti','CompanyOrganizations',39),
(18,'About Us','sdfghjk','CompanyOrganizations',39),
(19,'left','fakdfja;fakdjfla;jdfklajdfl;kajsdklfja;ldsjkfjadfkljasdfklj','CompanyOrganizations',39),
(21,'Home','take a risk?\r\n','CompanyOrganizations',40),
(28,'ticket','asdfghjk','CompanyOrganizations',40),
(29,'fgdhgfdgfdh','hjgkjhgkj','BrandOrProducts',33),
(30,'kio','dhfdg','BrandOrProducts',51),
(31,'jkljlk','kjlkjlkj','RealEstates',143),
(32,'jkljlk','kjlkjlkj','RealEstates',143),
(33,'jkinki','delhiiiii\r\njkljkljkjkl kljkljkljlk','RealEstates',143),
(34,'jkhkj','jhkjhk','BrandOrProducts',51),
(35,'fkldjfla1','kdlfjdkfl;aj','LocalBusiness',326),
(36,'company','sdkjfhakjsdlhfakj','CompanyOrganizations',42),
(37,'joker','jhkjhkjhkjh','BrandOrProducts',51),
(38,'ui','kjhkjhk','EventOrPlaces',39),
(39,',mnm,n,mmm,n,mn,',' m,n,mn,mn,m','EventOrPlaces',39),
(40,'test ','its ok','LocalBusiness',327),
(41,'test 1','qqi`','CompanyOrganizations',50),
(42,'jik','jlkjlkjlkjl','BrandOrProducts',57),
(43,'hhjkhkj','jkhkjhkj','EventOrPlaces',42),
(44,'home','test111111','LocalBusiness',328),
(45,'menu','open shortly','LocalBusiness',330),
(46,'home','jhdkhfkla  jkdhfkljasd jkahdf kjhdfkja kjahdfklja asdjkfalhsdjk','BrandOrProducts',59),
(47,'home','asdfghjk','CompanyOrganizations',49),
(48,'product','follow links','LocalBusiness',330),
(49,'menu test','open shortly test','LocalBusiness',330),
(50,'menu tes','open shortly test','LocalBusiness',330),
(51,'test5564','open shortly test','LocalBusiness',330),
(52,'hi 1','test hi\r\n','BrandOrProducts',7),
(53,'twst1 2','dkjfhldkjsfhlajkl','EventOrPlaces',47),
(54,'next','detail i s','EventOrPlaces',47),
(55,'garment','all type sof western','LocalBusiness',334),
(56,'menu','asdfghjkl','companyorganizations',1),
(57,'Nike','Orignl','BrandOrProducts',1),
(58,'menu','dfghjkl;','EventOrPlaces',2),
(59,'hello','test','local_business',330),
(60,'About Us','An architecture doesn\'t have to store code and data in the same memory. With a Harvard architecture, code and data are stored in completely different memory. Most architectures are Von Neumann architectures with code and data in the same memory but C doesn\'t limit itself to only certain types of architectures if at all possible.','local_business',334),
(61,'hi','asdfghjk','company_organizations',1),
(62,'hello','hjhjhjjhhjjhjhjhhj','company_organizations',1),
(63,'Menu','\r\nStack Overflow is a question and answer site for professional and enthusiast programmers. It\'s built and run by you as part of the Stack Exchange network of Q&A sites. With your help, we\'re working together to build a library of detailed answers to every question about program','local_business',334),
(64,'lk','lklkklk','event_or_places',2),
(65,'hi ','whats on xx','company_organizations',2),
(66,'hello','hhhhhh jkhskjdhksa kjshdhttp://dugun.com/images/couple/2/29/v1-wp1343652771.jpg','local_business',340),
(67,'go','http://dugun.com/images/couple/2/29/v1-wp1343652771.jpg \r\nkldsjflkj asdkjfhkaj','local_business',340);

/*Table structure for table `payment_method` */

DROP TABLE IF EXISTS `payment_method`;

CREATE TABLE `payment_method` (
  `ID` tinyint(3) NOT NULL AUTO_INCREMENT,
  `API_SECRET` varchar(255) DEFAULT NULL,
  `API_KEY` varchar(255) DEFAULT NULL,
  `API_SIGNATURE` varchar(255) DEFAULT NULL,
  `SAND_BOX_MODE` tinyint(1) DEFAULT '1',
  `IS_ACTIVE` tinyint(1) DEFAULT '1',
  `EMAIL_ID` varchar(255) DEFAULT NULL,
  `NAME` varchar(100) DEFAULT NULL,
  PRIMARY KEY (`ID`)
) ENGINE=InnoDB AUTO_INCREMENT=2 DEFAULT CHARSET=latin1;

/*Data for the table `payment_method` */

insert into `payment_method` values 
(1,'123','456','789',1,1,'v@gmail.com','jaasus');

/*Table structure for table `product` */

DROP TABLE IF EXISTS `product`;

CREATE TABLE `product` (
  `ID` bigint(10) NOT NULL AUTO_INCREMENT,
  `NAME` varchar(255) NOT NULL,
  `DESCRIPTION` varchar(255) DEFAULT NULL,
  `SIZE` longtext,
  `COST` double DEFAULT '0',
  `BRAND_NAME` varchar(255) DEFAULT NULL,
  `OWNER_ID` bigint(10) DEFAULT NULL,
  `OWNER_TYPE` varchar(255) DEFAULT NULL,
  `UPDATED_DATE` datetime NOT NULL,
  `CREATED_DATE` datetime NOT NULL,
  `OWNER_ADMIN` bigint(10) DEFAULT NULL,
  `COST_UNIT` varchar(10) NOT NULL DEFAULT 'INR',
  `USER_ID` bigint(10) DEFAULT '1',
  `PRODUCT_BRAND_ID` bigint(10) DEFAULT NULL,
  `ADDRESS` bigint(10) DEFAULT NULL,
  PRIMARY KEY (`ID`),
  KEY `FK_PRODUCT_OWNER_ADMIN` (`OWNER_ADMIN`)
) ENGINE=MyISAM AUTO_INCREMENT=8 DEFAULT CHARSET=latin1;

/*Data for the table `product` */

insert into `product` values 
(1,'Blower','asdfghjkl;','Full',2400,NULL,740,NULL,'2014-03-10 12:57:42','2014-03-10 12:57:42',NULL,'INR',1,1,NULL),
(2,'jkhkjh','hkjhkj','8789',89798,NULL,NULL,NULL,'2014-03-10 12:35:38','2014-03-10 12:35:38',NULL,'INR',1,1,NULL),
(3,'iouio',' jkhkjh','9879k',897,NULL,NULL,NULL,'2014-03-24 07:46:34','2014-03-24 07:46:34',NULL,'INR',1,3,NULL),
(4,'iouio',' jkhkjh','9879k',897,NULL,NULL,NULL,'2014-03-24 07:46:47','2014-03-24 07:46:47',NULL,'INR',1,3,NULL),
(5,'iouio',' jkhkjh','9879k',897,NULL,NULL,NULL,'2014-03-24 07:47:40','2014-03-24 07:47:40',NULL,'INR',1,3,NULL),
(6,'iouio',' jkhkjh','9879k',897,NULL,NULL,NULL,'2014-03-24 07:48:03','2014-03-24 07:48:03',NULL,'INR',1,3,NULL),
(7,'iouio',' jkhkjh','9879k',897,NULL,NULL,NULL,'2014-03-24 07:48:17','2014-03-24 07:48:17',NULL,'INR',1,3,NULL);

/*Table structure for table `product_brand` */

DROP TABLE IF EXISTS `product_brand`;

CREATE TABLE `product_brand` (
  `ID` bigint(10) NOT NULL AUTO_INCREMENT,
  `UPDATED_DATE` datetime NOT NULL,
  `CREATED_DATE` datetime NOT NULL,
  `NAME` varchar(255) NOT NULL,
  `DESCRIPTION` longtext,
  `ADDRESS` bigint(10) DEFAULT NULL,
  `USER_ID` bigint(10) NOT NULL,
  `STATUS` int(6) DEFAULT NULL,
  `MOBILE_NUMBER` varchar(21) DEFAULT NULL,
  `TOTAL_PRICE` int(10) DEFAULT '0',
  `IS_ACTIVE` tinyint(1) DEFAULT '0',
  `IS_PAID` tinyint(1) DEFAULT '0',
  PRIMARY KEY (`ID`),
  KEY `FK_SHOP_ADDRESS` (`ADDRESS`)
) ENGINE=MyISAM AUTO_INCREMENT=4 DEFAULT CHARSET=latin1;

/*Data for the table `product_brand` */

insert into `product_brand` values 
(1,'2014-01-21 16:53:18','2014-01-21 16:53:18','Branded','asdfghjkl;',3270,740,NULL,'9878675654',0,0,0),
(2,'2014-01-22 21:31:01','2014-01-22 21:31:01','koka kola','use it again and again',3273,740,NULL,'8374674890',0,0,0),
(3,'2014-03-19 18:04:25','2014-03-19 18:04:25','Foster','<p>foster music CD</p>\r\n',3324,773,NULL,'7867896789',0,0,0);

/*Table structure for table `product_image` */

DROP TABLE IF EXISTS `product_image`;

CREATE TABLE `product_image` (
  `ID` bigint(10) NOT NULL AUTO_INCREMENT,
  `ALT` varchar(21) DEFAULT NULL,
  `IMAGE_PATH` varchar(255) NOT NULL,
  `IMAGE_PATH_BIG` varchar(255) NOT NULL,
  `PRODUCT_ID` bigint(20) NOT NULL,
  PRIMARY KEY (`ID`)
) ENGINE=MyISAM AUTO_INCREMENT=6 DEFAULT CHARSET=latin1;

/*Data for the table `product_image` */

insert into `product_image` values 
(1,NULL,'/usr/local/userPhotos/PRODUCT/1/city-wallpaper-1.jpg','/usr/local/userPhotos/Big/PRODUCT/1/city-wallpaper-1.jpg',1),
(2,NULL,'/usr/local/userPhotos/PRODUCT/2/1476532_571893542883063_394917734_n.jpg','/usr/local/userPhotos/Big/PRODUCT/2/1476532_571893542883063_394917734_n.jpg',2),
(3,NULL,'/usr/local/userPhotos/PRODUCT/3/1476435_558998504180050_2080544610_n.jpg','/usr/local/userPhotos/Big/PRODUCT/3/1476435_558998504180050_2080544610_n.jpg',3),
(4,NULL,'/usr/local/userPhotos/PRODUCT/4/1476435_558998504180050_2080544610_n.jpg','/usr/local/userPhotos/Big/PRODUCT/4/1476435_558998504180050_2080544610_n.jpg',4),
(5,NULL,'/usr/local/userPhotos/PRODUCT/7/1476435_558998504180050_2080544610_n.jpg','/usr/local/userPhotos/Big/PRODUCT/7/1476435_558998504180050_2080544610_n.jpg',7);

/*Table structure for table `real_estate` */

DROP TABLE IF EXISTS `real_estate`;

CREATE TABLE `real_estate` (
  `ID` bigint(10) NOT NULL AUTO_INCREMENT,
  `UPDATED_DATE` datetime NOT NULL,
  `CREATED_DATE` datetime NOT NULL,
  `NAME` varchar(255) NOT NULL,
  `DESCRIPTION` longtext,
  `ADDRESS` bigint(10) NOT NULL,
  `USER_ID` bigint(10) NOT NULL,
  `STATUS` int(6) DEFAULT NULL,
  `MOBILE_NUMBER` varchar(21) NOT NULL,
  `TOTAL_PRICE` int(10) DEFAULT '0',
  `IS_ACTIVE` tinyint(1) DEFAULT '0',
  `IS_PAID` tinyint(1) DEFAULT '0',
  PRIMARY KEY (`ID`),
  KEY `FK_SHOP_ADDRESS` (`ADDRESS`)
) ENGINE=MyISAM AUTO_INCREMENT=13 DEFAULT CHARSET=latin1;

/*Data for the table `real_estate` */

insert into `real_estate` values 
(1,'2014-01-17 20:18:08','2014-01-17 20:18:08','Diwan Associates','asdfghjkl',3266,740,NULL,'9878676554',0,0,0),
(2,'2014-01-22 22:23:46','2014-01-22 22:23:46','Chauhan Properties','qwertyuioasdfghjk',3276,740,NULL,'9878676554',0,0,0),
(12,'2014-03-12 16:37:49','2014-03-12 16:37:49','Prataap Corporations','Digital',3304,740,NULL,'6789567898',0,0,0);

/*Table structure for table `resort` */

DROP TABLE IF EXISTS `resort`;

CREATE TABLE `resort` (
  `ID` bigint(10) NOT NULL AUTO_INCREMENT,
  `NAME` varchar(255) NOT NULL,
  `ADDRESS` bigint(10) NOT NULL,
  `OWNER_ID` bigint(10) DEFAULT NULL,
  `BACKGROUND_COLOR` varchar(7) DEFAULT '#FFFFFF',
  `UPDATED_DATE` datetime NOT NULL,
  `CREATED_DATE` datetime NOT NULL,
  `DESCRIPTION` longtext NOT NULL,
  `USER_ID` bigint(10) NOT NULL DEFAULT '1',
  PRIMARY KEY (`ID`),
  KEY `FK_RESORT_ADDRESS` (`ADDRESS`),
  KEY `FK_RESORT_OWNER_ADMIN` (`OWNER_ID`)
) ENGINE=MyISAM AUTO_INCREMENT=4 DEFAULT CHARSET=latin1;

/*Data for the table `resort` */

/*Table structure for table `resort_gallery_image` */

DROP TABLE IF EXISTS `resort_gallery_image`;

CREATE TABLE `resort_gallery_image` (
  `ID` bigint(10) NOT NULL AUTO_INCREMENT,
  `TITLE` varchar(255) NOT NULL DEFAULT 'HOME',
  `IMAGE_PATH` varchar(255) NOT NULL,
  `IMAGE_PATH_BIG` varchar(255) NOT NULL,
  `RESORT_ID` bigint(10) NOT NULL,
  PRIMARY KEY (`ID`),
  KEY `FK_RESORT_GALLERY_IMAGE_RESORT_ID` (`RESORT_ID`)
) ENGINE=MyISAM AUTO_INCREMENT=38 DEFAULT CHARSET=latin1;

/*Data for the table `resort_gallery_image` */

/*Table structure for table `resort_image` */

DROP TABLE IF EXISTS `resort_image`;

CREATE TABLE `resort_image` (
  `ID` bigint(10) NOT NULL AUTO_INCREMENT,
  `IMAGE_PATH` varchar(255) NOT NULL,
  `IMAGE_PATH_BIG` varchar(255) NOT NULL,
  `RESORT_ID` bigint(10) NOT NULL,
  PRIMARY KEY (`ID`),
  KEY `FK_RESORT_IMAGE_RESORT_ID` (`RESORT_ID`)
) ENGINE=MyISAM AUTO_INCREMENT=4 DEFAULT CHARSET=latin1;

/*Data for the table `resort_image` */

/*Table structure for table `resort_tab` */

DROP TABLE IF EXISTS `resort_tab`;

CREATE TABLE `resort_tab` (
  `ID` bigint(10) NOT NULL AUTO_INCREMENT,
  `DESCRIPTION` longtext,
  `NAME` varchar(255) NOT NULL,
  `RESORT_ID` bigint(10) NOT NULL,
  PRIMARY KEY (`ID`),
  KEY `FK_RESORT_TAB_RESORT_ID` (`RESORT_ID`)
) ENGINE=MyISAM AUTO_INCREMENT=2 DEFAULT CHARSET=latin1;

/*Data for the table `resort_tab` */

/*Table structure for table `resort_tab_image` */

DROP TABLE IF EXISTS `resort_tab_image`;

CREATE TABLE `resort_tab_image` (
  `ID` bigint(10) NOT NULL AUTO_INCREMENT,
  `IMAGE_PATH` varchar(255) NOT NULL,
  `RESORT_TAB_ID` bigint(10) NOT NULL,
  PRIMARY KEY (`ID`),
  KEY `FK_RESORT_TAB_IMAGE_RESORT_TAB_ID` (`RESORT_TAB_ID`)
) ENGINE=MyISAM AUTO_INCREMENT=2 DEFAULT CHARSET=latin1;

/*Data for the table `resort_tab_image` */

/*Table structure for table `role` */

DROP TABLE IF EXISTS `role`;

CREATE TABLE `role` (
  `ID` bigint(10) NOT NULL AUTO_INCREMENT,
  `TYPE` varchar(255) NOT NULL,
  PRIMARY KEY (`ID`)
) ENGINE=MyISAM AUTO_INCREMENT=6 DEFAULT CHARSET=latin1;

/*Data for the table `role` */

insert into `role` values 
(1,'USER'),
(2,'AGENT'),
(3,'BUSINESSMAN'),
(4,'BUILDER'),
(5,'ADMIN');

/*Table structure for table `sales` */

DROP TABLE IF EXISTS `sales`;

CREATE TABLE `sales` (
  `ID` bigint(10) NOT NULL AUTO_INCREMENT,
  `SHOP_ID` int(20) DEFAULT NULL,
  `DESCRIPTION` varchar(255) DEFAULT NULL,
  `BUSINESS_TYPE` varchar(50) DEFAULT NULL,
  `SHOP_CATEGORY_ID` int(20) DEFAULT NULL,
  PRIMARY KEY (`ID`)
) ENGINE=InnoDB AUTO_INCREMENT=14 DEFAULT CHARSET=latin1;

/*Data for the table `sales` */

insert into `sales` values 
(1,330,'kljkjkjkjkjkljkljlkj','local_business',19),
(2,334,'hats off','local_business',19),
(3,334,'hello','local_business',19),
(4,334,'hello next','local_business',19),
(5,334,'hhi what about us','local_business',19),
(6,334,'hi','local_business',19),
(7,334,'hkjhkjhk','local_business',19),
(8,334,'today','local_business',19),
(9,340,'jkhkjhkj','local_business',17),
(10,340,'hi','local_business',17),
(11,340,'kjhkjhkj','local_business',17),
(12,340,'bnbmnbmn','local_business',17),
(13,340,'jhkj','local_business',17);

/*Table structure for table `sales_detail` */

DROP TABLE IF EXISTS `sales_detail`;

CREATE TABLE `sales_detail` (
  `ID` bigint(10) NOT NULL AUTO_INCREMENT,
  `DESCRIPTION` varchar(255) DEFAULT NULL,
  `MIN_PAY_OUT_PER_DAY` bigint(10) DEFAULT NULL,
  `MIN_PAY_OUT` bigint(10) DEFAULT NULL,
  `START_DATE` date DEFAULT NULL,
  `END_DATE` date DEFAULT NULL,
  `TOTAL_PRICE` bigint(10) DEFAULT NULL,
  `SHOP_ID` bigint(10) DEFAULT NULL,
  `BUSINESS_TYPE` varchar(50) DEFAULT NULL,
  `IS_ACTIVE` tinyint(1) DEFAULT '0',
  `IS_PAID` tinyint(1) DEFAULT '0',
  PRIMARY KEY (`ID`)
) ENGINE=InnoDB AUTO_INCREMENT=24 DEFAULT CHARSET=latin1;

/*Data for the table `sales_detail` */

insert into `sales_detail` values 
(14,'till 31 May 2013 Dulha Bazar',5,NULL,'2013-12-21','2013-12-29',45,334,'local_business',0,0),
(15,'Buy latest stylist kurtis starting @Rs.299 only.Free shiping buy now.',5,NULL,'2013-12-19','2013-12-27',45,334,'local_business',0,0),
(16,'Latest 2013 summer collection.Free shiping & cash on delivery.shop now.',5,100,'2013-12-12','2013-12-27',80,334,'local_business',0,0),
(17,'Weddings are the special moments in one\'s life.The hope,joyand vigor in a wedding....',5,100,'2013-12-18','2013-12-28',55,334,'local_business',0,0),
(19,'This charcoal jacket from Fossa is perfect for chilly days or as a layer over a sweater. ',5,100,'2014-02-12','2014-03-20',185,334,'local_business',0,0),
(20,'hello next',5,100,'2014-03-05','2014-03-29',125,334,'local_business',0,0),
(21,'this is it',5,100,'2014-03-01','2014-03-31',155,334,'local_business',0,0),
(22,'hrlo',5,100,'2014-03-01','2014-03-28',140,334,'local_business',1,1),
(23,'wednesday',5,100,'2014-04-09','2014-04-30',110,334,'local_business',0,0);

/*Table structure for table `sales_detail_image` */

DROP TABLE IF EXISTS `sales_detail_image`;

CREATE TABLE `sales_detail_image` (
  `ID` bigint(10) NOT NULL AUTO_INCREMENT,
  `IMAGE_PATH` varchar(255) DEFAULT NULL,
  `IMAGE_PATH_BIG` varchar(255) DEFAULT NULL,
  `SALES_DETAIL_ID` bigint(10) DEFAULT NULL,
  PRIMARY KEY (`ID`)
) ENGINE=InnoDB AUTO_INCREMENT=11 DEFAULT CHARSET=latin1;

/*Data for the table `sales_detail_image` */

insert into `sales_detail_image` values 
(1,'/usr/local/userPhotos/SALESDETAIL/14/1476435_558998504180050_2080544610_n.jpg','/usr/local/userPhotos/Big/SALESDETAIL/14/1476435_558998504180050_2080544610_n.jpg',14),
(2,'/usr/local/userPhotos/SALESDETAIL/15/1455142_612410932150004_1164928356_n.jpg','/usr/local/userPhotos/Big/SALESDETAIL/15/1455142_612410932150004_1164928356_n.jpg',15),
(3,'/usr/local/userPhotos/SALESDETAIL/16/1476532_571893542883063_394917734_n.jpg','/usr/local/userPhotos/Big/SALESDETAIL/16/1476532_571893542883063_394917734_n.jpg',16),
(4,'/usr/local/userPhotos/SALESDETAIL/17/American-credit-cards.jpg','/usr/local/userPhotos/Big/SALESDETAIL/17/American-credit-cards.jpg',17),
(6,'/usr/local/userPhotos/SALESDETAIL/19/Jacket.jpeg','/usr/local/userPhotos/Big/SALESDETAIL/19/Jacket.jpeg',19),
(7,'/usr/local/userPhotos/SALESDETAIL/20/1476532_571893542883063_394917734_n.jpg','/usr/local/userPhotos/Big/SALESDETAIL/20/1476532_571893542883063_394917734_n.jpg',20),
(8,'/usr/local/userPhotos/SALESDETAIL/21/holiday-information.jpg','/usr/local/userPhotos/Big/SALESDETAIL/21/holiday-information.jpg',21),
(9,'/usr/local/userPhotos/SALESDETAIL/22/226745_213250335359976_4542807_n.jpg','/usr/local/userPhotos/Big/SALESDETAIL/22/226745_213250335359976_4542807_n.jpg',22),
(10,'/usr/local/userPhotos/SALESDETAIL/23/autumn-wallpaper-hd.jpg','/usr/local/userPhotos/Big/SALESDETAIL/23/autumn-wallpaper-hd.jpg',23);

/*Table structure for table `sales_image` */

DROP TABLE IF EXISTS `sales_image`;

CREATE TABLE `sales_image` (
  `ID` bigint(10) NOT NULL AUTO_INCREMENT,
  `IMAGE_PATH` varchar(255) DEFAULT NULL,
  `IMAGE_PATH_BIG` varchar(255) DEFAULT NULL,
  `SALES_ID` bigint(10) DEFAULT NULL,
  PRIMARY KEY (`ID`)
) ENGINE=InnoDB AUTO_INCREMENT=14 DEFAULT CHARSET=latin1;

/*Data for the table `sales_image` */

insert into `sales_image` values 
(1,'/usr/local/userPhotos/SALES/1/226745_213250335359976_4542807_n.jpg','/usr/local/userPhotos/Big/SALES/1/226745_213250335359976_4542807_n.jpg',1),
(2,'/usr/local/userPhotos/SALES/2/226745_213250335359976_4542807_n.jpg','/usr/local/userPhotos/Big/SALES/2/226745_213250335359976_4542807_n.jpg',2),
(3,'/usr/local/userPhotos/SALES/3/autumn-landscape-with-trees-1920x1080-wallpaper-11341.jpg','/usr/local/userPhotos/Big/SALES/3/autumn-landscape-with-trees-1920x1080-wallpaper-11341.jpg',3),
(4,'/usr/local/userPhotos/SALES/4/1451974_613168502074267_1569905781_s.jpg','/usr/local/userPhotos/Big/SALES/4/1451974_613168502074267_1569905781_s.jpg',4),
(5,'/usr/local/userPhotos/SALES/5/job_vacancies.png','/usr/local/userPhotos/Big/SALES/5/job_vacancies.png',5),
(6,'/usr/local/userPhotos/SALES/6/960100_371945906274477_81820131_n.jpg','/usr/local/userPhotos/Big/SALES/6/960100_371945906274477_81820131_n.jpg',6),
(7,'/usr/local/userPhotos/SALES/7/1063810_495312807211507_775072561_o.jpg','/usr/local/userPhotos/Big/SALES/7/1063810_495312807211507_775072561_o.jpg',7),
(8,'/usr/local/userPhotos/SALES/8/995421_593644664013109_1180970608_n.jpg','/usr/local/userPhotos/Big/SALES/8/995421_593644664013109_1180970608_n.jpg',8),
(9,'/usr/local/userPhotos/SALES/9/add-bgyellow.jpg','/usr/local/userPhotos/Big/SALES/9/add-bgyellow.jpg',9),
(10,'/usr/local/userPhotos/SALES/10/a.jpg','/usr/local/userPhotos/Big/SALES/10/a.jpg',10),
(11,'/usr/local/userPhotos/SALES/11/1476532_571893542883063_394917734_n.jpg','/usr/local/userPhotos/Big/SALES/11/1476532_571893542883063_394917734_n.jpg',11),
(12,'/usr/local/userPhotos/SALES/12/226745_213250335359976_4542807_n.jpg','/usr/local/userPhotos/Big/SALES/12/226745_213250335359976_4542807_n.jpg',12),
(13,'/usr/local/userPhotos/SALES/13/1471764_557221921032032_1469736954_a.jpg','/usr/local/userPhotos/Big/SALES/13/1471764_557221921032032_1469736954_a.jpg',13);

/*Table structure for table `saloon` */

DROP TABLE IF EXISTS `saloon`;

CREATE TABLE `saloon` (
  `ID` bigint(10) NOT NULL AUTO_INCREMENT,
  `CREATED_DATE` datetime NOT NULL,
  `UPDATED_DATE` datetime NOT NULL,
  `NAME` varchar(255) NOT NULL,
  `DESCRIPTION` longtext NOT NULL,
  `ADDRESS` bigint(10) NOT NULL,
  `OWNER_ID` bigint(10) NOT NULL,
  `USER_ID` bigint(10) NOT NULL DEFAULT '1',
  `SHOP_ID` bigint(10) DEFAULT NULL,
  PRIMARY KEY (`ID`),
  KEY `FK_SALOON_ADDRESS` (`ADDRESS`),
  KEY `FK_SALOON_OWNER_ADMIN` (`OWNER_ID`)
) ENGINE=MyISAM AUTO_INCREMENT=2 DEFAULT CHARSET=latin1;

/*Data for the table `saloon` */

/*Table structure for table `saloon_gallery_image` */

DROP TABLE IF EXISTS `saloon_gallery_image`;

CREATE TABLE `saloon_gallery_image` (
  `ID` bigint(10) NOT NULL AUTO_INCREMENT,
  `TITLE` varchar(255) NOT NULL,
  `IMAGE_PATH` varchar(255) NOT NULL,
  `IMAGE_PATH_BIG` varchar(255) NOT NULL,
  `SALOON_ID` bigint(10) NOT NULL,
  PRIMARY KEY (`ID`),
  KEY `FK_SALOON_GALLERY_IMAGE_SALOON` (`SALOON_ID`)
) ENGINE=MyISAM AUTO_INCREMENT=14 DEFAULT CHARSET=latin1;

/*Data for the table `saloon_gallery_image` */

/*Table structure for table `saloon_image` */

DROP TABLE IF EXISTS `saloon_image`;

CREATE TABLE `saloon_image` (
  `ID` bigint(10) NOT NULL AUTO_INCREMENT,
  `IMAGE_PATH` varchar(255) NOT NULL,
  `IMAGE_PATH_BIG` varchar(255) NOT NULL,
  `SALOON_ID` bigint(10) NOT NULL,
  PRIMARY KEY (`ID`),
  KEY `FK_SALOON_IMAGE_SALOON` (`SALOON_ID`)
) ENGINE=MyISAM AUTO_INCREMENT=2 DEFAULT CHARSET=latin1;

/*Data for the table `saloon_image` */

/*Table structure for table `saloon_tab` */

DROP TABLE IF EXISTS `saloon_tab`;

CREATE TABLE `saloon_tab` (
  `ID` bigint(10) NOT NULL AUTO_INCREMENT,
  `NAME` varchar(255) NOT NULL,
  `DESCRIPTION` longtext NOT NULL,
  `SALOON_ID` bigint(10) NOT NULL,
  PRIMARY KEY (`ID`),
  KEY `FK_SALOON_TAB_SALLON_ID` (`SALOON_ID`)
) ENGINE=MyISAM AUTO_INCREMENT=3 DEFAULT CHARSET=latin1;

/*Data for the table `saloon_tab` */

/*Table structure for table `saloon_tab_image` */

DROP TABLE IF EXISTS `saloon_tab_image`;

CREATE TABLE `saloon_tab_image` (
  `ID` bigint(10) NOT NULL AUTO_INCREMENT,
  `IMAGE_PATH` varchar(255) NOT NULL,
  `SALOON_TAB_ID` bigint(10) NOT NULL,
  PRIMARY KEY (`ID`),
  KEY `FK_SALOON_TAB_IMAGE_SALOON_TAB` (`SALOON_TAB_ID`)
) ENGINE=MyISAM DEFAULT CHARSET=latin1;

/*Data for the table `saloon_tab_image` */

/*Table structure for table `sharee` */

DROP TABLE IF EXISTS `sharee`;

CREATE TABLE `sharee` (
  `ID` bigint(10) NOT NULL AUTO_INCREMENT,
  `UPDATED_DATE` datetime NOT NULL,
  `CREATED_DATE` datetime NOT NULL,
  `NAME` varchar(255) NOT NULL,
  `DESCRIPTION` varchar(255) NOT NULL,
  `TYPE` varchar(255) DEFAULT NULL,
  `COLOR` varchar(255) DEFAULT NULL,
  `LENGTH` varchar(255) DEFAULT NULL,
  `WORK` varchar(255) DEFAULT NULL,
  `OCCUTATION` varchar(255) DEFAULT NULL,
  `COST` varchar(255) NOT NULL,
  `COST_UNIT` varchar(10) NOT NULL DEFAULT 'INR',
  `SHOP_ID` bigint(10) DEFAULT NULL,
  PRIMARY KEY (`ID`),
  KEY `FK_SHAREE_SHOP_ID` (`SHOP_ID`)
) ENGINE=MyISAM AUTO_INCREMENT=9 DEFAULT CHARSET=latin1;

/*Data for the table `sharee` */

insert into `sharee` values 
(1,'2013-08-02 17:30:47','2013-08-02 17:30:47','bvhsdj','bkdhfkdj 1234567890 \\][\'/.,;','','','','','','8926','INR',16),
(2,'2013-08-02 17:31:24','2013-08-02 17:31:24','tyuhjhb','njipouret 1234567890 \\][\';/.,@#$%&?\"{}|','','','','','','2569','INR',16),
(3,'2013-08-02 17:32:04','2013-08-02 17:32:04','rtyuoip','764132232 bvjsvhs @#$%&','','','','','','568310','INR',16),
(4,'2013-08-02 17:32:38','2013-08-02 17:32:38','vhskjhvs',',/\';][\\ bdkjhsdksd 1234567890','','','','','','6878','INR',16),
(5,'2013-08-02 17:33:20','2013-08-02 17:33:20','bhoprty','sdfghjkl;\'/.,[]\\','','','','','','236987','INR',16),
(6,'2013-08-02 17:34:04','2013-08-02 17:34:04','bvjsbvj','zxcvbnm,./\\][\';0987654321','','','','','','4545','INR',16),
(7,'2013-08-02 17:35:09','2013-08-02 17:35:09','bvjsckjs','1234567890[]\\\';/.,','','','','','','2565','INR',16),
(8,'2013-08-02 17:35:43','2013-08-02 17:35:43','bhope','1234567890 /\'\\][;., vuhgbj','','','','','','2056','INR',16);

/*Table structure for table `sharee_image` */

DROP TABLE IF EXISTS `sharee_image`;

CREATE TABLE `sharee_image` (
  `ID` bigint(10) NOT NULL AUTO_INCREMENT,
  `ALT` varchar(21) DEFAULT NULL,
  `IMAGE_PATH` varchar(255) NOT NULL,
  `IMAGE_PATH_BIG` varchar(255) NOT NULL,
  `SHAREE_ID` bigint(10) NOT NULL,
  PRIMARY KEY (`ID`),
  KEY `FK_SHAREE_IMAGE_SHAREE_ID` (`SHAREE_ID`)
) ENGINE=MyISAM AUTO_INCREMENT=9 DEFAULT CHARSET=latin1;

/*Data for the table `sharee_image` */

insert into `sharee_image` values 
(1,NULL,'/usr/local/userPhotos/SHAREE/1/Designer_Saree.jpg','/usr/local/userPhotos/Big/SHAREE/1/Designer_Saree.jpg',1),
(2,NULL,'/usr/local/userPhotos/SHAREE/2/Lehenga_Saree.jpg','/usr/local/userPhotos/Big/SHAREE/2/Lehenga_Saree.jpg',2),
(3,NULL,'/usr/local/userPhotos/SHAREE/3/Party_Wear_Sarees.jpg','/usr/local/userPhotos/Big/SHAREE/3/Party_Wear_Sarees.jpg',3),
(4,NULL,'/usr/local/userPhotos/SHAREE/4/Party_Wear_Saree.jpg','/usr/local/userPhotos/Big/SHAREE/4/Party_Wear_Saree.jpg',4),
(5,NULL,'/usr/local/userPhotos/SHAREE/5/Net_Saree.gif','/usr/local/userPhotos/Big/SHAREE/5/Net_Saree.gif',5),
(6,NULL,'/usr/local/userPhotos/SHAREE/6/Bridal_Sarees.jpg','/usr/local/userPhotos/Big/SHAREE/6/Bridal_Sarees.jpg',6),
(7,NULL,'/usr/local/userPhotos/SHAREE/7/Banarasi_Saree.jpg','/usr/local/userPhotos/Big/SHAREE/7/Banarasi_Saree.jpg',7),
(8,NULL,'/usr/local/userPhotos/SHAREE/8/Default.jpg','/usr/local/userPhotos/Big/SHAREE/8/Default.jpg',8);

/*Table structure for table `shop` */

DROP TABLE IF EXISTS `shop`;

CREATE TABLE `shop` (
  `ID` bigint(10) NOT NULL AUTO_INCREMENT,
  `UPDATED_DATE` datetime NOT NULL,
  `CREATED_DATE` datetime NOT NULL,
  `NAME` varchar(255) NOT NULL,
  `DESCRIPTION` longtext,
  `OWNER_ID` bigint(10) DEFAULT NULL,
  `OWNER_TYPE` varchar(255) DEFAULT NULL,
  `COST` double DEFAULT '0',
  `FLOOR` varchar(255) DEFAULT NULL,
  `ADDRESS` bigint(10) NOT NULL,
  `OWNER_ADMIN` bigint(10) DEFAULT NULL,
  `COST_UNIT` varchar(10) DEFAULT 'INR',
  `SIZE` varchar(255) DEFAULT NULL,
  `TYPE` varchar(255) DEFAULT NULL,
  `SHOP_CATEGORY` bigint(10) DEFAULT NULL,
  `BACKGROUND_COLOUR` varchar(15) DEFAULT NULL,
  `USER_ID` bigint(10) NOT NULL,
  `TEXT_COLOR` varchar(6) DEFAULT NULL,
  `TEMPLATE_ID` int(10) DEFAULT '1',
  `STATUS` int(6) DEFAULT NULL,
  `MOBILE_NUMBER` varchar(21) DEFAULT NULL,
  `TOTAL_PRICE` int(10) DEFAULT '0',
  `IS_ACTIVE` tinyint(1) DEFAULT '0',
  `IS_PAID` tinyint(1) DEFAULT '0',
  PRIMARY KEY (`ID`),
  KEY `FK_SHOP_ADDRESS` (`ADDRESS`),
  KEY `FK_SHOP_SHOP_CATEGORY` (`SHOP_CATEGORY`)
) ENGINE=MyISAM AUTO_INCREMENT=344 DEFAULT CHARSET=latin1;

/*Data for the table `shop` */

insert into `shop` values 
(2,'2013-08-01 15:39:49','2013-08-01 15:39:49','Aakriti Boutique','uejgshdsbn 1254686 ,./;\'[]\\',2,NULL,0,NULL,2372,NULL,'INR',NULL,'PRODUCT',19,'FFFFFF',1,'000000',2,0,NULL,NULL,0,0);
insert into `shop` values 
(3,'2013-08-01 17:07:55','2013-08-01 17:07:55','Batra Enterprises',',./;\'[]\\@#$%&529763148 vjgugjbmj',3,NULL,0,NULL,2373,NULL,'INR',NULL,'PRODUCT',8,'FFFFFF',1,'',6,0,NULL,NULL,0,0),
(4,'2013-08-01 17:27:47','2013-08-01 17:27:47','Apsara Beauty Center','132465789 ,./;\'[]\\@#$%& vbsjhvshcuis ',4,NULL,0,NULL,2374,NULL,'INR',NULL,'PRODUCT',13,'',1,'',10,0,NULL,NULL,0,0),
(5,'2013-08-01 17:59:43','2013-08-01 17:59:43','Ajay Crocker House','bvhvudhvdfuhsduhd 785255895632 /.,;\'\\][',5,NULL,0,NULL,2375,NULL,'INR',NULL,'PRODUCT',5,'FFFFFF',1,'FFFFFF',6,0,NULL,NULL,0,0),
(6,'2013-08-01 18:17:01','2013-08-01 18:17:01','Asian Craft','1234567890 /\']\\[;., fyhgjhkj',6,NULL,0,NULL,2376,NULL,'INR',NULL,'PRODUCT',1,'FFFFFF',1,'000000',2,0,NULL,NULL,0,0),
(7,'2013-08-02 10:35:40','2013-08-02 10:35:40','Ajay Electronics','vbjhsbvjs 135465 ,.\\][\'/',7,NULL,0,NULL,2377,NULL,'INR',NULL,'PRODUCT',24,'FFFFFF',1,'000000',1,0,NULL,NULL,0,0),
(8,'2013-08-02 11:00:50','2013-08-02 11:00:50','Arora Flower House','vkjdkj 465436 ,.]\'[;',8,NULL,0,NULL,2378,NULL,'INR',NULL,'PRODUCT',12,'FFFFFF',1,'000000',6,0,NULL,NULL,0,0),
(9,'2013-08-02 11:23:35','2013-08-02 11:23:35','Adhunik Furniture','7646454 /;.,\'[]\\ fyfhvghyhv',9,NULL,0,NULL,2379,NULL,'INR',NULL,'PRODUCT',6,'FFFFFF',1,'000000',3,0,NULL,NULL,0,0),
(10,'2013-08-02 12:18:41','2013-08-02 12:18:41','Anand Fancy Store','1234567890 vhghjgbjuhujb /.,;\'\\][&%$#@',10,NULL,0,NULL,2380,NULL,'INR',NULL,'PRODUCT',26,'FFFFFF',1,'000000',10,0,NULL,NULL,0,0),
(11,'2013-08-02 12:44:19','2013-08-02 12:44:19','Arun Sanitary Stores','156456 1234567890 &%$#@',11,NULL,0,NULL,2381,NULL,'INR',NULL,'PRODUCT',3,'FFFFFF',1,'000000',8,0,NULL,NULL,0,0),
(12,'2013-08-02 13:13:35','2013-08-02 13:13:35','Arun Decorator','yhguygjh 1234567890 ]\'/.,;[\\',12,NULL,0,NULL,2382,NULL,'INR',NULL,'PRODUCT',20,'FFFFFF',1,'000000',4,0,NULL,NULL,0,0),
(13,'2013-08-02 16:13:33','2013-08-02 16:13:33','Ajay Jewellers','@#$%&,./;\'[]\\',13,NULL,0,NULL,2383,NULL,'INR',NULL,'PRODUCT',2,'FFFFFF',1,'000000',10,0,NULL,NULL,0,0),
(14,'2013-08-02 16:38:45','2013-08-02 16:38:45','Balaji Telecom','1234567890 .;[]\\\'/,&%$#@',14,NULL,0,NULL,2384,NULL,'INR',NULL,'PRODUCT',10,'FFFFFF',1,'000000',12,0,NULL,NULL,0,0),
(15,'2013-08-02 17:00:09','2013-08-02 17:00:09','Arora Optical Center','tyuioplkjhgy ,;[]\'/.\\@$%#&',15,NULL,0,NULL,2385,NULL,'INR',NULL,'PRODUCT',4,'FFFFFF',1,'000000',4,0,NULL,NULL,0,0),
(16,'2013-08-02 17:30:01','2013-08-02 17:30:01','Archana Silk','vghjhbn',16,NULL,0,NULL,2386,NULL,'INR',NULL,'PRODUCT',11,'FFFFFF',1,'000000',12,0,NULL,NULL,0,0),
(17,'2013-08-02 17:47:43','2013-08-02 17:47:43','Aggarwal Footwear','fthfgyhgyjhbn  /\']\\[;.,',17,NULL,0,NULL,2387,NULL,'INR',NULL,'PRODUCT',25,'FFFFFF',1,'000000',6,0,NULL,NULL,0,0),
(18,'2013-08-08 12:22:22','2013-08-08 12:22:22','rohan ','hsfbsdh 1111234567890 ,./;\'[]\\|}{\"?@#$%&',18,NULL,0,NULL,2388,NULL,'INR',NULL,'PRODUCT',21,'FFFFFF',1,'000000',10,0,NULL,NULL,0,0),
(19,'2013-08-08 13:47:10','2013-08-08 13:47:10','Adarsh Motors','fgtyfgyjhgbhjb ,./;\'[]\\@#$%& 1234567890',18,NULL,0,NULL,2388,NULL,'INR',NULL,'PRODUCT',23,'FFFFFF',1,'000000',6,0,NULL,NULL,0,0),
(27,'2013-08-22 13:22:42','2013-08-22 13:22:42','vikas enterprise',NULL,66,NULL,0,NULL,2432,NULL,'INR',NULL,'PRODUCT',NULL,NULL,1,NULL,1,0,NULL,NULL,0,0),
(28,'2013-08-22 13:24:10','2013-08-22 13:24:10','vikas enterprise',NULL,67,NULL,0,NULL,2433,NULL,'INR',NULL,'PRODUCT',NULL,NULL,1,NULL,1,0,NULL,NULL,0,0),
(38,'2013-08-22 16:17:18','2013-08-22 16:17:18','i',NULL,82,NULL,0,NULL,2448,NULL,'INR',NULL,'PRODUCT',NULL,NULL,1,NULL,1,0,NULL,NULL,0,0),
(39,'2013-08-22 16:18:47','2013-08-22 16:18:47','i',NULL,83,NULL,0,NULL,2449,NULL,'INR',NULL,'PRODUCT',NULL,NULL,1,NULL,1,0,NULL,NULL,0,0),
(40,'2013-08-22 16:19:35','2013-08-22 16:19:35','i',NULL,84,NULL,0,NULL,2450,NULL,'INR',NULL,'PRODUCT',NULL,NULL,1,NULL,1,0,NULL,NULL,0,0),
(41,'2013-08-22 16:20:03','2013-08-22 16:20:03','a',NULL,85,NULL,0,NULL,2451,NULL,'INR',NULL,'PRODUCT',NULL,NULL,1,NULL,1,0,NULL,NULL,0,0),
(42,'2013-08-22 16:21:13','2013-08-22 16:21:13','a',NULL,86,NULL,0,NULL,2452,NULL,'INR',NULL,'PRODUCT',NULL,NULL,1,NULL,1,0,NULL,NULL,0,0),
(43,'2013-08-22 16:22:13','2013-08-22 16:22:13','a',NULL,87,NULL,0,NULL,2453,NULL,'INR',NULL,'PRODUCT',NULL,NULL,1,NULL,1,0,NULL,NULL,0,0),
(37,'2013-08-22 16:15:27','2013-08-22 16:15:27','i',NULL,81,NULL,0,NULL,2447,NULL,'INR',NULL,'PRODUCT',NULL,NULL,1,NULL,1,0,NULL,NULL,0,0),
(44,'2013-08-22 16:23:10','2013-08-22 16:23:10','a',NULL,88,NULL,0,NULL,2454,NULL,'INR',NULL,'PRODUCT',NULL,NULL,1,NULL,1,0,NULL,NULL,0,0),
(45,'2013-08-22 16:23:54','2013-08-22 16:23:54','a',NULL,89,NULL,0,NULL,2455,NULL,'INR',NULL,'PRODUCT',NULL,NULL,1,NULL,1,0,NULL,NULL,0,0),
(46,'2013-08-22 16:26:19','2013-08-22 16:26:19','a',NULL,90,NULL,0,NULL,2456,NULL,'INR',NULL,'PRODUCT',NULL,NULL,1,NULL,1,0,NULL,NULL,0,0),
(47,'2013-08-22 16:27:42','2013-08-22 16:27:42','a',NULL,91,NULL,0,NULL,2457,NULL,'INR',NULL,'PRODUCT',NULL,NULL,1,NULL,1,0,NULL,NULL,0,0),
(48,'2013-08-22 16:29:12','2013-08-22 16:29:12','a',NULL,92,NULL,0,NULL,2458,NULL,'INR',NULL,'PRODUCT',NULL,NULL,1,NULL,1,0,NULL,NULL,0,0),
(49,'2013-08-22 16:36:51','2013-08-22 16:36:51','a',NULL,93,NULL,0,NULL,2459,NULL,'INR',NULL,'PRODUCT',NULL,NULL,1,NULL,1,0,NULL,NULL,0,0),
(50,'2013-08-22 16:45:04','2013-08-22 16:45:04','a',NULL,94,NULL,0,NULL,2460,NULL,'INR',NULL,'PRODUCT',NULL,NULL,1,NULL,1,0,NULL,NULL,0,0),
(51,'2013-08-22 16:45:33','2013-08-22 16:45:33','a',NULL,95,NULL,0,NULL,2461,NULL,'INR',NULL,'PRODUCT',NULL,NULL,1,NULL,1,0,NULL,NULL,0,0),
(52,'2013-08-22 16:46:01','2013-08-22 16:46:01','a',NULL,96,NULL,0,NULL,2462,NULL,'INR',NULL,'PRODUCT',NULL,NULL,1,NULL,1,0,NULL,NULL,0,0),
(53,'2013-08-22 16:47:06','2013-08-22 16:47:06','a',NULL,97,NULL,0,NULL,2463,NULL,'INR',NULL,'PRODUCT',NULL,NULL,1,NULL,1,0,NULL,NULL,0,0),
(54,'2013-08-22 16:48:26','2013-08-22 16:48:26','a',NULL,98,NULL,0,NULL,2464,NULL,'INR',NULL,'PRODUCT',NULL,NULL,1,NULL,1,0,NULL,NULL,0,0),
(55,'2013-08-22 16:48:50','2013-08-22 16:48:50','a',NULL,99,NULL,0,NULL,2465,NULL,'INR',NULL,'PRODUCT',NULL,NULL,1,NULL,1,0,NULL,NULL,0,0),
(56,'2013-08-22 16:58:48','2013-08-22 16:58:48','a',NULL,100,NULL,0,NULL,2466,NULL,'INR',NULL,'PRODUCT',NULL,NULL,1,NULL,1,0,NULL,NULL,0,0),
(57,'2013-08-22 17:07:58','2013-08-22 17:07:58','q',NULL,107,NULL,0,NULL,2473,NULL,'INR',NULL,'PRODUCT',NULL,NULL,1,NULL,1,0,NULL,NULL,0,0),
(58,'2013-08-22 17:10:21','2013-08-22 17:10:21','q',NULL,108,NULL,0,NULL,2474,NULL,'INR',NULL,'PRODUCT',NULL,NULL,1,NULL,1,0,NULL,NULL,0,0),
(59,'2013-08-22 17:11:05','2013-08-22 17:11:05','q',NULL,109,NULL,0,NULL,2475,NULL,'INR',NULL,'PRODUCT',NULL,NULL,1,NULL,1,0,NULL,NULL,0,0),
(60,'2013-08-22 17:11:54','2013-08-22 17:11:54','q',NULL,110,NULL,0,NULL,2476,NULL,'INR',NULL,'PRODUCT',NULL,NULL,1,NULL,1,0,NULL,NULL,0,0),
(61,'2013-08-22 17:12:29','2013-08-22 17:12:29','q',NULL,111,NULL,0,NULL,2477,NULL,'INR',NULL,'PRODUCT',NULL,NULL,1,NULL,1,0,NULL,NULL,0,0),
(62,'2013-08-22 17:15:35','2013-08-22 17:15:35','q',NULL,112,NULL,0,NULL,2478,NULL,'INR',NULL,'PRODUCT',NULL,NULL,1,NULL,1,0,NULL,NULL,0,0),
(63,'2013-08-22 17:15:51','2013-08-22 17:15:51','q',NULL,113,NULL,0,NULL,2479,NULL,'INR',NULL,'PRODUCT',NULL,NULL,1,NULL,1,0,NULL,NULL,0,0),
(64,'2013-08-22 17:16:18','2013-08-22 17:16:18','q',NULL,114,NULL,0,NULL,2480,NULL,'INR',NULL,'PRODUCT',NULL,NULL,1,NULL,1,0,NULL,NULL,0,0),
(65,'2013-08-22 17:16:22','2013-08-22 17:16:22','q',NULL,115,NULL,0,NULL,2481,NULL,'INR',NULL,'PRODUCT',NULL,NULL,1,NULL,1,0,NULL,NULL,0,0),
(66,'2013-08-22 17:16:36','2013-08-22 17:16:36','q',NULL,116,NULL,0,NULL,2482,NULL,'INR',NULL,'PRODUCT',NULL,NULL,1,NULL,1,0,NULL,NULL,0,0),
(67,'2013-08-22 17:19:03','2013-08-22 17:19:03','q',NULL,117,NULL,0,NULL,2483,NULL,'INR',NULL,'PRODUCT',NULL,NULL,1,NULL,1,0,NULL,NULL,0,0),
(68,'2013-08-22 17:19:42','2013-08-22 17:19:42','q',NULL,118,NULL,0,NULL,2484,NULL,'INR',NULL,'PRODUCT',NULL,NULL,1,NULL,1,0,NULL,NULL,0,0),
(69,'2013-08-22 17:23:19','2013-08-22 17:23:19','q',NULL,119,NULL,0,NULL,2485,NULL,'INR',NULL,'PRODUCT',NULL,NULL,1,NULL,1,0,NULL,NULL,0,0),
(70,'2013-08-22 17:24:02','2013-08-22 17:24:02','q',NULL,120,NULL,0,NULL,2486,NULL,'INR',NULL,'PRODUCT',NULL,NULL,1,NULL,1,0,NULL,NULL,0,0),
(71,'2013-08-22 17:24:30','2013-08-22 17:24:30','q',NULL,121,NULL,0,NULL,2487,NULL,'INR',NULL,'PRODUCT',NULL,NULL,1,NULL,1,0,NULL,NULL,0,0),
(72,'2013-08-22 17:24:52','2013-08-22 17:24:52','q',NULL,122,NULL,0,NULL,2488,NULL,'INR',NULL,'PRODUCT',NULL,NULL,1,NULL,1,0,NULL,NULL,0,0),
(73,'2013-08-22 17:31:27','2013-08-22 17:31:27','',NULL,123,NULL,0,NULL,2489,NULL,'INR',NULL,'PRODUCT',NULL,NULL,1,NULL,1,0,NULL,NULL,0,0),
(74,'2013-08-22 17:32:14','2013-08-22 17:32:14','',NULL,124,NULL,0,NULL,2490,NULL,'INR',NULL,'PRODUCT',NULL,NULL,1,NULL,1,0,NULL,NULL,0,0),
(75,'2013-08-22 17:33:13','2013-08-22 17:33:13','',NULL,125,NULL,0,NULL,2491,NULL,'INR',NULL,'PRODUCT',NULL,NULL,1,NULL,1,0,NULL,NULL,0,0),
(76,'2013-08-22 17:33:38','2013-08-22 17:33:38','',NULL,126,NULL,0,NULL,2492,NULL,'INR',NULL,'PRODUCT',NULL,NULL,1,NULL,1,0,NULL,NULL,0,0),
(77,'2013-08-22 17:34:07','2013-08-22 17:34:07','',NULL,127,NULL,0,NULL,2493,NULL,'INR',NULL,'PRODUCT',NULL,NULL,1,NULL,1,0,NULL,NULL,0,0),
(78,'2013-08-22 17:38:18','2013-08-22 17:38:18','',NULL,128,NULL,0,NULL,2494,NULL,'INR',NULL,'PRODUCT',NULL,NULL,1,NULL,1,0,NULL,NULL,0,0),
(79,'2013-08-22 17:44:33','2013-08-22 17:44:33','',NULL,131,NULL,0,NULL,2497,NULL,'INR',NULL,'PRODUCT',NULL,NULL,1,NULL,1,0,NULL,NULL,0,0),
(80,'2013-08-22 17:47:21','2013-08-22 17:47:21','',NULL,132,NULL,0,NULL,2498,NULL,'INR',NULL,'PRODUCT',NULL,NULL,1,NULL,1,0,NULL,NULL,0,0),
(81,'2013-08-22 17:47:41','2013-08-22 17:47:41','',NULL,133,NULL,0,NULL,2499,NULL,'INR',NULL,'PRODUCT',NULL,NULL,1,NULL,1,0,NULL,NULL,0,0),
(82,'2013-08-22 17:52:08','2013-08-22 17:52:08','',NULL,134,NULL,0,NULL,2500,NULL,'INR',NULL,'PRODUCT',NULL,NULL,1,NULL,1,0,NULL,NULL,0,0),
(83,'2013-08-22 17:53:16','2013-08-22 17:53:16','',NULL,135,NULL,0,NULL,2501,NULL,'INR',NULL,'PRODUCT',NULL,NULL,1,NULL,1,0,NULL,NULL,0,0),
(84,'2013-08-22 17:54:22','2013-08-22 17:54:22','',NULL,136,NULL,0,NULL,2502,NULL,'INR',NULL,'PRODUCT',NULL,NULL,1,NULL,1,0,NULL,NULL,0,0),
(85,'2013-08-22 17:55:29','2013-08-22 17:55:29','',NULL,137,NULL,0,NULL,2503,NULL,'INR',NULL,'PRODUCT',NULL,NULL,1,NULL,1,0,NULL,NULL,0,0),
(86,'2013-08-22 17:56:51','2013-08-22 17:56:51','',NULL,138,NULL,0,NULL,2504,NULL,'INR',NULL,'PRODUCT',NULL,NULL,1,NULL,1,0,NULL,NULL,0,0),
(87,'2013-08-22 17:56:57','2013-08-22 17:56:57','',NULL,139,NULL,0,NULL,2505,NULL,'INR',NULL,'PRODUCT',NULL,NULL,1,NULL,1,0,NULL,NULL,0,0),
(88,'2013-08-22 17:57:10','2013-08-22 17:57:10','',NULL,140,NULL,0,NULL,2506,NULL,'INR',NULL,'PRODUCT',NULL,NULL,1,NULL,1,0,NULL,NULL,0,0),
(89,'2013-08-22 18:03:42','2013-08-22 18:03:42','',NULL,141,NULL,0,NULL,2507,NULL,'INR',NULL,'PRODUCT',NULL,NULL,1,NULL,1,0,NULL,NULL,0,0),
(90,'2013-08-22 18:03:49','2013-08-22 18:03:49','',NULL,142,NULL,0,NULL,2508,NULL,'INR',NULL,'PRODUCT',NULL,NULL,1,NULL,1,0,NULL,NULL,0,0),
(91,'2013-08-22 18:04:06','2013-08-22 18:04:06','',NULL,143,NULL,0,NULL,2509,NULL,'INR',NULL,'PRODUCT',NULL,NULL,1,NULL,1,0,NULL,NULL,0,0),
(92,'2013-08-22 18:04:10','2013-08-22 18:04:10','',NULL,144,NULL,0,NULL,2510,NULL,'INR',NULL,'PRODUCT',NULL,NULL,1,NULL,1,0,NULL,NULL,0,0),
(93,'2013-08-22 18:04:16','2013-08-22 18:04:16','',NULL,145,NULL,0,NULL,2511,NULL,'INR',NULL,'PRODUCT',NULL,NULL,1,NULL,1,0,NULL,NULL,0,0),
(94,'2013-08-22 18:04:42','2013-08-22 18:04:42','',NULL,146,NULL,0,NULL,2512,NULL,'INR',NULL,'PRODUCT',NULL,NULL,1,NULL,1,0,NULL,NULL,0,0),
(95,'2013-08-22 18:07:17','2013-08-22 18:07:17','',NULL,147,NULL,0,NULL,2513,NULL,'INR',NULL,'PRODUCT',NULL,NULL,1,NULL,1,0,NULL,NULL,0,0),
(96,'2013-08-22 18:10:42','2013-08-22 18:10:42','',NULL,148,NULL,0,NULL,2514,NULL,'INR',NULL,'PRODUCT',NULL,NULL,1,NULL,1,0,NULL,NULL,0,0),
(97,'2013-08-22 18:11:46','2013-08-22 18:11:46','',NULL,149,NULL,0,NULL,2515,NULL,'INR',NULL,'PRODUCT',NULL,NULL,1,NULL,1,0,NULL,NULL,0,0),
(98,'2013-08-22 18:14:46','2013-08-22 18:14:46','',NULL,150,NULL,0,NULL,2516,NULL,'INR',NULL,'PRODUCT',NULL,NULL,1,NULL,1,0,NULL,NULL,0,0),
(99,'2013-08-22 18:15:45','2013-08-22 18:15:45','',NULL,151,NULL,0,NULL,2517,NULL,'INR',NULL,'PRODUCT',NULL,NULL,1,NULL,1,0,NULL,NULL,0,0),
(100,'2013-08-22 18:20:08','2013-08-22 18:20:08','',NULL,152,NULL,0,NULL,2518,NULL,'INR',NULL,'PRODUCT',NULL,NULL,1,NULL,1,0,NULL,NULL,0,0),
(101,'2013-08-22 18:21:08','2013-08-22 18:21:08','',NULL,153,NULL,0,NULL,2519,NULL,'INR',NULL,'PRODUCT',NULL,NULL,1,NULL,1,0,NULL,NULL,0,0),
(102,'2013-08-22 18:21:54','2013-08-22 18:21:54','',NULL,154,NULL,0,NULL,2520,NULL,'INR',NULL,'PRODUCT',NULL,NULL,1,NULL,1,0,NULL,NULL,0,0),
(103,'2013-08-22 18:22:27','2013-08-22 18:22:27','',NULL,155,NULL,0,NULL,2521,NULL,'INR',NULL,'PRODUCT',NULL,NULL,1,NULL,1,0,NULL,NULL,0,0),
(104,'2013-08-22 18:25:55','2013-08-22 18:25:55','',NULL,156,NULL,0,NULL,2522,NULL,'INR',NULL,'PRODUCT',NULL,NULL,1,NULL,1,0,NULL,NULL,0,0),
(105,'2013-08-22 18:29:53','2013-08-22 18:29:53','',NULL,157,NULL,0,NULL,2523,NULL,'INR',NULL,'PRODUCT',NULL,NULL,1,NULL,1,0,NULL,NULL,0,0),
(106,'2013-08-22 18:34:49','2013-08-22 18:34:49','',NULL,158,NULL,0,NULL,2524,NULL,'INR',NULL,'PRODUCT',NULL,NULL,1,NULL,1,0,NULL,NULL,0,0),
(107,'2013-08-22 18:37:03','2013-08-22 18:37:03','',NULL,159,NULL,0,NULL,2525,NULL,'INR',NULL,'PRODUCT',NULL,NULL,1,NULL,1,0,NULL,NULL,0,0),
(108,'2013-08-22 18:38:20','2013-08-22 18:38:20','',NULL,160,NULL,0,NULL,2526,NULL,'INR',NULL,'PRODUCT',NULL,NULL,1,NULL,1,0,NULL,NULL,0,0),
(109,'2013-08-22 18:40:07','2013-08-22 18:40:07','qwertyuiop[',NULL,161,NULL,0,NULL,2527,NULL,'INR',NULL,'PRODUCT',NULL,NULL,1,NULL,1,0,NULL,NULL,0,0),
(110,'2013-08-22 18:40:30','2013-08-22 18:40:30','qwertyuiop[',NULL,162,NULL,0,NULL,2528,NULL,'INR',NULL,'PRODUCT',NULL,NULL,1,NULL,1,0,NULL,NULL,0,0),
(111,'2013-08-22 18:41:37','2013-08-22 18:41:37','qwertyuiop[',NULL,163,NULL,0,NULL,2529,NULL,'INR',NULL,'PRODUCT',NULL,NULL,1,NULL,1,0,NULL,NULL,0,0),
(112,'2013-08-22 18:41:49','2013-08-22 18:41:49','wertyuiop[',NULL,164,NULL,0,NULL,2530,NULL,'INR',NULL,'PRODUCT',NULL,NULL,1,NULL,1,0,NULL,NULL,0,0),
(113,'2013-08-22 18:43:28','2013-08-22 18:43:28','dfghj',NULL,165,NULL,0,NULL,2531,NULL,'INR',NULL,'PRODUCT',NULL,NULL,1,NULL,1,0,NULL,NULL,0,0),
(114,'2013-08-22 18:47:30','2013-08-22 18:47:30','dfghj',NULL,166,NULL,0,NULL,2532,NULL,'INR',NULL,'PRODUCT',NULL,NULL,1,NULL,1,0,NULL,NULL,0,0),
(115,'2013-08-22 18:47:47','2013-08-22 18:47:47','qwertyuiop[',NULL,167,NULL,0,NULL,2533,NULL,'INR',NULL,'PRODUCT',NULL,NULL,1,NULL,1,0,NULL,NULL,0,0),
(116,'2013-08-22 18:48:30','2013-08-22 18:48:30','qwertyuiop[]\\',NULL,168,NULL,0,NULL,2534,NULL,'INR',NULL,'PRODUCT',NULL,NULL,1,NULL,1,0,NULL,NULL,0,0),
(117,'2013-08-22 19:00:52','2013-08-22 19:00:52','qwertyuiop[]',NULL,169,NULL,0,NULL,2535,NULL,'INR',NULL,'PRODUCT',NULL,NULL,1,NULL,1,0,NULL,NULL,0,0),
(118,'2013-08-22 19:09:11','2013-08-22 19:09:11','qwertyuiop[]',NULL,170,NULL,0,NULL,2536,NULL,'INR',NULL,'PRODUCT',NULL,NULL,1,NULL,1,0,NULL,NULL,0,0),
(119,'2013-08-22 19:09:40','2013-08-22 19:09:40','qwertyuiop[]',NULL,171,NULL,0,NULL,2537,NULL,'INR',NULL,'PRODUCT',NULL,NULL,1,NULL,1,0,NULL,NULL,0,0),
(120,'2013-08-22 19:10:18','2013-08-22 19:10:18','qwertyuiop[]',NULL,172,NULL,0,NULL,2538,NULL,'INR',NULL,'PRODUCT',NULL,NULL,1,NULL,1,0,NULL,NULL,0,0),
(121,'2013-08-22 21:06:24','2013-08-22 21:06:24','q',NULL,173,NULL,0,NULL,2539,NULL,'INR',NULL,'PRODUCT',NULL,NULL,1,NULL,1,0,NULL,NULL,0,0),
(122,'2013-08-22 21:07:53','2013-08-22 21:07:53','b',NULL,174,NULL,0,NULL,2540,NULL,'INR',NULL,'PRODUCT',NULL,NULL,1,NULL,1,0,NULL,NULL,0,0),
(123,'2013-08-22 21:11:21','2013-08-22 21:11:21','',NULL,175,NULL,0,NULL,2541,NULL,'INR',NULL,'PRODUCT',NULL,NULL,1,NULL,1,0,NULL,NULL,0,0),
(124,'2013-08-22 21:14:19','2013-08-22 21:14:19','',NULL,176,NULL,0,NULL,2542,NULL,'INR',NULL,'PRODUCT',NULL,NULL,1,NULL,1,0,NULL,NULL,0,0),
(125,'2013-08-22 21:15:03','2013-08-22 21:15:03','',NULL,177,NULL,0,NULL,2543,NULL,'INR',NULL,'PRODUCT',NULL,NULL,1,NULL,1,0,NULL,NULL,0,0),
(126,'2013-08-22 21:15:03','2013-08-22 21:15:03','',NULL,178,NULL,0,NULL,2544,NULL,'INR',NULL,'PRODUCT',NULL,NULL,1,NULL,1,0,NULL,NULL,0,0),
(127,'2013-08-22 21:16:01','2013-08-22 21:16:01','',NULL,179,NULL,0,NULL,2545,NULL,'INR',NULL,'PRODUCT',NULL,NULL,1,NULL,1,0,NULL,NULL,0,0),
(128,'2013-08-22 21:16:10','2013-08-22 21:16:10','',NULL,180,NULL,0,NULL,2546,NULL,'INR',NULL,'PRODUCT',NULL,NULL,1,NULL,1,0,NULL,NULL,0,0),
(129,'2013-08-22 21:16:24','2013-08-22 21:16:24','',NULL,181,NULL,0,NULL,2547,NULL,'INR',NULL,'PRODUCT',NULL,NULL,1,NULL,1,0,NULL,NULL,0,0),
(130,'2013-08-22 21:17:38','2013-08-22 21:17:38','',NULL,182,NULL,0,NULL,2548,NULL,'INR',NULL,'PRODUCT',NULL,NULL,1,NULL,1,0,NULL,NULL,0,0),
(131,'2013-08-22 21:18:28','2013-08-22 21:18:28','',NULL,183,NULL,0,NULL,2549,NULL,'INR',NULL,'PRODUCT',NULL,NULL,1,NULL,1,0,NULL,NULL,0,0),
(132,'2013-08-22 21:19:29','2013-08-22 21:19:29','',NULL,184,NULL,0,NULL,2550,NULL,'INR',NULL,'PRODUCT',NULL,NULL,1,NULL,1,0,NULL,NULL,0,0),
(133,'2013-08-22 21:21:05','2013-08-22 21:21:05','',NULL,185,NULL,0,NULL,2551,NULL,'INR',NULL,'PRODUCT',NULL,NULL,1,NULL,1,0,NULL,NULL,0,0),
(134,'2013-08-22 21:23:35','2013-08-22 21:23:35','asdfhk;',NULL,186,NULL,0,NULL,2552,NULL,'INR',NULL,'PRODUCT',NULL,NULL,1,NULL,1,0,NULL,NULL,0,0),
(135,'2013-08-22 21:25:08','2013-08-22 21:25:08','asdfhk;',NULL,187,NULL,0,NULL,2553,NULL,'INR',NULL,'PRODUCT',NULL,NULL,1,NULL,1,0,NULL,NULL,0,0),
(136,'2013-08-22 21:31:44','2013-08-22 21:31:44','',NULL,188,NULL,0,NULL,2554,NULL,'INR',NULL,'PRODUCT',NULL,NULL,1,NULL,1,0,NULL,NULL,0,0),
(137,'2013-08-22 21:33:17','2013-08-22 21:33:17','',NULL,189,NULL,0,NULL,2555,NULL,'INR',NULL,'PRODUCT',NULL,NULL,1,NULL,1,0,NULL,NULL,0,0),
(138,'2013-08-22 22:13:58','2013-08-22 22:13:58','',NULL,190,NULL,0,NULL,2556,NULL,'INR',NULL,'PRODUCT',NULL,NULL,1,NULL,1,0,NULL,NULL,0,0),
(139,'2013-08-22 22:23:03','2013-08-22 22:23:03','',NULL,191,NULL,0,NULL,2557,NULL,'INR',NULL,'PRODUCT',NULL,NULL,1,NULL,1,0,NULL,NULL,0,0),
(140,'2013-08-22 22:39:27','2013-08-22 22:39:27','c',NULL,192,NULL,0,NULL,2558,NULL,'INR',NULL,'PRODUCT',NULL,NULL,1,NULL,1,0,NULL,NULL,0,0),
(141,'2013-08-22 22:44:06','2013-08-22 22:44:06','asdfghjk',NULL,193,NULL,0,NULL,2559,NULL,'INR',NULL,'PRODUCT',NULL,NULL,1,NULL,1,0,NULL,NULL,0,0),
(142,'2013-08-22 22:46:26','2013-08-22 22:46:26','vikas enterprise',NULL,194,NULL,0,NULL,2560,NULL,'INR',NULL,'PRODUCT',NULL,NULL,1,NULL,1,0,NULL,NULL,0,0),
(143,'2013-08-22 22:54:54','2013-08-22 22:54:54','c',NULL,195,NULL,0,NULL,2561,NULL,'INR',NULL,'PRODUCT',NULL,NULL,1,NULL,1,0,NULL,NULL,0,0),
(144,'2013-08-22 22:58:04','2013-08-22 22:58:04','',NULL,196,NULL,0,NULL,2562,NULL,'INR',NULL,'PRODUCT',NULL,NULL,1,NULL,1,0,NULL,NULL,0,0),
(145,'2013-08-22 23:03:07','2013-08-22 23:03:07','',NULL,197,NULL,0,NULL,2563,NULL,'INR',NULL,'PRODUCT',NULL,NULL,1,NULL,1,0,NULL,NULL,0,0),
(146,'2013-08-22 23:11:04','2013-08-22 23:11:04','k',NULL,198,NULL,0,NULL,2564,NULL,'INR',NULL,'PRODUCT',NULL,NULL,1,NULL,1,0,NULL,NULL,0,0),
(147,'2013-08-22 23:13:19','2013-08-22 23:13:19','o',NULL,199,NULL,0,NULL,2565,NULL,'INR',NULL,'PRODUCT',NULL,NULL,1,NULL,1,0,NULL,NULL,0,0),
(148,'2013-08-22 23:16:14','2013-08-22 23:16:14','o',NULL,200,NULL,0,NULL,2566,NULL,'INR',NULL,'PRODUCT',NULL,NULL,1,NULL,1,0,NULL,NULL,0,0),
(149,'2013-08-22 23:43:02','2013-08-22 23:43:02','',NULL,201,NULL,0,NULL,2567,NULL,'INR',NULL,'PRODUCT',NULL,NULL,1,NULL,1,0,NULL,NULL,0,0),
(150,'2013-08-23 10:06:54','2013-08-23 10:06:54','',NULL,202,NULL,0,NULL,2568,NULL,'INR',NULL,'PRODUCT',NULL,NULL,1,NULL,1,0,NULL,NULL,0,0),
(151,'2013-08-23 10:07:55','2013-08-23 10:07:55','qwertyuio',NULL,203,NULL,0,NULL,2569,NULL,'INR',NULL,'PRODUCT',NULL,NULL,1,NULL,1,0,NULL,NULL,0,0),
(152,'2013-08-23 10:11:28','2013-08-23 10:11:28','','',204,NULL,0,NULL,2570,NULL,'INR',NULL,'PRODUCT',NULL,NULL,1,NULL,1,0,NULL,NULL,0,0),
(153,'2013-08-23 10:14:46','2013-08-23 10:14:46','c','<p>qwertyuiop[asdfghjkl;</p>',205,NULL,0,NULL,2571,NULL,'INR',NULL,'PRODUCT',NULL,NULL,1,NULL,1,0,NULL,NULL,0,0),
(154,'2013-08-23 10:29:16','2013-08-23 10:29:16','vikas enterprise','<p>:       2012-13    350       950               2011-12  382.36                                              , \'\'                        \'\'  &nbsp;<strong>...</strong></p>',206,NULL,0,NULL,2572,NULL,'INR',NULL,'PRODUCT',NULL,NULL,1,NULL,1,0,NULL,NULL,0,0),
(155,'2013-08-23 13:01:29','2013-08-23 13:01:29','c','',207,NULL,0,NULL,2573,NULL,'INR',NULL,'PRODUCT',NULL,NULL,1,NULL,1,0,NULL,NULL,0,0),
(156,'2013-08-23 13:24:45','2013-08-23 13:24:45','vikas enterprise',NULL,209,NULL,0,NULL,2575,NULL,'INR',NULL,'PRODUCT',NULL,NULL,1,NULL,1,0,NULL,NULL,0,0),
(157,'2013-08-23 13:42:48','2013-08-23 13:42:48','vikas enterprise',NULL,210,NULL,0,NULL,2576,NULL,'INR',NULL,'PRODUCT',17,NULL,1,NULL,1,0,NULL,NULL,0,0),
(158,'2013-08-23 15:02:23','2013-08-23 15:02:23','Vijay singh bisht01','vijay singh bisht',211,NULL,0,NULL,2577,NULL,'INR',NULL,'PRODUCT',17,NULL,1,NULL,1,0,NULL,NULL,0,0),
(159,'2013-08-23 15:15:25','2013-08-23 15:15:25','vij',NULL,216,NULL,0,NULL,2582,NULL,'INR',NULL,'PRODUCT',26,NULL,1,NULL,1,0,NULL,NULL,0,0),
(160,'2013-08-23 16:09:32','2013-08-23 16:09:32','book bussiness',NULL,221,NULL,0,NULL,2586,NULL,'INR',NULL,'PRODUCT',17,NULL,1,NULL,1,0,NULL,NULL,0,0),
(161,'2013-08-23 16:14:40','2013-08-23 16:14:40','book bussiness',NULL,225,NULL,0,NULL,2590,NULL,'INR',NULL,'PRODUCT',17,NULL,1,NULL,1,0,NULL,NULL,0,0),
(162,'2013-08-23 16:16:09','2013-08-23 16:16:09','book bussiness','werty',227,NULL,0,NULL,2592,NULL,'INR',NULL,'PRODUCT',17,NULL,1,NULL,1,0,NULL,NULL,0,0),
(163,'2013-08-23 16:27:46','2013-08-23 16:27:46','local shop','qwertyui',228,NULL,0,NULL,2593,NULL,'INR',NULL,'PRODUCT',17,NULL,1,NULL,1,0,NULL,NULL,0,0),
(164,'2013-08-23 16:57:44','2013-08-23 16:57:44','book bussiness',NULL,232,NULL,0,NULL,2597,NULL,'INR',NULL,'PRODUCT',17,NULL,1,NULL,1,0,NULL,NULL,0,0),
(165,'2013-08-23 17:00:17','2013-08-23 17:00:17','book bussiness',NULL,235,NULL,0,NULL,2600,NULL,'INR',NULL,'PRODUCT',17,NULL,1,NULL,1,0,NULL,NULL,0,0),
(166,'2013-08-23 17:10:04','2013-08-23 17:10:04','vikas enterprise',NULL,0,NULL,0,NULL,2610,NULL,'INR',NULL,'PRODUCT',17,NULL,1,NULL,1,0,NULL,NULL,0,0),
(167,'2013-08-23 17:30:49','2013-08-23 17:30:49','vikas enterprise','qwertyuiop[',0,NULL,0,NULL,249,NULL,'INR',NULL,'PRODUCT',17,NULL,1,NULL,1,0,NULL,NULL,0,0),
(168,'2013-08-23 17:37:25','2013-08-23 17:37:25','vikas enterprise','qwertyuiop[',0,NULL,0,NULL,267,NULL,'INR',NULL,'PRODUCT',19,NULL,1,NULL,1,0,NULL,NULL,0,0),
(169,'2013-08-23 17:41:17','2013-08-23 17:41:17','vikas enterprise',NULL,0,NULL,0,NULL,2646,NULL,'INR',NULL,'PRODUCT',19,NULL,1,NULL,1,0,NULL,NULL,0,0),
(170,'2013-08-23 17:41:20','2013-08-23 17:41:20','vikas enterprise',NULL,0,NULL,0,NULL,2647,NULL,'INR',NULL,'PRODUCT',19,NULL,1,NULL,1,0,NULL,NULL,0,0),
(171,'2013-08-23 17:51:38','2013-08-23 17:51:38','vikas enterprise','wertyuio',0,NULL,0,NULL,273,NULL,'INR',NULL,'PRODUCT',19,NULL,1,NULL,1,0,NULL,NULL,0,0),
(172,'2013-08-23 17:54:24','2013-08-23 17:54:24','vikas enterprise',NULL,0,NULL,0,NULL,2655,NULL,'INR',NULL,'PRODUCT',19,NULL,1,NULL,1,0,NULL,NULL,0,0),
(173,'2013-08-23 18:30:44','2013-08-23 18:30:44','vikas enterprise','qwertyui',0,NULL,0,NULL,295,NULL,'INR',NULL,'PRODUCT',19,NULL,1,NULL,1,0,NULL,NULL,0,0),
(174,'2013-08-23 19:02:53','2013-08-23 19:02:53','vikas enterprise','qwertyuiop',317,NULL,0,NULL,2701,NULL,'INR',NULL,'PRODUCT',13,NULL,1,NULL,1,0,NULL,NULL,0,0),
(175,'2013-08-23 19:03:13','2013-08-23 19:03:13','vikas enterprise','qwertyuiop',318,NULL,0,NULL,2702,NULL,'INR',NULL,'PRODUCT',NULL,NULL,1,NULL,1,0,NULL,NULL,0,0),
(176,'2013-08-23 19:07:20','2013-08-23 19:07:20','new',NULL,0,NULL,0,NULL,2705,NULL,'INR',NULL,'PRODUCT',3,NULL,1,NULL,1,0,NULL,NULL,0,0),
(177,'2013-08-23 19:07:26','2013-08-23 19:07:26','new',NULL,0,NULL,0,NULL,2706,NULL,'INR',NULL,'PRODUCT',3,NULL,1,NULL,1,0,NULL,NULL,0,0),
(178,'2013-08-23 19:08:04','2013-08-23 19:08:04','new',NULL,0,NULL,0,NULL,2707,NULL,'INR',NULL,'PRODUCT',3,NULL,1,NULL,1,0,NULL,NULL,0,0),
(179,'2013-08-23 19:08:59','2013-08-23 19:08:59','new','qwertyuiop[]',319,NULL,0,NULL,2708,NULL,'INR',NULL,'PRODUCT',NULL,NULL,1,NULL,1,0,NULL,NULL,0,0),
(180,'2013-08-23 20:38:55','2013-08-23 20:38:55','vikas ','Web Address in Myby4u',0,NULL,0,NULL,2709,NULL,'INR',NULL,'PRODUCT',8,NULL,1,NULL,1,0,NULL,NULL,0,0),
(181,'2013-08-23 20:40:17','2013-08-23 20:40:17','vikas ','Web Address in Myby4u',320,NULL,0,NULL,2710,NULL,'INR',NULL,'PRODUCT',NULL,NULL,1,NULL,1,0,NULL,NULL,0,0),
(182,'2013-08-23 20:42:25','2013-08-23 20:42:25','vikas ','Web Address in Myby4u',321,NULL,0,NULL,2711,NULL,'INR',NULL,'PRODUCT',NULL,NULL,1,NULL,1,0,NULL,NULL,0,0),
(183,'2013-08-23 20:47:16','2013-08-23 20:47:16','vikas ','Web Address in Myby4u',322,NULL,0,NULL,2712,NULL,'INR',NULL,'PRODUCT',NULL,NULL,1,NULL,1,0,NULL,NULL,0,0),
(184,'2013-08-23 20:47:58','2013-08-23 20:47:58','vikas ','Web Address in Myby4u',323,NULL,0,NULL,2713,NULL,'INR',NULL,'PRODUCT',NULL,NULL,1,NULL,1,0,NULL,NULL,0,0),
(185,'2013-08-23 20:52:24','2013-08-23 20:52:24','vikas enterprise','asdfghj',0,NULL,0,NULL,2714,NULL,'INR',NULL,'PRODUCT',17,NULL,1,NULL,1,0,NULL,NULL,0,0),
(186,'2013-08-23 21:10:28','2013-08-23 21:10:28','vikas enterprise','asdfghj',326,NULL,0,NULL,2717,NULL,'INR',NULL,'PRODUCT',NULL,NULL,1,NULL,1,0,NULL,NULL,0,0),
(187,'2013-08-23 21:10:57','2013-08-23 21:10:57','vikas enterprise','asdfghj',327,NULL,0,NULL,2718,NULL,'INR',NULL,'PRODUCT',NULL,NULL,1,NULL,1,0,NULL,NULL,0,0),
(188,'2013-08-23 21:14:52','2013-08-23 21:14:52','saloon','saloon\r\nsaloon\r\nsaloon',330,NULL,0,NULL,2722,NULL,'INR',NULL,'PRODUCT',18,NULL,1,NULL,1,0,NULL,NULL,0,0),
(189,'2013-08-23 21:32:26','2013-08-23 21:32:26','vikas enterprise','fghjkl',335,NULL,0,NULL,2729,NULL,'INR',NULL,'PRODUCT',19,NULL,1,NULL,1,0,NULL,NULL,0,0),
(190,'2013-08-24 10:35:57','2013-08-24 10:35:57','book bussiness','qwertyui',336,NULL,0,NULL,2732,NULL,'INR',NULL,'PRODUCT',17,NULL,1,NULL,1,0,NULL,NULL,0,0),
(191,'2013-08-24 10:42:37','2013-08-24 10:42:37','vikas enterprise','qwertyuio',337,NULL,0,NULL,2734,NULL,'INR',NULL,'PRODUCT',17,NULL,1,NULL,1,0,NULL,NULL,0,0),
(192,'2013-08-24 10:56:29','2013-08-24 10:56:29','book bussiness',NULL,0,NULL,0,NULL,2735,NULL,'INR',NULL,'PRODUCT',19,NULL,1,NULL,1,0,NULL,NULL,0,0),
(193,'2013-08-24 11:08:42','2013-08-24 11:08:42','vikas enterprise','asdfghjk',0,NULL,0,NULL,2737,NULL,'INR',NULL,'PRODUCT',20,NULL,1,NULL,1,0,NULL,NULL,0,0),
(194,'2013-08-24 11:38:04','2013-08-24 11:38:04','hello',NULL,0,NULL,0,NULL,2741,NULL,'INR',NULL,'PRODUCT',8,NULL,1,NULL,1,0,NULL,NULL,0,0),
(195,'2013-08-24 11:48:47','2013-08-24 11:48:47','vikas enterprise',NULL,0,NULL,0,NULL,2746,NULL,'INR',NULL,'PRODUCT',8,NULL,1,NULL,1,0,NULL,NULL,0,0),
(196,'2013-08-24 11:49:54','2013-08-24 11:49:54','qqqq',NULL,0,NULL,0,NULL,2748,NULL,'INR',NULL,'PRODUCT',19,NULL,1,NULL,1,0,NULL,NULL,0,0),
(197,'2013-08-24 12:02:14','2013-08-24 12:02:14','qqqq','qwertyu',362,NULL,0,NULL,2749,NULL,'INR',NULL,'PRODUCT',19,NULL,1,NULL,1,0,NULL,NULL,0,0),
(198,'2013-08-24 12:30:27','2013-08-24 12:30:27','god','asdfghjkl;',369,NULL,0,NULL,2752,NULL,'INR',NULL,'PRODUCT',17,NULL,1,NULL,1,0,NULL,NULL,0,0),
(199,'2013-08-24 13:43:45','2013-08-24 13:43:45','raw','updateasdfghjkl;',0,NULL,0,NULL,2753,NULL,'INR',NULL,'PRODUCT',19,NULL,1,NULL,1,0,NULL,NULL,0,0),
(200,'2013-08-24 13:48:18','2013-08-24 13:48:18','qwertyuio',NULL,0,NULL,0,NULL,2754,NULL,'INR',NULL,'PRODUCT',8,NULL,1,NULL,1,0,NULL,NULL,0,0),
(201,'2013-08-24 13:51:13','2013-08-24 13:51:13','qwertyuio',NULL,0,NULL,0,NULL,2755,NULL,'INR',NULL,'PRODUCT',8,NULL,1,NULL,1,0,NULL,NULL,0,0),
(202,'2013-08-24 13:51:50','2013-08-24 13:51:50','qwertyuio',NULL,0,NULL,0,NULL,2756,NULL,'INR',NULL,'PRODUCT',8,NULL,1,NULL,1,0,NULL,NULL,0,0),
(203,'2013-08-24 13:51:53','2013-08-24 13:51:53','qwertyuio',NULL,0,NULL,0,NULL,2757,NULL,'INR',NULL,'PRODUCT',8,NULL,1,NULL,1,0,NULL,NULL,0,0),
(204,'2013-08-24 13:52:23','2013-08-24 13:52:23','qwertyuio',NULL,0,NULL,0,NULL,2758,NULL,'INR',NULL,'PRODUCT',8,NULL,1,NULL,1,0,NULL,NULL,0,0),
(205,'2013-08-24 13:52:43','2013-08-24 13:52:43','qwertyuio',NULL,0,NULL,0,NULL,2759,NULL,'INR',NULL,'PRODUCT',8,NULL,1,NULL,1,0,NULL,NULL,0,0),
(206,'2013-08-24 13:52:46','2013-08-24 13:52:46','qwertyuio',NULL,0,NULL,0,NULL,2760,NULL,'INR',NULL,'PRODUCT',8,NULL,1,NULL,1,0,NULL,NULL,0,0),
(207,'2013-08-24 13:53:27','2013-08-24 13:53:27','qwertyuio',NULL,0,NULL,0,NULL,2761,NULL,'INR',NULL,'PRODUCT',8,NULL,1,NULL,1,0,NULL,NULL,0,0),
(208,'2013-08-24 13:55:50','2013-08-24 13:55:50','qwertyuio',NULL,426,NULL,0,NULL,2762,NULL,'INR',NULL,'PRODUCT',8,NULL,1,NULL,1,0,NULL,NULL,0,0),
(209,'2013-08-24 14:02:51','2013-08-24 14:02:51','qwertyuio','qwertyuiop[]',0,NULL,0,NULL,2763,NULL,'INR',NULL,'PRODUCT',8,NULL,1,NULL,1,0,NULL,NULL,0,0),
(210,'2013-08-24 14:03:17','2013-08-24 14:03:17','vikas enterprise',NULL,435,NULL,0,NULL,2764,NULL,'INR',NULL,'PRODUCT',19,NULL,1,NULL,1,0,NULL,NULL,0,0),
(211,'2013-08-24 14:07:39','2013-08-24 14:07:39','vikas enterprise','qwertyuio',0,NULL,0,NULL,2765,NULL,'INR',NULL,'PRODUCT',19,NULL,1,NULL,1,0,NULL,NULL,0,0),
(212,'2013-08-24 14:46:58','2013-08-24 14:46:58','vikas enterprise',NULL,443,NULL,0,NULL,2766,NULL,'INR',NULL,'PRODUCT',17,NULL,1,NULL,1,0,NULL,NULL,0,0),
(213,'2013-08-24 14:48:50','2013-08-24 14:48:50','vikas enterprise','sdfghjkl;\'',0,NULL,0,NULL,2767,NULL,'INR',NULL,'PRODUCT',17,NULL,1,NULL,1,0,NULL,NULL,0,0),
(214,'2013-08-24 14:57:24','2013-08-24 14:57:24','vikas enterprise',NULL,0,NULL,0,NULL,2768,NULL,'INR',NULL,'PRODUCT',8,NULL,1,NULL,1,0,NULL,NULL,0,0),
(215,'2013-08-24 15:02:44','2013-08-24 15:02:44','vikas enterprise','asdghjkl;\'',0,NULL,0,NULL,2769,NULL,'INR',NULL,'PRODUCT',8,NULL,1,NULL,1,0,NULL,NULL,0,0),
(216,'2013-08-24 15:13:25','2013-08-24 15:13:25','vikas enterprise','hk\r\nsdfghjkl;\'\r\n',456,NULL,0,NULL,2770,NULL,'INR',NULL,'PRODUCT',19,NULL,1,NULL,1,0,NULL,NULL,0,0),
(217,'2013-08-24 15:27:14','2013-08-24 15:27:14','book bussiness','wertuoasdfghjkl;\'\r\n',469,NULL,0,NULL,2771,NULL,'INR',NULL,'PRODUCT',19,NULL,1,NULL,1,0,NULL,NULL,0,0),
(218,'2013-08-24 15:35:41','2013-08-24 15:35:41','vikas enterprise','city wallpaper',2772,NULL,0,NULL,470,NULL,'INR',NULL,'PRODUCT',17,NULL,1,NULL,1,0,NULL,NULL,0,0),
(219,'2013-08-24 15:44:30','2013-08-24 15:44:30','vikas enterprise',NULL,480,NULL,0,NULL,2782,NULL,'INR',NULL,'PRODUCT',17,NULL,1,NULL,1,0,NULL,NULL,0,0),
(220,'2013-08-24 15:46:48','2013-08-24 15:46:48','vikas enterprise',NULL,481,NULL,0,NULL,2783,NULL,'INR',NULL,'PRODUCT',19,NULL,1,NULL,1,0,NULL,NULL,0,0),
(221,'2013-08-24 15:46:50','2013-08-24 15:46:50','vikas enterprise',NULL,482,NULL,0,NULL,2784,NULL,'INR',NULL,'PRODUCT',19,NULL,1,NULL,1,0,NULL,NULL,0,0),
(222,'2013-08-24 15:47:20','2013-08-24 15:47:20','vikas enterprise',NULL,483,NULL,0,NULL,2785,NULL,'INR',NULL,'PRODUCT',19,NULL,1,NULL,1,0,NULL,NULL,0,0),
(223,'2013-08-24 15:48:42','2013-08-24 15:48:42','vikas enterprise',NULL,484,NULL,0,NULL,2786,NULL,'INR',NULL,'PRODUCT',19,NULL,1,NULL,1,0,NULL,NULL,0,0),
(224,'2013-08-24 15:48:45','2013-08-24 15:48:45','vikas enterprise',NULL,485,NULL,0,NULL,2787,NULL,'INR',NULL,'PRODUCT',19,NULL,1,NULL,1,0,NULL,NULL,0,0),
(225,'2013-08-24 15:48:59','2013-08-24 15:48:59','vikas enterprise',NULL,486,NULL,0,NULL,2788,NULL,'INR',NULL,'PRODUCT',19,NULL,1,NULL,1,0,NULL,NULL,0,0),
(226,'2013-08-24 15:49:35','2013-08-24 15:49:35','vikas enterprise',NULL,487,NULL,0,NULL,2789,NULL,'INR',NULL,'PRODUCT',19,NULL,1,NULL,1,0,NULL,NULL,0,0),
(227,'2013-08-24 15:51:15','2013-08-24 15:51:15','vikas enterprise',NULL,488,NULL,0,NULL,2790,NULL,'INR',NULL,'PRODUCT',19,NULL,1,NULL,1,0,NULL,NULL,0,0),
(228,'2013-08-24 15:51:53','2013-08-24 15:51:53','vikas enterprise','qwertyuiop',2791,NULL,0,NULL,489,NULL,'INR',NULL,'PRODUCT',19,NULL,1,NULL,1,0,NULL,NULL,0,0),
(229,'2013-08-24 15:57:55','2013-08-24 15:57:55','weryi','asdfghjkl;',490,NULL,0,NULL,2792,NULL,'INR',NULL,'PRODUCT',19,NULL,1,NULL,1,0,NULL,NULL,0,0),
(230,'2013-08-25 10:39:50','2013-08-25 10:39:50','book bussiness','<p>asdfghjkl;\'</p>',491,NULL,0,NULL,2793,NULL,'INR',NULL,'PRODUCT',19,NULL,1,NULL,1,0,NULL,NULL,0,0),
(231,'2013-08-24 16:17:58','2013-08-24 16:17:58','sdfgh',NULL,497,NULL,0,NULL,2799,NULL,'INR',NULL,'PRODUCT',19,NULL,1,NULL,1,0,NULL,NULL,0,0),
(232,'2013-08-24 16:26:24','2013-08-24 16:26:24','vikas enterprise','asdfghj',503,NULL,0,NULL,2805,NULL,'INR',NULL,'PRODUCT',17,NULL,1,NULL,1,0,NULL,NULL,0,0),
(233,'2013-08-25 10:51:03','2013-08-25 10:51:03','vikas enterprise','asdfghjkasdfghjkl;\'\r\n\r\nasdfghjkl;\'',509,NULL,0,NULL,2811,NULL,'INR',NULL,'PRODUCT',19,NULL,1,NULL,1,0,NULL,NULL,0,0),
(234,'2013-08-28 09:59:47','2013-08-28 09:59:47','asdfghj','bbbbbb',570,NULL,0,NULL,2873,NULL,'INR',NULL,'PRODUCT',17,NULL,1,NULL,1,0,NULL,NULL,0,0),
(235,'2013-08-26 13:39:22','2013-08-26 13:39:22','asdfghj',NULL,571,NULL,0,NULL,2874,NULL,'INR',NULL,'PRODUCT',17,NULL,1,NULL,1,0,NULL,NULL,0,0),
(236,'2013-08-26 13:40:28','2013-08-26 13:40:28','asdfghj',NULL,572,NULL,0,NULL,2875,NULL,'INR',NULL,'PRODUCT',17,NULL,1,NULL,1,0,NULL,NULL,0,0),
(237,'2013-08-26 13:41:23','2013-08-26 13:41:23','asdfghj',NULL,573,NULL,0,NULL,2876,NULL,'INR',NULL,'PRODUCT',17,NULL,1,NULL,1,0,NULL,NULL,0,0),
(238,'2013-08-26 13:41:42','2013-08-26 13:41:42','',NULL,574,NULL,0,NULL,2877,NULL,'INR',NULL,'PRODUCT',19,NULL,1,NULL,1,0,NULL,NULL,0,0),
(239,'2013-08-26 13:45:17','2013-08-26 13:45:17','asdfghj',NULL,575,NULL,0,NULL,2878,NULL,'INR',NULL,'PRODUCT',19,NULL,1,NULL,1,0,NULL,NULL,0,0),
(240,'2013-08-26 13:55:08','2013-08-26 13:55:08','qwert',NULL,576,NULL,0,NULL,2879,NULL,'INR',NULL,'PRODUCT',19,NULL,1,NULL,1,0,NULL,NULL,0,0),
(241,'2013-08-26 14:07:01','2013-08-26 14:07:01','qwert',NULL,577,NULL,0,NULL,2880,NULL,'INR',NULL,'PRODUCT',8,NULL,1,NULL,1,0,NULL,NULL,0,0),
(242,'2013-08-26 15:02:58','2013-08-26 15:02:58','aiuytrew',NULL,578,NULL,0,NULL,2881,NULL,'INR',NULL,'PRODUCT',19,NULL,1,NULL,1,0,NULL,NULL,0,0),
(243,'2013-08-26 15:04:33','2013-08-26 15:04:33','asdfgh',NULL,579,NULL,0,NULL,2882,NULL,'INR',NULL,'PRODUCT',8,NULL,1,NULL,1,0,NULL,NULL,0,0),
(244,'2013-08-26 20:53:18','2013-08-26 20:53:18','ttroy','poiuytrewqazxcghjkl;/mnbvcx',588,NULL,0,NULL,2894,NULL,'INR',NULL,'PRODUCT',1,NULL,1,NULL,1,0,NULL,NULL,0,0),
(245,'2013-08-27 10:19:41','2013-08-27 10:19:41','asdfghj','',592,NULL,0,NULL,2911,NULL,'INR',NULL,'PRODUCT',19,NULL,1,NULL,1,0,NULL,NULL,0,0),
(246,'2013-08-28 23:01:49','2013-08-28 23:01:49','event_or_place_details','event_or_place_detailsevent_or_place_detailsevent_or_place_detailsevent_or_place_detailsevent_or_place_detailsevent_or_place_detailsevent_or_place_detailsevent_or_place_detailsevent_or_place_detailsevent_or_place_detailsevent_or_place_detailsv',596,NULL,0,NULL,3011,NULL,'INR',NULL,'PRODUCT',19,NULL,1,NULL,1,0,NULL,NULL,0,0),
(247,'2013-09-10 11:50:28','2013-09-10 11:50:28','asdfghj','asdfgh',599,NULL,0,NULL,3021,NULL,'INR',NULL,'PRODUCT',17,NULL,1,NULL,1,0,NULL,NULL,0,0),
(248,'2013-09-10 11:58:27','2013-09-10 11:58:27','vikas',NULL,600,NULL,0,NULL,3022,NULL,'INR',NULL,'PRODUCT',17,NULL,1,NULL,1,0,NULL,NULL,0,0),
(249,'2013-09-11 20:09:50','2013-09-11 20:09:50','djfkhal',NULL,603,NULL,0,NULL,3025,NULL,'INR',NULL,'PRODUCT',9,NULL,1,NULL,1,0,NULL,NULL,0,0),
(250,'2013-09-11 20:09:54','2013-09-11 20:09:54','djfkhal',NULL,604,NULL,0,NULL,3026,NULL,'INR',NULL,'PRODUCT',9,NULL,1,NULL,1,0,NULL,NULL,0,0),
(251,'2013-09-11 20:10:06','2013-09-11 20:10:06','djfkhal',NULL,605,NULL,0,NULL,3027,NULL,'INR',NULL,'PRODUCT',9,NULL,1,NULL,1,0,NULL,NULL,0,0),
(252,'2013-09-11 20:10:27','2013-09-11 20:10:27','djfkhal',NULL,606,NULL,0,NULL,3028,NULL,'INR',NULL,'PRODUCT',9,NULL,1,NULL,1,0,NULL,NULL,0,0),
(253,'2013-09-11 20:19:40','2013-09-11 20:19:40','lgjhg',NULL,607,NULL,0,NULL,3029,NULL,'INR',NULL,'PRODUCT',6,NULL,1,NULL,1,0,NULL,NULL,0,0),
(254,'2013-09-11 22:40:26','2013-09-11 22:40:26','hgjh','qwert',608,NULL,0,NULL,3030,NULL,'INR',NULL,'PRODUCT',13,NULL,1,NULL,1,0,NULL,NULL,0,0),
(255,'2013-09-11 22:22:46','2013-09-11 22:22:46','sdfg',NULL,609,NULL,0,NULL,3034,NULL,'INR',NULL,'PRODUCT',17,NULL,1,NULL,1,0,NULL,NULL,0,0),
(256,'2013-09-11 22:41:05','2013-09-11 22:41:05','ffhghf',NULL,610,NULL,0,NULL,3035,NULL,'INR',NULL,'PRODUCT',5,NULL,1,NULL,1,0,NULL,NULL,0,0),
(257,'2013-09-11 22:53:24','2013-09-11 22:53:24','hjgh45655',NULL,611,NULL,0,NULL,3037,NULL,'INR',NULL,'PRODUCT',19,NULL,1,NULL,1,0,NULL,NULL,0,0),
(258,'2013-09-12 10:04:10','2013-09-12 10:04:10','ertyu',NULL,612,NULL,0,NULL,3038,NULL,'INR',NULL,'PRODUCT',5,NULL,1,NULL,1,0,NULL,NULL,0,0),
(259,'2013-09-12 11:03:10','2013-09-12 11:03:10','gyutv','qwert',613,NULL,0,NULL,3039,NULL,'INR',NULL,'PRODUCT',8,NULL,1,NULL,1,0,NULL,NULL,0,0),
(260,'2013-09-12 11:32:43','2013-09-12 11:32:43','eqeweq',NULL,614,NULL,0,NULL,3040,NULL,'INR',NULL,'PRODUCT',19,NULL,1,NULL,1,0,NULL,NULL,0,0),
(261,'2013-09-12 11:47:46','2013-09-12 11:47:46','www',NULL,615,NULL,0,NULL,3041,NULL,'INR',NULL,'PRODUCT',19,NULL,1,NULL,1,0,NULL,NULL,0,0),
(262,'2013-09-12 12:31:20','2013-09-12 12:31:20','asdfghj',NULL,616,NULL,0,NULL,3042,NULL,'INR',NULL,'PRODUCT',17,NULL,1,NULL,1,0,NULL,NULL,0,0),
(263,'2013-09-12 12:35:14','2013-09-12 12:35:14','asdfghj',NULL,617,NULL,0,NULL,3043,NULL,'INR',NULL,'PRODUCT',17,NULL,1,NULL,1,0,NULL,NULL,0,0),
(264,'2013-09-12 15:40:59','2013-09-12 15:40:59','asdfghj','asdfgh',618,NULL,0,NULL,3044,NULL,'INR',NULL,'PRODUCT',17,NULL,1,NULL,1,0,NULL,NULL,0,0),
(265,'2013-09-12 12:50:22','2013-09-12 12:50:22','asdfghj',NULL,619,NULL,0,NULL,3045,NULL,'INR',NULL,'PRODUCT',17,NULL,1,NULL,1,0,NULL,NULL,0,0),
(266,'2013-09-12 12:55:50','2013-09-12 12:55:50','asdfghj',NULL,620,NULL,0,NULL,3046,NULL,'INR',NULL,'PRODUCT',19,NULL,1,NULL,1,0,NULL,NULL,0,0),
(267,'2013-09-12 13:24:58','2013-09-12 13:24:58','hhh',NULL,621,NULL,0,NULL,3047,NULL,'INR',NULL,'PRODUCT',9,NULL,1,NULL,1,0,NULL,NULL,0,0),
(268,'2013-09-12 13:29:10','2013-09-12 13:29:10','aaaaa',NULL,622,NULL,0,NULL,3048,NULL,'INR',NULL,'PRODUCT',18,NULL,1,NULL,1,0,NULL,NULL,0,0),
(269,'2013-09-12 13:59:30','2013-09-12 13:59:30','qwer-',NULL,623,NULL,0,NULL,3049,NULL,'INR',NULL,'PRODUCT',8,NULL,1,NULL,1,0,NULL,NULL,0,0),
(270,'2013-09-12 14:02:56','2013-09-12 14:02:56','qwer-',NULL,624,NULL,0,NULL,3050,NULL,'INR',NULL,'PRODUCT',8,NULL,1,NULL,1,0,NULL,NULL,0,0),
(271,'2013-09-12 14:03:01','2013-09-12 14:03:01','qwer-',NULL,625,NULL,0,NULL,3051,NULL,'INR',NULL,'PRODUCT',8,NULL,1,NULL,1,0,NULL,NULL,0,0),
(272,'2013-09-12 14:03:06','2013-09-12 14:03:06','qwer123456',NULL,626,NULL,0,NULL,3052,NULL,'INR',NULL,'PRODUCT',8,NULL,1,NULL,1,0,NULL,NULL,0,0),
(273,'2013-09-12 14:26:58','2013-09-12 14:26:58','asdfghj','ssssssssss',627,NULL,0,NULL,3053,NULL,'INR',NULL,'PRODUCT',17,NULL,1,NULL,1,0,NULL,NULL,0,0),
(274,'2013-09-12 15:48:23','2013-09-12 15:48:23','asdfghj','bbb',628,NULL,0,NULL,3054,NULL,'INR',NULL,'PRODUCT',19,NULL,1,NULL,1,0,NULL,NULL,0,0),
(275,'2013-09-12 16:07:18','2013-09-12 16:07:18','asdfghj',NULL,629,NULL,0,NULL,3055,NULL,'INR',NULL,'PRODUCT',17,NULL,1,NULL,1,0,NULL,NULL,0,0),
(276,'2013-09-12 17:16:26','2013-09-12 17:16:26','qwer-',NULL,630,NULL,0,NULL,3056,NULL,'INR',NULL,'PRODUCT',17,NULL,1,NULL,1,0,NULL,NULL,0,0),
(277,'2013-09-12 17:47:29','2013-09-12 17:47:29','asdf',NULL,631,NULL,0,NULL,3057,NULL,'INR',NULL,'PRODUCT',19,NULL,1,NULL,1,0,NULL,NULL,0,0),
(278,'2013-09-12 18:10:04','2013-09-12 18:10:04','asdfghj',NULL,632,NULL,0,NULL,3058,NULL,'INR',NULL,'PRODUCT',10,NULL,1,NULL,1,0,NULL,NULL,0,0),
(279,'2013-09-12 20:12:57','2013-09-12 20:12:57','aaaa','dfghj',633,NULL,0,NULL,3059,NULL,'INR',NULL,'PRODUCT',9,NULL,1,NULL,1,0,NULL,NULL,0,0),
(280,'2013-09-13 10:00:18','2013-09-13 10:00:18','qwerty',NULL,635,NULL,0,NULL,3061,NULL,'INR',NULL,'PRODUCT',17,NULL,1,NULL,1,0,NULL,NULL,0,0),
(281,'2013-09-13 11:02:41','2013-09-13 11:02:41','asdfghj',NULL,636,NULL,0,NULL,3062,NULL,'INR',NULL,'PRODUCT',17,NULL,1,NULL,1,0,NULL,NULL,0,0),
(282,'2013-09-13 11:06:59','2013-09-13 11:06:59','test',NULL,637,NULL,0,NULL,3063,NULL,'INR',NULL,'PRODUCT',13,NULL,1,NULL,1,0,NULL,NULL,0,0),
(283,'2013-09-13 11:13:45','2013-09-13 11:13:45','gyutv',NULL,638,NULL,0,NULL,3064,NULL,'INR',NULL,'PRODUCT',10,NULL,1,NULL,1,0,NULL,NULL,0,0),
(284,'2013-09-13 11:21:37','2013-09-13 11:21:37','asdfghj',NULL,639,NULL,0,NULL,3065,NULL,'INR',NULL,'PRODUCT',19,NULL,1,NULL,1,0,NULL,NULL,0,0),
(285,'2013-09-13 11:27:41','2013-09-13 11:27:41','asdfghj',NULL,640,NULL,0,NULL,3066,NULL,'INR',NULL,'PRODUCT',17,NULL,1,NULL,1,0,NULL,NULL,0,0),
(286,'2013-09-13 11:46:23','2013-09-13 11:46:23','asdfghj',NULL,641,NULL,0,NULL,3067,NULL,'INR',NULL,'PRODUCT',19,NULL,1,NULL,1,0,NULL,NULL,0,0),
(287,'2013-09-13 14:05:22','2013-09-13 14:05:22','111','tttttt',642,NULL,0,NULL,3068,NULL,'INR',NULL,'PRODUCT',3,NULL,1,NULL,1,0,NULL,NULL,0,0),
(288,'2013-09-13 13:28:07','2013-09-13 13:28:07','123','asdfgh',643,NULL,0,NULL,3069,NULL,'INR',NULL,'PRODUCT',17,NULL,1,NULL,1,0,NULL,NULL,0,0),
(289,'2013-09-13 15:55:40','2013-09-13 15:55:40','asdfghj',' ',644,NULL,0,NULL,3070,NULL,'INR',NULL,'PRODUCT',17,NULL,1,NULL,1,0,NULL,NULL,0,0),
(290,'2013-09-13 15:56:18','2013-09-13 15:56:18','asdfghj',NULL,645,NULL,0,NULL,3071,NULL,'INR',NULL,'PRODUCT',17,NULL,1,NULL,1,0,NULL,NULL,0,0),
(291,'2013-09-13 21:10:03','2013-09-13 21:10:03','11','asdfghj',646,NULL,0,NULL,3072,NULL,'INR',NULL,'PRODUCT',19,NULL,1,NULL,1,0,NULL,NULL,0,0),
(292,'2013-09-14 13:26:16','2013-09-14 13:26:16','hello','<p>qwertyuiop[asdfghjkl;xcvbnm,.</p>',647,NULL,0,NULL,3073,NULL,'INR',NULL,'PRODUCT',8,NULL,1,NULL,1,0,NULL,NULL,0,0),
(293,'2013-09-16 11:12:32','2013-09-16 11:12:32','asdfghjk','asdfghj',648,NULL,0,NULL,3074,NULL,'INR',NULL,'PRODUCT',19,NULL,1,NULL,1,0,NULL,NULL,0,0),
(327,'2013-11-28 16:31:16','2013-11-28 16:31:16','quort','hello this is test',725,NULL,0,NULL,3209,NULL,'INR',NULL,'PRODUCT',19,NULL,1,NULL,1,0,NULL,NULL,0,0),
(294,'2013-09-17 18:13:23','2013-09-17 18:13:23','aa','asdfghjkl;\'\r\nasdfghjkl;\'\r\n',651,NULL,0,NULL,3083,NULL,'INR',NULL,'PRODUCT',19,NULL,1,NULL,1,0,NULL,NULL,0,0),
(295,'2013-09-18 11:13:23','2013-09-18 11:13:23','111111111','ttttttt',653,NULL,0,NULL,3087,NULL,'INR',NULL,'PRODUCT',17,NULL,1,NULL,1,0,NULL,NULL,0,0),
(296,'2013-09-18 11:16:58','2013-09-18 11:16:58','1111','www',654,NULL,0,NULL,3088,NULL,'INR',NULL,'PRODUCT',22,NULL,1,NULL,1,0,NULL,NULL,0,0),
(297,'2013-09-18 18:10:05','2013-09-18 18:10:05','hh','bbbb',656,NULL,0,NULL,3125,NULL,'INR',NULL,'PRODUCT',19,NULL,1,NULL,1,0,NULL,NULL,0,0),
(298,'2013-09-18 18:33:23','2013-09-18 18:33:23','bb',NULL,658,NULL,0,NULL,3128,NULL,'INR',NULL,'PRODUCT',19,NULL,1,NULL,1,0,NULL,NULL,0,0),
(299,'2013-09-18 20:26:22','2013-09-18 20:26:22','n',' nnn',659,NULL,0,NULL,3129,NULL,'INR',NULL,'PRODUCT',8,NULL,1,NULL,1,0,NULL,NULL,0,0),
(300,'2013-09-19 16:16:42','2013-09-19 16:16:42','hhggh','ddd',660,NULL,0,NULL,3130,NULL,'INR',NULL,'PRODUCT',19,NULL,1,NULL,1,0,NULL,NULL,0,0),
(301,'2013-09-23 13:46:18','2013-09-23 13:46:18','hjkhjh','jkhjhjkhjk',661,NULL,0,NULL,3131,NULL,'INR',NULL,'PRODUCT',6,NULL,1,NULL,1,0,NULL,NULL,0,0),
(302,'2013-09-23 14:01:23','2013-09-23 14:01:23','ghjgjhg','hjgjhgjh',662,NULL,0,NULL,3132,NULL,'INR',NULL,'PRODUCT',3,NULL,1,NULL,1,0,NULL,NULL,0,0),
(303,'2013-09-24 12:51:15','2013-09-24 12:51:15','teertrte','hgfhgfh',663,NULL,0,NULL,3133,NULL,'INR',NULL,'PRODUCT',6,NULL,1,NULL,1,0,NULL,NULL,0,0),
(304,'2013-09-25 15:14:09','2013-09-25 15:14:09','ATRA BOOK DEPO','ALL BOOKS ARE AVAILABLE',664,NULL,0,NULL,3134,NULL,'INR',NULL,'PRODUCT',17,NULL,1,NULL,1,0,NULL,NULL,0,0),
(305,'2013-09-26 17:45:39','2013-09-26 17:45:39','gjh','jkhkjhjhjkhk',665,NULL,0,NULL,3135,NULL,'INR',NULL,'PRODUCT',1,NULL,1,NULL,1,0,NULL,NULL,0,0),
(306,'2013-09-26 22:42:31','2013-09-26 22:42:31','jkjjjkjkjkjk','kjjjkjkjkjkjkjk',666,NULL,0,NULL,3136,NULL,'INR',NULL,'PRODUCT',1,NULL,1,NULL,1,0,NULL,NULL,0,0),
(307,'2013-09-26 22:57:02','2013-09-26 22:57:02','jkjkjjk','hjhjhjgffgfgsdsddssdssdsd',667,NULL,0,NULL,3137,NULL,'INR',NULL,'PRODUCT',3,NULL,1,NULL,1,0,NULL,NULL,0,0),
(308,'2013-09-27 10:59:09','2013-09-27 10:59:09','hjhjhjhj','hjhfggfd jkhkjhhk',668,NULL,0,NULL,3138,NULL,'INR',NULL,'PRODUCT',1,NULL,1,NULL,1,0,NULL,NULL,0,0),
(309,'2013-09-27 11:40:07','2013-09-27 11:40:07','ki','ki',669,NULL,0,NULL,3139,NULL,'INR',NULL,'PRODUCT',3,NULL,1,NULL,1,0,NULL,NULL,0,0),
(310,'2013-09-27 12:04:28','2013-09-27 12:04:28','kalu','quantam',670,NULL,0,NULL,3140,NULL,'INR',NULL,'PRODUCT',17,NULL,1,NULL,1,0,NULL,NULL,0,0),
(311,'2013-09-27 12:42:46','2013-09-27 12:42:46','mo','mo',671,NULL,0,NULL,3141,NULL,'INR',NULL,'PRODUCT',22,NULL,1,NULL,1,0,NULL,NULL,0,0),
(312,'2013-09-27 13:43:23','2013-09-27 13:43:23','j','hjhhjhhjhjhjhj',672,NULL,0,NULL,3142,NULL,'INR',NULL,'PRODUCT',2,NULL,1,NULL,1,0,NULL,NULL,0,0),
(313,'2013-09-27 15:51:21','2013-09-27 15:51:21','kl','jkkkkjjjkkjkjjkkjkjkkkkkkkkkkkkkkkkkkkk',673,NULL,0,NULL,3143,NULL,'INR',NULL,'PRODUCT',6,NULL,1,NULL,1,0,NULL,NULL,0,0),
(314,'2013-09-29 10:30:48','2013-09-29 10:30:48','kljl',NULL,674,NULL,0,NULL,3144,NULL,'INR',NULL,'PRODUCT',17,NULL,1,NULL,1,0,NULL,NULL,0,0),
(315,'2013-10-02 10:09:26','2013-10-02 10:09:26','iuoi',NULL,675,NULL,0,NULL,3145,NULL,'INR',NULL,'PRODUCT',6,NULL,1,NULL,1,0,NULL,NULL,0,0),
(316,'2013-10-02 10:14:06','2013-10-02 10:14:06','iuoi','hhhh',676,NULL,0,NULL,3146,NULL,'INR',NULL,'PRODUCT',6,NULL,1,NULL,1,0,NULL,NULL,0,0),
(317,'2013-10-03 10:10:22','2013-10-03 10:10:22','book','HTML5,CSS3 ',677,NULL,0,NULL,3147,NULL,'INR',NULL,'PRODUCT',17,NULL,1,NULL,1,0,NULL,NULL,0,0),
(318,'2013-10-04 11:19:59','2013-10-04 11:19:59','iouo','llllklkklkkklkl',678,NULL,0,NULL,3148,NULL,'INR',NULL,'PRODUCT',17,NULL,1,NULL,1,0,NULL,NULL,0,0),
(319,'2013-10-10 10:13:28','2013-10-10 10:13:28','jj','bbbbbbbbbbb',680,NULL,0,NULL,3152,NULL,'INR',NULL,'PRODUCT',1,NULL,1,NULL,1,0,NULL,NULL,0,0),
(320,'2013-10-10 10:24:31','2013-10-10 10:24:31','jj','jl;dkfl\'kdf;lad',681,NULL,0,NULL,3153,NULL,'INR',NULL,'PRODUCT',1,NULL,1,NULL,1,0,NULL,NULL,0,0),
(321,'2013-10-11 13:15:32','2013-10-11 13:15:32','asdfg','vijay',682,NULL,0,NULL,3154,NULL,'INR',NULL,'PRODUCT',1,NULL,1,NULL,1,0,NULL,NULL,0,0),
(322,'2013-10-27 12:54:20','2013-10-27 12:54:20','watches',NULL,683,NULL,0,NULL,3155,NULL,'INR',NULL,'PRODUCT',19,NULL,1,NULL,1,0,NULL,NULL,0,0),
(323,'2013-11-11 11:28:15','2013-11-11 11:28:15','book','atra book depo',684,NULL,0,NULL,3156,NULL,'INR',NULL,'PRODUCT',17,NULL,1,NULL,1,0,NULL,NULL,0,0),
(324,'2013-11-12 10:32:38','2013-11-12 10:32:38','ghjh','asdfghj',686,NULL,0,NULL,3159,NULL,'INR',NULL,'PRODUCT',17,NULL,1,NULL,1,0,NULL,NULL,0,0),
(325,'2013-11-12 13:03:26','2013-11-12 13:03:26','asdfg','asdfghj',687,NULL,0,NULL,3160,NULL,'INR',NULL,'PRODUCT',1,NULL,1,NULL,1,0,NULL,NULL,0,0),
(326,'2013-11-26 10:41:54','2013-11-26 10:41:54','Classic coat pents ','lkdfgja;ldkj',708,NULL,0,NULL,3196,NULL,'INR',NULL,'PRODUCT',19,NULL,1,NULL,1,0,NULL,NULL,0,0),
(328,'2013-12-04 10:44:10','2013-12-04 10:44:10','test1','test1',732,NULL,0,NULL,3216,NULL,'INR',NULL,'PRODUCT',19,NULL,1,NULL,1,0,NULL,NULL,0,0),
(329,'2013-12-14 12:39:48','2013-12-14 12:39:48','fan','dfkjadhfjklahdlfkjashfkalhsd',733,NULL,0,NULL,3217,NULL,'INR',NULL,'PRODUCT',19,NULL,32,NULL,1,0,NULL,NULL,0,0),
(330,'2014-03-06 22:21:21','2014-03-06 22:21:21','Samraat dava khana test','better to understand the ',734,NULL,0,NULL,3218,NULL,'INR',NULL,'PRODUCT',19,NULL,740,NULL,1,0,NULL,NULL,0,0),
(333,'2014-01-09 16:00:53','2014-01-09 16:00:53','medical store','home delivery',739,NULL,0,NULL,3251,NULL,'INR',NULL,'PRODUCT',8,NULL,740,NULL,1,0,'9878766543',NULL,0,0),
(334,'2014-04-09 14:18:00','2014-04-09 14:18:00','Lorial','Latest 2013 summer collection.Free shiping & cash on delivery.shop now.',0,NULL,0,NULL,3256,NULL,'INR',NULL,'PRODUCT',19,NULL,740,NULL,1,0,'9878766543',NULL,0,0),
(335,'2014-03-14 22:42:06','2014-03-14 22:42:06','kira','<p>8 down vote You can do some Javascript in the form&#39;s submit event.</p>\r\n',NULL,NULL,0,NULL,3286,NULL,'INR',NULL,'PRODUCT',17,NULL,740,NULL,1,0,'9878766543',NULL,0,0),
(336,'2014-03-06 11:07:57','2014-03-06 11:07:57','test','how is this',NULL,NULL,0,NULL,3287,NULL,'INR',NULL,'PRODUCT',19,NULL,740,NULL,1,0,'9878766543',NULL,0,0),
(337,'2014-03-13 23:38:07','2014-03-13 23:38:07','Atraa Book House','<p>All Books are available</p>\r\n',NULL,NULL,0,NULL,3318,NULL,'INR',NULL,'PRODUCT',17,NULL,740,NULL,1,1,'9789867234',NULL,0,0),
(338,'2014-03-14 22:58:45','2014-03-14 22:58:45','Tech computer','<p>hide &amp; seek</p>\r\n',NULL,NULL,0,NULL,3319,NULL,'INR',NULL,'PRODUCT',8,NULL,755,NULL,1,0,'7867564534',NULL,0,0),
(339,'2014-03-14 23:16:57','2014-03-14 23:16:57','Salman book dipo','<p>ffffffffffj</p>\r\n',NULL,NULL,0,NULL,3320,NULL,'INR',NULL,'PRODUCT',17,NULL,755,NULL,1,0,'9789867234',NULL,0,0),
(340,'2014-04-18 10:03:03','2014-04-18 10:03:03','Atmaram Book House','<p>hi</p>\r\n',NULL,NULL,0,NULL,3322,NULL,'INR',NULL,'PRODUCT',17,NULL,773,NULL,1,0,'7867564534',NULL,0,0),
(343,'2014-03-21 12:32:45','2014-03-21 12:32:45','Rose ','<p>jkhjk</p>\r\n',NULL,NULL,0,NULL,3327,NULL,'INR',NULL,'PRODUCT',19,NULL,740,NULL,1,NULL,'7867564534',500,1,1);

/*Table structure for table `shop_category` */

DROP TABLE IF EXISTS `shop_category`;

CREATE TABLE `shop_category` (
  `ID` bigint(10) NOT NULL AUTO_INCREMENT,
  `TYPE` varchar(50) DEFAULT NULL,
  `IMAGE_PATH` varchar(255) NOT NULL,
  PRIMARY KEY (`ID`)
) ENGINE=MyISAM AUTO_INCREMENT=27 DEFAULT CHARSET=latin1;

/*Data for the table `shop_category` */

insert into `shop_category` values 
(1,'DESIGNER CLOTH','/shop_category/link6.png'),
(2,'JEWELRY','/shop_category/link10.png'),
(3,'KITCHEN','/shop_category/link01.png'),
(4,'OPTICAL','/shop_category/link12.png'),
(5,'CROCKERY','/shop_category/link5.png'),
(6,'FURNITURE','/shop_category/link7.png'),
(7,'VEHICLE','/shop_category/link01.png'),
(8,'COMPUTER','/shop_category/link3.png'),
(9,'LAPTOP','/shop_category/link01.png'),
(10,'MOBILE','/shop_category/link11.png'),
(11,'SHAREE','/shop_category/link13.png'),
(12,'FLOWER','/shop_category/link8.png'),
(13,'COSMETIC','/shop_category/link4.png'),
(14,'TSHIRT','/shop_category/link01.png'),
(15,'TROUSER','/shop_category/link01.png'),
(16,'JEANS','/shop_category/link01.png'),
(17,'BOOK','/shop_category/link01.png'),
(18,'SALOON','/shop_category/link01.png'),
(19,'BOUTIQUE','/shop_category/link2.png'),
(20,'INTERIOR','/shop_category/link9.png'),
(21,'SPORT','/shop_category/link01.png'),
(22,'MEDICAL EQUIPMENT','/shop_category/link01.png'),
(23,'VEHICLE ACCESSORY','/shop_category/link01.png'),
(24,'ELECTRONICS GOODS','/shop_category/link01.png'),
(25,'SHOES','/shop_category/link01.png'),
(26,'GIFT SHOPS','/shop_category/link01.png');

/*Table structure for table `shop_image` */

DROP TABLE IF EXISTS `shop_image`;

CREATE TABLE `shop_image` (
  `ID` bigint(10) NOT NULL AUTO_INCREMENT,
  `ALT` varchar(21) DEFAULT NULL,
  `IMAGE_PATH` varchar(255) NOT NULL,
  `IMAGE_PATH_BIG` varchar(255) NOT NULL,
  `SHOP_ID` bigint(10) NOT NULL,
  PRIMARY KEY (`ID`),
  KEY `FK_SHOP_IMAGE_SHOP_ID` (`SHOP_ID`)
) ENGINE=MyISAM AUTO_INCREMENT=125 DEFAULT CHARSET=latin1;

/*Data for the table `shop_image` */

insert into `shop_image` values 
(1,NULL,'/images/2.png','/usr/local/userPhotos/Big/SHOP/1/Banner_Agarwal.jpg',1),
(2,NULL,'/images/2.png','/usr/local/userPhotos/Big/SHOP/2/Banner_Aakriti.jpg',2),
(3,NULL,'/images/2.png','/usr/local/userPhotos/Big/SHOP/3/Banner_Batra.jpg',3),
(4,NULL,'/images/2.png','/usr/local/userPhotos/Big/SHOP/4/Untitled-1_copy.jpg',4),
(5,NULL,'/images/2.png','/usr/local/userPhotos/Big/SHOP/5/Banner_Ajay_copy.jpg',5),
(6,NULL,'/images/2.png','/usr/local/userPhotos/Big/SHOP/6/Banner_Asian.jpg',6),
(7,NULL,'/images/2.png','/usr/local/userPhotos/Big/SHOP/7/Banner_Ajay.jpg',7),
(8,NULL,'/images/2.png','/usr/local/userPhotos/Big/SHOP/8/Banner_Arora.jpg',8),
(9,NULL,'/images/2.png','/usr/local/userPhotos/Big/SHOP/9/Banner_Adhunik.jpg',9),
(10,NULL,'/images/2.png','/usr/local/userPhotos/Big/SHOP/10/Banner_Anand.jpg',10),
(11,NULL,'/images/2.png','/usr/local/userPhotos/Big/SHOP/11/Banner_Arun.jpg',11),
(12,NULL,'/images/2.png','/usr/local/userPhotos/Big/SHOP/12/Banner_Arun.jpg',12),
(13,NULL,'/images/2.png','/usr/local/userPhotos/Big/SHOP/13/Banner_Ajay.jpg',13),
(14,NULL,'/images/2.png','/usr/local/userPhotos/Big/SHOP/14/Banner_Balaji.jpg',14),
(15,NULL,'/images/2.png','/usr/local/userPhotos/Big/SHOP/15/Banner_Arora.jpg',15),
(16,NULL,'/images/2.png','/usr/local/userPhotos/Big/SHOP/16/Banner_Archana.jpg',16),
(17,NULL,'/images/2.png','/usr/local/userPhotos/Big/SHOP/17/Banner_Aggarwal.jpg',17),
(18,NULL,'/images/2.png','/usr/local/userPhotos/Big/SHOP/18/Untitled-1_copy.jpg',18),
(19,NULL,'/images/2.png','/usr/local/userPhotos/Big/SHOP/19/Untitled-1_copy.jpg',19),
(20,NULL,'/usr/local/userPhotos/SHOP/175/autumn-wallpaper-hd.jpg','/usr/local/userPhotos/Big/SHOP/175/autumn-wallpaper-hd.jpg',175),
(21,NULL,'/usr/local/userPhotos/SHOP/179/city-wallpaper-1.jpg','/usr/local/userPhotos/Big/SHOP/179/city-wallpaper-1.jpg',179),
(22,NULL,'/usr/local/userPhotos/SHOP/181/avatar77321_1.gif','/usr/local/userPhotos/Big/SHOP/181/avatar77321_1.gif',181),
(23,NULL,'/usr/local/userPhotos/SHOP/182/avatar77321_1.gif','/usr/local/userPhotos/Big/SHOP/182/avatar77321_1.gif',182),
(24,NULL,'/usr/local/userPhotos/SHOP/199/avatar77321_1.gif','/usr/local/userPhotos/Big/SHOP/199/avatar77321_1.gif',199),
(25,NULL,'/usr/local/userPhotos/SHOP/199/avatar77321_1.gif','/usr/local/userPhotos/Big/SHOP/199/avatar77321_1.gif',199),
(26,NULL,'/usr/local/userPhotos/SHOP/199/avatar77321_1.gif','/usr/local/userPhotos/Big/SHOP/199/avatar77321_1.gif',199),
(27,NULL,'/usr/local/userPhotos/SHOP/229/avatar77321_1.gif','/usr/local/userPhotos/Big/SHOP/229/avatar77321_1.gif',229),
(28,NULL,'/usr/local/userPhotos/SHOP/229/avatar77321_1.gif','/usr/local/userPhotos/Big/SHOP/229/avatar77321_1.gif',229),
(29,NULL,'/usr/local/userPhotos/SHOP/229/avatar77321_1.gif','/usr/local/userPhotos/Big/SHOP/229/avatar77321_1.gif',229),
(30,NULL,'/usr/local/userPhotos/SHOP/230/autumn-wallpaper-hd.jpg','/usr/local/userPhotos/Big/SHOP/230/autumn-wallpaper-hd.jpg',230),
(31,NULL,'/usr/local/userPhotos/SHOP/230/autumn-wallpaper-hd.jpg','/usr/local/userPhotos/Big/SHOP/230/autumn-wallpaper-hd.jpg',230),
(32,NULL,'/usr/local/userPhotos/SHOP/234/city-wallpaper-1.jpg','/usr/local/userPhotos/Big/SHOP/234/city-wallpaper-1.jpg',234),
(33,NULL,'/usr/local/userPhotos/SHOP/234/city-wallpaper-1.jpg','/usr/local/userPhotos/Big/SHOP/234/city-wallpaper-1.jpg',234),
(34,NULL,'/usr/local/userPhotos/SHOP/246/autumn-wallpaper-hd.jpg','/usr/local/userPhotos/Big/SHOP/246/autumn-wallpaper-hd.jpg',246),
(35,NULL,'/usr/local/userPhotos/SHOP/246/autumn-wallpaper-hd.jpg','/usr/local/userPhotos/Big/SHOP/246/autumn-wallpaper-hd.jpg',246),
(36,NULL,'/usr/local/userPhotos/SHOP/247/along-the-river-1920x1080-wallpaper-7398.jpg','/usr/local/userPhotos/Big/SHOP/247/along-the-river-1920x1080-wallpaper-7398.jpg',247),
(37,NULL,'/usr/local/userPhotos/SHOP/292/1063810_495312807211507_775072561_o.jpg','/usr/local/userPhotos/Big/SHOP/292/1063810_495312807211507_775072561_o.jpg',292),
(38,NULL,'/usr/local/userPhotos/SHOP/294/163531_328396987286136_2123155646_n.jpg','/usr/local/userPhotos/Big/SHOP/294/163531_328396987286136_2123155646_n.jpg',294),
(39,NULL,'/usr/local/userPhotos/SHOP/297/Admin.7z','/usr/local/userPhotos/Big/SHOP/297/Admin.7z',297),
(40,NULL,'/usr/local/userPhotos/SHOP/297/1063810_495312807211507_775072561_o.jpg','/usr/local/userPhotos/Big/SHOP/297/1063810_495312807211507_775072561_o.jpg',297),
(41,NULL,'/usr/local/userPhotos/SHOP/299/along-the-river-1920x1080-wallpaper-7398.jpg','/usr/local/userPhotos/Big/SHOP/299/along-the-river-1920x1080-wallpaper-7398.jpg',299),
(42,NULL,'/usr/local/userPhotos/SHOP/299/1063810_495312807211507_775072561_o.jpg','/usr/local/userPhotos/Big/SHOP/299/1063810_495312807211507_775072561_o.jpg',299),
(43,NULL,'/usr/local/userPhotos/SHOP/300/around-sunset-1920x1080-wallpaper-10136.jpg','/usr/local/userPhotos/Big/SHOP/300/around-sunset-1920x1080-wallpaper-10136.jpg',300),
(44,NULL,'/usr/local/userPhotos/SHOP/301/1063810_495312807211507_775072561_o.jpg','/usr/local/userPhotos/Big/SHOP/301/1063810_495312807211507_775072561_o.jpg',301),
(45,NULL,'/usr/local/userPhotos/SHOP/302/around-sunset-1920x1080-wallpaper-10136.jpg','/usr/local/userPhotos/Big/SHOP/302/around-sunset-1920x1080-wallpaper-10136.jpg',302),
(46,NULL,'/usr/local/userPhotos/SHOP/303/1063810_495312807211507_775072561_o.jpg','/usr/local/userPhotos/Big/SHOP/303/1063810_495312807211507_775072561_o.jpg',303),
(47,NULL,'/usr/local/userPhotos/SHOP/304/beach-wallpaper-hd-florida-condos-download-wallpaper-wallpaper.jpg','/usr/local/userPhotos/Big/SHOP/304/beach-wallpaper-hd-florida-condos-download-wallpaper-wallpaper.jpg',304),
(48,NULL,'/usr/local/userPhotos/SHOP/305/around-sunset-1920x1080-wallpaper-10136.jpg','/usr/local/userPhotos/Big/SHOP/305/around-sunset-1920x1080-wallpaper-10136.jpg',305),
(49,NULL,'/usr/local/userPhotos/SHOP/306/autumn-landscape-with-trees-1920x1080-wallpaper-11341.jpg','/usr/local/userPhotos/Big/SHOP/306/autumn-landscape-with-trees-1920x1080-wallpaper-11341.jpg',306),
(50,NULL,'/usr/local/userPhotos/SHOP/307/around-sunset-1920x1080-wallpaper-10136.jpg','/usr/local/userPhotos/Big/SHOP/307/around-sunset-1920x1080-wallpaper-10136.jpg',307),
(51,NULL,'/usr/local/userPhotos/SHOP/308/autumn-landscape-with-trees-1920x1080-wallpaper-11341.jpg','/usr/local/userPhotos/Big/SHOP/308/autumn-landscape-with-trees-1920x1080-wallpaper-11341.jpg',308),
(52,NULL,'/usr/local/userPhotos/SHOP/309/autumn-landscape-with-trees-1920x1080-wallpaper-11341.jpg','/usr/local/userPhotos/Big/SHOP/309/autumn-landscape-with-trees-1920x1080-wallpaper-11341.jpg',309),
(53,NULL,'/usr/local/userPhotos/SHOP/310/autumn-wallpaper-hd.jpg','/usr/local/userPhotos/Big/SHOP/310/autumn-wallpaper-hd.jpg',310),
(54,NULL,'/usr/local/userPhotos/SHOP/311/1063810_495312807211507_775072561_o.jpg','/usr/local/userPhotos/Big/SHOP/311/1063810_495312807211507_775072561_o.jpg',311),
(55,NULL,'/usr/local/userPhotos/SHOP/312/1063810_495312807211507_775072561_o.jpg','/usr/local/userPhotos/Big/SHOP/312/1063810_495312807211507_775072561_o.jpg',312),
(56,NULL,'/usr/local/userPhotos/SHOP/313/breaking-through-the-trees-1920x1080-wallpaper-7304.jpg','/usr/local/userPhotos/Big/SHOP/313/breaking-through-the-trees-1920x1080-wallpaper-7304.jpg',313),
(57,NULL,'/usr/local/userPhotos/SHOP/316/199481255_fdfe885f87_s.jpg','/usr/local/userPhotos/Big/SHOP/316/199481255_fdfe885f87_s.jpg',316),
(58,NULL,'/usr/local/userPhotos/SHOP/317/199481072_b4a0d09597_s.jpg','/usr/local/userPhotos/Big/SHOP/317/199481072_b4a0d09597_s.jpg',317),
(59,NULL,'/usr/local/userPhotos/SHOP/318/229228324_08223b70fa_s.jpg','/usr/local/userPhotos/Big/SHOP/318/229228324_08223b70fa_s.jpg',318),
(60,NULL,'/usr/local/userPhotos/SHOP/319/229228324_08223b70fa_s.jpg','/usr/local/userPhotos/Big/SHOP/319/229228324_08223b70fa_s.jpg',319),
(61,NULL,'/usr/local/userPhotos/SHOP/320/199481072_b4a0d09597_s.jpg','/usr/local/userPhotos/Big/SHOP/320/199481072_b4a0d09597_s.jpg',320),
(62,NULL,'/usr/local/userPhotos/SHOP/321/beach-wallpaper-hd-florida-condos-download-wallpaper-wallpaper.jpg','/usr/local/userPhotos/Big/SHOP/321/beach-wallpaper-hd-florida-condos-download-wallpaper-wallpaper.jpg',321),
(63,NULL,'/usr/local/userPhotos/SHOP/321/beach-wallpaper-hd-florida-condos-download-wallpaper-wallpaper.jpg','/usr/local/userPhotos/Big/SHOP/321/beach-wallpaper-hd-florida-condos-download-wallpaper-wallpaper.jpg',321),
(64,NULL,'/usr/local/userPhotos/SHOP/321/city-wallpaper-1.jpg','/usr/local/userPhotos/Big/SHOP/321/city-wallpaper-1.jpg',321),
(65,NULL,'/usr/local/userPhotos/SHOP/323/1381690_587333221303438_1072552433_n_-_Copy.jpg','/usr/local/userPhotos/Big/SHOP/323/1381690_587333221303438_1072552433_n_-_Copy.jpg',323),
(66,NULL,'/usr/local/userPhotos/SHOP/324/1381690_587333221303438_1072552433_n_-_Copy.jpg','/usr/local/userPhotos/Big/SHOP/324/1381690_587333221303438_1072552433_n_-_Copy.jpg',324),
(67,NULL,'/usr/local/userPhotos/SHOP/324/1381690_587333221303438_1072552433_n_-_Copy.jpg','/usr/local/userPhotos/Big/SHOP/324/1381690_587333221303438_1072552433_n_-_Copy.jpg',324),
(68,NULL,'/usr/local/userPhotos/SHOP/325/r.jpg','/usr/local/userPhotos/Big/SHOP/325/r.jpg',325),
(69,NULL,'/usr/local/userPhotos/SHOP/325/r.jpg','/usr/local/userPhotos/Big/SHOP/325/r.jpg',325),
(70,NULL,'/usr/local/userPhotos/SHOP/326/1476532_571893542883063_394917734_n.jpg','/usr/local/userPhotos/Big/SHOP/326/1476532_571893542883063_394917734_n.jpg',326),
(71,NULL,'/usr/local/userPhotos/SHOP/326/1476532_571893542883063_394917734_n.jpg','/usr/local/userPhotos/Big/SHOP/326/1476532_571893542883063_394917734_n.jpg',326),
(72,NULL,'/usr/local/userPhotos/SHOP/327/1456639_614098435291986_1515615659_n.jpg','/usr/local/userPhotos/Big/SHOP/327/1456639_614098435291986_1515615659_n.jpg',327),
(73,NULL,'/usr/local/userPhotos/SHOP/328/1476435_558998504180050_2080544610_n.jpg','/usr/local/userPhotos/Big/SHOP/328/1476435_558998504180050_2080544610_n.jpg',328),
(74,NULL,'/usr/local/userPhotos/SHOP/329/74bd49b849f3aad0e600f3f235558559.jpg','/usr/local/userPhotos/Big/SHOP/329/74bd49b849f3aad0e600f3f235558559.jpg',329),
(75,NULL,'/usr/local/userPhotos/SHOP/330/1476532_571893542883063_394917734_n.jpg','/usr/local/userPhotos/Big/SHOP/330/1476532_571893542883063_394917734_n.jpg',330),
(104,NULL,'/usr/local/userPhotos/SHOP/333/around-sunset-1920x1080-wallpaper-10136.jpg','/usr/local/userPhotos/Big/SHOP/333/around-sunset-1920x1080-wallpaper-10136.jpg',333),
(119,NULL,'/usr/local/userPhotos/SHOP/336/banner.png','/usr/local/userPhotos/Big/SHOP/336/banner.png',336),
(78,NULL,'/usr/local/userPhotos/SHOP/331/city-wallpaper-1.jpg','/usr/local/userPhotos/Big/SHOP/331/city-wallpaper-1.jpg',331),
(79,NULL,'/usr/local/userPhotos/SHOP/331/1451974_613168502074267_1569905781_s.jpg','/usr/local/userPhotos/Big/SHOP/331/1451974_613168502074267_1569905781_s.jpg',331),
(80,NULL,'/usr/local/userPhotos/SHOP/331/1480574_600682716658532_1629368238_a.jpg','/usr/local/userPhotos/Big/SHOP/331/1480574_600682716658532_1629368238_a.jpg',331),
(81,NULL,'/usr/local/userPhotos/SHOP/331/1480574_600682716658532_1629368238_a.jpg','/usr/local/userPhotos/Big/SHOP/331/1480574_600682716658532_1629368238_a.jpg',331),
(82,NULL,'/usr/local/userPhotos/SHOP/331/1451974_613168502074267_1569905781_s.jpg','/usr/local/userPhotos/Big/SHOP/331/1451974_613168502074267_1569905781_s.jpg',331),
(83,NULL,'/usr/local/userPhotos/SHOP/331/1471764_557221921032032_1469736954_a.jpg','/usr/local/userPhotos/Big/SHOP/331/1471764_557221921032032_1469736954_a.jpg',331),
(84,NULL,'/usr/local/userPhotos/SHOP/331/1451974_613168502074267_1569905781_s.jpg','/usr/local/userPhotos/Big/SHOP/331/1451974_613168502074267_1569905781_s.jpg',331),
(85,NULL,'/usr/local/userPhotos/SHOP/331/1471764_557221921032032_1469736954_a.jpg','/usr/local/userPhotos/Big/SHOP/331/1471764_557221921032032_1469736954_a.jpg',331),
(86,NULL,'/usr/local/userPhotos/SHOP/331/beach-wallpaper-hd-florida-condos-download-wallpaper-wallpaper.jpg','/usr/local/userPhotos/Big/SHOP/331/beach-wallpaper-hd-florida-condos-download-wallpaper-wallpaper.jpg',331),
(87,NULL,'/usr/local/userPhotos/SHOP/331/beach-wallpaper-hd-florida-condos-download-wallpaper-wallpaper.jpg','/usr/local/userPhotos/Big/SHOP/331/beach-wallpaper-hd-florida-condos-download-wallpaper-wallpaper.jpg',331),
(88,NULL,'/usr/local/userPhotos/SHOP/331/beach-wallpaper-hd-florida-condos-download-wallpaper-wallpaper.jpg','/usr/local/userPhotos/Big/SHOP/331/beach-wallpaper-hd-florida-condos-download-wallpaper-wallpaper.jpg',331),
(89,NULL,'/usr/local/userPhotos/SHOP/331/around-sunset-1920x1080-wallpaper-10136.jpg','/usr/local/userPhotos/Big/SHOP/331/around-sunset-1920x1080-wallpaper-10136.jpg',331),
(90,NULL,'/usr/local/userPhotos/SHOP/331/1451974_613168502074267_1569905781_s.jpg','/usr/local/userPhotos/Big/SHOP/331/1451974_613168502074267_1569905781_s.jpg',331),
(91,NULL,'/usr/local/userPhotos/SHOP/331/1451974_613168502074267_1569905781_s.jpg','/usr/local/userPhotos/Big/SHOP/331/1451974_613168502074267_1569905781_s.jpg',331),
(92,NULL,'/usr/local/userPhotos/SHOP/331/1471764_557221921032032_1469736954_a.jpg','/usr/local/userPhotos/Big/SHOP/331/1471764_557221921032032_1469736954_a.jpg',331),
(93,NULL,'/usr/local/userPhotos/SHOP/331/1471764_557221921032032_1469736954_a.jpg','/usr/local/userPhotos/Big/SHOP/331/1471764_557221921032032_1469736954_a.jpg',331),
(94,NULL,'/usr/local/userPhotos/SHOP/331/1471764_557221921032032_1469736954_a.jpg','/usr/local/userPhotos/Big/SHOP/331/1471764_557221921032032_1469736954_a.jpg',331),
(95,NULL,'/usr/local/userPhotos/SHOP/331/1471764_557221921032032_1469736954_a.jpg','/usr/local/userPhotos/Big/SHOP/331/1471764_557221921032032_1469736954_a.jpg',331),
(96,NULL,'/usr/local/userPhotos/SHOP/331/1471764_557221921032032_1469736954_a.jpg','/usr/local/userPhotos/Big/SHOP/331/1471764_557221921032032_1469736954_a.jpg',331),
(97,NULL,'/usr/local/userPhotos/SHOP/331/1480574_600682716658532_1629368238_a.jpg','/usr/local/userPhotos/Big/SHOP/331/1480574_600682716658532_1629368238_a.jpg',331),
(98,NULL,'/usr/local/userPhotos/SHOP/331/1480574_600682716658532_1629368238_a.jpg','/usr/local/userPhotos/Big/SHOP/331/1480574_600682716658532_1629368238_a.jpg',331),
(99,NULL,'/usr/local/userPhotos/SHOP/331/breaking-through-the-trees-1920x1080-wallpaper-7304.jpg','/usr/local/userPhotos/Big/SHOP/331/breaking-through-the-trees-1920x1080-wallpaper-7304.jpg',331),
(100,NULL,'/usr/local/userPhotos/SHOP/331/breaking-through-the-trees-1920x1080-wallpaper-7304.jpg','/usr/local/userPhotos/Big/SHOP/331/breaking-through-the-trees-1920x1080-wallpaper-7304.jpg',331),
(101,NULL,'/usr/local/userPhotos/SHOP/331/1063810_495312807211507_775072561_o.jpg','/usr/local/userPhotos/Big/SHOP/331/1063810_495312807211507_775072561_o.jpg',331),
(102,NULL,'/usr/local/userPhotos/SHOP/331/1063810_495312807211507_775072561_o.jpg','/usr/local/userPhotos/Big/SHOP/331/1063810_495312807211507_775072561_o.jpg',331),
(103,NULL,'/usr/local/userPhotos/SHOP/331/1451974_613168502074267_1569905781_s.jpg','/usr/local/userPhotos/Big/SHOP/331/1451974_613168502074267_1569905781_s.jpg',331),
(105,NULL,'/usr/local/userPhotos/SHOP/334/Pauls_Boutique_Gift_Set.jpg','/usr/local/userPhotos/Big/SHOP/334/Pauls_Boutique_Gift_Set.jpg',334),
(118,NULL,'/usr/local/userPhotos/SHOP/335/1480574_600682716658532_1629368238_a.jpg','/usr/local/userPhotos/Big/SHOP/335/1480574_600682716658532_1629368238_a.jpg',335);

/*Table structure for table `shop_tab` */

DROP TABLE IF EXISTS `shop_tab`;

CREATE TABLE `shop_tab` (
  `ID` bigint(10) NOT NULL AUTO_INCREMENT,
  `NAME` varchar(255) NOT NULL,
  `DESCRIPTION` longtext NOT NULL,
  `SHOP_ID` bigint(10) NOT NULL,
  PRIMARY KEY (`ID`),
  KEY `FK_SHOP_TAB_SHOP_ID` (`SHOP_ID`)
) ENGINE=MyISAM DEFAULT CHARSET=latin1;

/*Data for the table `shop_tab` */

/*Table structure for table `shop_tab_image` */

DROP TABLE IF EXISTS `shop_tab_image`;

CREATE TABLE `shop_tab_image` (
  `ID` bigint(10) NOT NULL AUTO_INCREMENT,
  `IMAGE_PATH` varchar(255) NOT NULL,
  `SHOP_TAB_ID` bigint(10) NOT NULL,
  PRIMARY KEY (`ID`),
  KEY `FK_SHOP_TAB_IMAGE_SHOP_TAB` (`SHOP_TAB_ID`)
) ENGINE=MyISAM DEFAULT CHARSET=latin1;

/*Data for the table `shop_tab_image` */

/*Table structure for table `shop_template` */

DROP TABLE IF EXISTS `shop_template`;

CREATE TABLE `shop_template` (
  `ID` int(10) NOT NULL AUTO_INCREMENT,
  `NAME` varchar(255) NOT NULL,
  `SHOP_CATEGORY_ID` int(10) DEFAULT NULL,
  `WIDTH` int(10) NOT NULL,
  `HEIGHT` int(10) NOT NULL,
  `ACTIVE` tinyint(1) NOT NULL DEFAULT '0',
  PRIMARY KEY (`ID`)
) ENGINE=MyISAM AUTO_INCREMENT=14 DEFAULT CHARSET=utf8;

/*Data for the table `shop_template` */

insert into `shop_template` values 
(1,'gallery_view',1,500,300,1),
(2,'cupboard_view',1,330,510,1),
(3,'grid_view',1,500,0,1),
(4,'slider_view',1,432,504,1),
(5,'slider_big_view',1,400,0,0),
(6,'flow_gallery_view',1,350,350,1),
(7,'ad_gallery_view',1,371,520,1),
(8,'coin_slider_view',1,400,0,1),
(9,'drawer_view',1,400,0,0),
(10,'toggle_teaser_view',1,400,0,1),
(11,'galleria_view',1,350,600,0),
(12,'galleria_simple_view',1,280,550,1),
(13,'image_cloud_view',1,400,400,0);

/*Table structure for table `shop_type` */

DROP TABLE IF EXISTS `shop_type`;

CREATE TABLE `shop_type` (
  `ID` bigint(10) NOT NULL AUTO_INCREMENT,
  `TYPE` varchar(255) NOT NULL,
  PRIMARY KEY (`ID`)
) ENGINE=MyISAM AUTO_INCREMENT=4 DEFAULT CHARSET=latin1;

/*Data for the table `shop_type` */

insert into `shop_type` values 
(1,'Show Room'),
(2,'Shop'),
(3,'Hall');

/*Table structure for table `sport` */

DROP TABLE IF EXISTS `sport`;

CREATE TABLE `sport` (
  `ID` bigint(10) NOT NULL AUTO_INCREMENT,
  `NAME` varchar(255) NOT NULL,
  `DESCRIPTION` varchar(255) NOT NULL,
  `CATEGORY` varchar(21) NOT NULL,
  `BRAND_NAME` varchar(21) NOT NULL,
  `COST` varchar(255) NOT NULL,
  `COST_UNIT` varchar(6) NOT NULL DEFAULT 'INR',
  `SIZE` varchar(21) DEFAULT NULL,
  `SPORT_NAME` varchar(100) NOT NULL,
  `PERSON` varchar(100) NOT NULL,
  `SHOP_ID` bigint(10) NOT NULL,
  `CREATED_DATE` datetime NOT NULL,
  `UPDATED_DATE` datetime NOT NULL,
  PRIMARY KEY (`ID`)
) ENGINE=MyISAM AUTO_INCREMENT=9 DEFAULT CHARSET=utf8;

/*Data for the table `sport` */

insert into `sport` values 
(1,'werty','bvhjbvhjsvjhs 1234567890 /.,;\'\\][?\"{}|&%$#@','Clothing','Reebok','545','INR','','Chess','Children',18,'2013-08-08 12:23:55','2013-08-08 12:23:55'),
(2,'rfdgfcf','vnjsnbvjsvksnv ,./\';[]\\@#$%&|}{\"? 1234567890','Footwear','Adidas','4546','INR','','Table Tennis','Women',18,'2013-08-08 12:24:55','2013-08-08 12:24:55'),
(3,'fhgfhg','bvjsbvjbsj 12345678900 ,./\';[]\\|}{\"?&%$#@','Equipment','Nike','54566','INR','','Lawn Tennis','Men',18,'2013-08-08 12:26:12','2013-08-08 12:26:12'),
(4,'xxfcvbnb','bvjksvjsvks1234567890 ,./\';[]\\@#$%&','Other','Puma','4568','INR','','Basketball','Juniors',18,'2013-08-08 12:35:27','2013-08-08 12:35:27'),
(5,'mkjio','bvsbvjsnvkjsnv 1234567890 ,./\';[]\\','Footwear','Reebok','456','INR','','Cricket','Women',18,'2013-08-08 12:37:25','2013-08-08 12:37:25'),
(6,'mkoip','dghfjhgbjmhjm 1234567890','Clothing','Under Armour','5623','INR','','Hockey','Children',18,'2013-08-08 12:38:06','2013-08-08 12:38:06'),
(7,'nhuyti','bcjbajckvhaskjcvnkjs 1234567890 ,./;\'[]\\','Footwear','Umbro','78456','INR','','Badminton','Men',18,'2013-08-08 12:40:01','2013-08-08 12:40:01'),
(8,'fghfhg','sfhjgjhn 1234567890 ,./;\'[]\\','Footwear','Nike','798','INR','','Table Tennis','Juniors',18,'2013-08-08 12:41:01','2013-08-08 12:41:01');

/*Table structure for table `sport_image` */

DROP TABLE IF EXISTS `sport_image`;

CREATE TABLE `sport_image` (
  `ID` bigint(10) NOT NULL AUTO_INCREMENT,
  `ALT` varchar(21) DEFAULT NULL,
  `IMAGE_PATH` varchar(255) NOT NULL,
  `IMAGE_PATH_BIG` varchar(255) NOT NULL,
  `SPORT_ID` bigint(10) NOT NULL,
  PRIMARY KEY (`ID`)
) ENGINE=MyISAM AUTO_INCREMENT=9 DEFAULT CHARSET=utf8;

/*Data for the table `sport_image` */

insert into `sport_image` values 
(1,'bjhj165465./;\'[]\\','/usr/local/userPhotos/SPORT/1/BAT-T60-md.jpg','/usr/local/userPhotos/Big/SPORT/1/BAT-T60-md.jpg',1),
(2,'cgfghvh','/usr/local/userPhotos/SPORT/2/1279388516_5351947_6-Sky-Sp.jpg','/usr/local/userPhotos/Big/SPORT/2/1279388516_5351947_6-Sky-Sp.jpg',2),
(3,'bbjvhdkj/.,;&%$#@456','/usr/local/userPhotos/SPORT/3/1306332205-65.jpg','/usr/local/userPhotos/Big/SPORT/3/1306332205-65.jpg',3),
(4,'bvhjsbvjs1545,./\'\\][;','/usr/local/userPhotos/SPORT/4/135040c.jpg','/usr/local/userPhotos/Big/SPORT/4/135040c.jpg',4),
(5,'fgdf12/\']\\[;.,','/usr/local/userPhotos/SPORT/5/1297833396_167539885_4-Imme.jpg','/usr/local/userPhotos/Big/SPORT/5/1297833396_167539885_4-Imme.jpg',5),
(6,'cgvhb24354','/usr/local/userPhotos/SPORT/6/star-teak-md.jpg','/usr/local/userPhotos/Big/SPORT/6/star-teak-md.jpg',6),
(7,'fghfvhb123456 /\'][\\','/usr/local/userPhotos/SPORT/7/sporting-goods4.jpg','/usr/local/userPhotos/Big/SPORT/7/sporting-goods4.jpg',7),
(8,'ddcg1233,./;\'[]\\','/usr/local/userPhotos/SPORT/8/default.jpg','/usr/local/userPhotos/Big/SPORT/8/default.jpg',8);

/*Table structure for table `state` */

DROP TABLE IF EXISTS `state`;

CREATE TABLE `state` (
  `ID` bigint(20) NOT NULL AUTO_INCREMENT,
  `NAME` varchar(255) NOT NULL,
  `COUNTRY` bigint(10) NOT NULL,
  PRIMARY KEY (`ID`),
  KEY `FK_SHOP_TYPE_COUNTRY` (`COUNTRY`)
) ENGINE=MyISAM AUTO_INCREMENT=37 DEFAULT CHARSET=latin1;

/*Data for the table `state` */

insert into `state` values 
(1,'Andhra Pradesh',98),
(2,'Arunachal Pradesh',98),
(3,'Assam',98),
(4,'Bihar',98),
(5,'Chhattisgarh',98),
(6,'Goa',98),
(7,'Gujarat',98),
(8,'Haryana',98),
(9,'Himachal Pradesh',98),
(10,'Jammu and Kashmir',98),
(11,'Jharkhand',98),
(12,'Karnataka',98),
(13,'Kerala',98),
(14,'Madhya Pradesh',98),
(15,'Maharashtra',98),
(16,'Manipur',98),
(17,'Meghalaya',98),
(18,'Mizoram',98),
(19,'Nagaland',98),
(20,'Orissa',98),
(21,'Punjab',98),
(22,'Rajasthan',98),
(23,'Sikkim',98),
(24,'Tamil Nadu',98),
(25,'Tripura',98),
(26,'Uttar Pradesh',98),
(27,'Uttarakhand',98),
(28,'West Bengal',98),
(29,'Andaman and Nicobar Islands',98),
(30,'Chandigarh',98),
(31,'Dadra and Nagar Haveli',1),
(32,'Daman and Diu',98),
(33,'Lakshadweep',98),
(34,'Delhi',98),
(35,'Puducherry',98),
(36,'New Delhi',98);

/*Table structure for table `sub_tab` */

DROP TABLE IF EXISTS `sub_tab`;

CREATE TABLE `sub_tab` (
  `ID` bigint(10) NOT NULL AUTO_INCREMENT,
  `NAME` varchar(255) NOT NULL,
  PRIMARY KEY (`ID`),
  UNIQUE KEY `NAME` (`NAME`)
) ENGINE=MyISAM DEFAULT CHARSET=latin1;

/*Data for the table `sub_tab` */

/*Table structure for table `tab` */

DROP TABLE IF EXISTS `tab`;

CREATE TABLE `tab` (
  `ID` bigint(10) NOT NULL AUTO_INCREMENT,
  `NAME` varchar(255) NOT NULL,
  PRIMARY KEY (`ID`),
  UNIQUE KEY `NAME` (`NAME`)
) ENGINE=MyISAM DEFAULT CHARSET=latin1;

/*Data for the table `tab` */

/*Table structure for table `tab_subtab` */

DROP TABLE IF EXISTS `tab_subtab`;

CREATE TABLE `tab_subtab` (
  `TAB_ID` bigint(10) NOT NULL,
  `SUB_TAB_ID` bigint(10) NOT NULL,
  PRIMARY KEY (`SUB_TAB_ID`,`TAB_ID`),
  KEY `FK_TAB_SUBTAB_TAB` (`TAB_ID`)
) ENGINE=MyISAM DEFAULT CHARSET=latin1;

/*Data for the table `tab_subtab` */

/*Table structure for table `template` */

DROP TABLE IF EXISTS `template`;

CREATE TABLE `template` (
  `ID` bigint(10) NOT NULL AUTO_INCREMENT,
  `NAME` varchar(50) DEFAULT NULL,
  `TEMPLATE_DATA` longtext,
  `USER_ID` bigint(10) DEFAULT NULL,
  `BUSINESS_TYPE` varchar(30) DEFAULT NULL,
  `SHOP_CATEGORY_ID` bigint(10) DEFAULT NULL,
  `BUSINESS_TYPE_ID` bigint(10) DEFAULT NULL,
  PRIMARY KEY (`ID`)
) ENGINE=InnoDB AUTO_INCREMENT=29 DEFAULT CHARSET=latin1;

/*Data for the table `template` */

insert into `template` values 
(4,'yoooooo','<p>Example</p>\r\n<h1>An example title</h1>\r\n<p>Paragraph 1</p>\r\n<p class=\"p2\">Paragraph 2</p>',NULL,'LocalBusiness',19,326);
insert into `template` values 
(6,'joker','<p>Download Free CSS Templates</p>\r\n<!-- SWFObject embed by Geoff Stearns geoff@deconcept.com http://blog.deconcept.com/swfobject/ -->\r\n<script type=\"text/javascript\" src=\"http://cdn.templatemo.com/swfobject.js\"></script>\r\n<script type=\"text/javascript\">// <![CDATA[\r\nwindow.google_analytics_uacct = \"UA-732601-9\";\r\n// ]]></script>\r\n<div id=\"fb-root\">&nbsp;</div>\r\n<script type=\"text/javascript\">// <![CDATA[\r\n(function(d, s, id) {\r\n  var js, fjs = d.getElementsByTagName(s)[0];\r\n  if (d.getElementById(id)) return;\r\n  js = d.createElement(s); js.id = id;\r\n  js.src = \"//connect.facebook.net/en_US/all.js#xfbml=1\";\r\n  fjs.parentNode.insertBefore(js, fjs);\r\n}(document, \'script\', \'facebook-jssdk\'));\r\n// ]]></script>\r\n<div id=\"maincontainer\" style=\"width: 980px; margin: 0 auto; background: #FFF;\">\r\n<div id=\"top_section\" style=\"background: url(\'http://cdn.templatemo.com/images/tm_header4.jpg\') no-repeat; height: 110px;\">\r\n<div class=\"header_left\" style=\"float: left; width: 300px; padding-top: 68px; padding-left: 40px; font-family: Arial, Helvetica, sans-serif; font-size: 13px; font-weight: bold; color: #fff;\"><a style=\"color: #fff;\" href=\"http://www.templatemo.com\">Free CSS Templates</a></div>\r\n<div class=\"header_right\" style=\"float: right; width: 320px; margin: 20px 20px 0 0;\">\r\n<div style=\"margin: 0px 10px 10px 0px;\" align=\"right\"><a style=\"text-decoration: none;\" href=\"https://plus.google.com/111990605606998149242?prsrc=3\"><img style=\"border: 0; width: 32px; height: 32px;\" src=\"https://ssl.gstatic.com/images/icons/gplus-32.png\" alt=\"\" /></a> <a href=\"http://www.facebook.com/templatemo\" rel=\"nofollow\"><img title=\"Free CSS Templates\" src=\"http://cdn.templatemo.com/icons/facebook.png\" alt=\"CSS Templates\" border=\"0\" hspace=\"3\" /></a> <a href=\"http://feeds.feedburner.com/templatemo\" rel=\"nofollow\"><img title=\"Free CSS Templates\" src=\"http://cdn.templatemo.com/icons/rss.png\" alt=\"Free CSS Templates\" border=\"0\" /></a></div>\r\n<form id=\"cse-search-box\" style=\"margin: 0px; padding: 0px;\" action=\"http://www.templatemo.com/search.php\">\r\n<div><input type=\"hidden\" name=\"cx\" value=\"partner-pub-3190197427203890:ywq54m187s6\" /><input type=\"hidden\" name=\"cof\" value=\"FORID:10\" /><input type=\"hidden\" name=\"ie\" value=\"ISO-8859-1\" /><input type=\"text\" name=\"q\" size=\"31\" /><input type=\"submit\" name=\"sa\" value=\"Search\" /></div>\r\n</form>\r\n<script type=\"text/javascript\" src=\"http://www.google.com/coop/cse/brand?form=cse-search-box&amp;lang=en\"></script>\r\n</div>\r\n</div>\r\n<div class=\"line\" style=\"height: 2px; background: #06A;\">&nbsp;</div>\r\n<div id=\"mainmenu\" style=\"background: #FFF;\">\r\n<ul class=\"glossymenu\" style=\"position: relative; padding: 0 0 0 34px; margin: 0 auto 0 auto; background: url(\'http://cdn.templatemo.com/images/menub_bg.gif\') repeat-x; height: 46px; list-style: none;\">\r\n<li class=\"current\" style=\"float: left;\"><a style=\"float: left; display: block; color: #fff; text-decoration: none; font-family: \'Trebuchet MS\', Verdana, Arial; font-size: 12px; font-weight: bold; padding: 0 0 0 16px; height: 46px; line-height: 46px; text-align: center; cursor: pointer; background: url(\'http://cdn.templatemo.com/images/menub_hover_left.gif\') no-repeat; background-position: left;\" href=\"../../../../../\"><strong style=\"font-size: 110%; float: left; display: block; padding: 0 24px 0 8px; color: #fff; background: url(\'http://cdn.templatemo.com/images/menub_hover_right.gif\') no-repeat right top;\">Home</strong></a></li>\r\n<li style=\"float: left;\"><a style=\"float: left; display: block; color: #000; text-decoration: none; font-family: \'Trebuchet MS\', Verdana, Arial; font-size: 12px; font-weight: bold; padding: 0 0 0 16px; height: 46px; line-height: 46px; text-align: center; cursor: pointer;\" title=\"free css templates\" href=\"../../../../../page/1\"><strong style=\"font-size: 110%; float: left; display: block; padding: 0 24px 0 8px;\">CSS Templates</strong></a></li>\r\n<li style=\"float: left;\"><a style=\"float: left; display: block; color: #000; text-decoration: none; font-family: \'Trebuchet MS\', Verdana, Arial; font-size: 12px; font-weight: bold; padding: 0 0 0 16px; height: 46px; line-height: 46px; text-align: center; cursor: pointer;\" onclick=\"javascript: pageTracker._trackPageview(\'/outgoing/menu/flashmo.com/page/1\');\" href=\"http://www.flashmo.com/page/1\" rel=\"nofollow\"><strong style=\"font-size: 110%; float: left; display: block; padding: 0 24px 0 8px;\">Flash Templates</strong></a></li>\r\n<li style=\"float: left;\"><a style=\"float: left; display: block; color: #000; text-decoration: none; font-family: \'Trebuchet MS\', Verdana, Arial; font-size: 12px; font-weight: bold; padding: 0 0 0 16px; height: 46px; line-height: 46px; text-align: center; cursor: pointer;\" onclick=\"javascript: pageTracker._trackPageview(\'/outgoing/menu/koflash.com\');\" href=\"http://www.koflash.com\" rel=\"nofollow\"><strong style=\"font-size: 110%; float: left; display: block; padding: 0 24px 0 8px;\">Flash Websites</strong></a></li>\r\n<li style=\"float: left;\"><a style=\"float: left; display: block; color: #000; text-decoration: none; font-family: \'Trebuchet MS\', Verdana, Arial; font-size: 12px; font-weight: bold; padding: 0 0 0 16px; height: 46px; line-height: 46px; text-align: center; cursor: pointer;\" href=\"../../../../../contact\"><strong style=\"font-size: 110%; float: left; display: block; padding: 0 24px 0 8px;\">Contact</strong></a></li>\r\n</ul>\r\n</div>\r\n<div style=\"clear: both; height: 10px;\">&nbsp;</div>\r\n<div id=\"content_area\" style=\"clear: both; min-height: 800px; background: #FFF;\">\r\n<div id=\"left_column\" style=\"float: left; padding-left: 10px; width: 300px;\">\r\n<script type=\"text/javascript\" src=\"http://bs.serving-sys.com/BurstingPipe/adServer.bs?cn=rsb&amp;c=28&amp;pli=5684717&amp;PluID=0&amp;w=300&amp;h=500&amp;ord=$$CacheBustingToken$$&amp;wm=transparent&amp;ucm=true\"></script>\r\n<noscript>&amp;lt;a href=\"http://bs.serving-sys.com/BurstingPipe/adServer.bs?cn=brd&amp;amp;amp;FlightID=5684717&amp;amp;amp;Page=&amp;amp;amp;PluID=0&amp;amp;amp;Pos=6864\" target=\"_blank\" onclick=\"javascript: pageTracker._trackPageview(\'/outgoing/right/wix.com/300x500_first\');\"&amp;gt;&amp;lt;img src=\"http://bs.serving-sys.com/BurstingPipe/adServer.bs?cn=bsr&amp;amp;amp;FlightID=5684717&amp;amp;amp;Page=&amp;amp;amp;PluID=0&amp;amp;amp;Pos=6864\" alt=\"Free Website\" width=\"300\" height=\"500\" vspace=\"5\" border=\"0\" title=\"Free Website\" /&amp;gt;&amp;lt;/a&amp;gt;</noscript>\r\n<script type=\"text/javascript\" src=\"http://bs.serving-sys.com/BurstingPipe/adServer.bs?cn=rsb&amp;c=28&amp;pli=5683975&amp;PluID=0&amp;w=300&amp;h=250&amp;ord=$$CacheBustingToken$$&amp;wm=transparent&amp;ucm=true\"></script>\r\n<noscript>&amp;lt;a href=\"http://bs.serving-sys.com/BurstingPipe/adServer.bs?cn=brd&amp;amp;amp;FlightID=5683975&amp;amp;amp;Page=&amp;amp;amp;PluID=0&amp;amp;amp;Pos=3702\" target=\"_blank\" onclick=\"javascript: pageTracker._trackPageview(\'/outgoing/right/wix.com/300x250_third\');\"&amp;gt;&amp;lt;img src=\"http://bs.serving-sys.com/BurstingPipe/adServer.bs?cn=bsr&amp;amp;amp;FlightID=5683975&amp;amp;amp;Page=&amp;amp;amp;PluID=0&amp;amp;amp;Pos=3702\" alt=\"Free Website\" width=\"300\" height=\"250\" vspace=\"5\" border=\"0\" title=\"Free Website\" /&amp;gt;&amp;lt;/a&amp;gt;</noscript><a onclick=\"javascript: pageTracker._trackPageview(\'/outgoing/right/flashmo.com/300x250_fourth\');\" href=\"http://www.flashmo.com/page/1\" rel=\"nofollow\"><img title=\"Flash Templates\" src=\"http://cdn.templatemo.com/images/flashmo_300x250_2.jpg\" alt=\"Flash Templates\" width=\"300\" height=\"250\" border=\"0\" vspace=\"5\" /></a>\r\n<div class=\"templatemo_link_box\" style=\"float: left; width: 150px; line-height: 1.8em; padding: 10px 0;\">&nbsp;</div>\r\n<div class=\"templatemo_link_box\" style=\"float: left; width: 150px; line-height: 1.8em; padding: 10px 0;\">\r\n<div class=\"subtitle\" style=\"margin: 5px 0; padding: 0; font-family: Arial, Helvetica, sans-serif; font-size: 14px; font-weight: bold; color: #c06;\">Check this out!</div>\r\n<a onclick=\"javascript: pageTracker._trackPageview(\'/outgoing/left/wix.com\');\" href=\"http://www.wix.com/templatem7/300-new?utm_campaign=flash&amp;experiment_id=ma_templatemo_txt_300new\" rel=\"nofollow\">Free Website Templates</a><br /><a onclick=\"javascript: pageTracker._trackPageview(\'/outgoing/left/freelancersoutpost.com\');\" href=\"http://www.freelancersoutpost.com\" rel=\"nofollow\">Freelancers Outpost</a><br /><a onclick=\"javascript: pageTracker._trackPageview(\'/outgoing/left/freetemplatesonline.com\');\" href=\"http://www.freetemplatesonline.com\" rel=\"nofollow\">Free Templates</a><br /><a onclick=\"javascript: pageTracker._trackPageview(\'/outgoing/left/templatemonster.com\');\" href=\"http://www.templatemonster.com\" rel=\"nofollow\">Website Templates</a><br /><a onclick=\"javascript: pageTracker._trackPageview(\'/outgoing/left/websitetemplatesonline.com\');\" href=\"http://www.websitetemplatesonline.com\" rel=\"nofollow\">Free Templates</a><br /><a onclick=\"javascript: pageTracker._trackPageview(\'/outgoing/left/freecsstemplates.com\');\" href=\"http://www.freecsstemplates.com/templates.html\" rel=\"nofollow\">Free Website Templates</a></div>\r\n<div class=\"templatemo_clear\" style=\"clear: both; width: 100%; height: 0; font-size: 0;\">&nbsp;</div>\r\n</div>\r\n<div id=\"content_column\" style=\"float: left; width: 670px;\">\r\n<div style=\"clear: both; padding-top: 15px;\"><span class=\"title\" style=\"margin-top: 10px; margin-left: 10px; font-family: Arial, Helvetica, sans-serif; font-size: 20px; font-weight: bold; color: #090;\">Free CSS Templates</span>\r\n<div class=\"fb-like\" data-send=\"false\" data-layout=\"button_count\" data-width=\"450\" data-show-faces=\"false\" data-font=\"verdana\">&nbsp;</div>\r\n</div>\r\n<div class=\"inner_tube\" style=\"margin: 10px;\"><a title=\"download free templates\" href=\"../../../../../page/1\">templatemo.com</a> provides free website templates for everyone. All templates are absolutely free to download, modify and apply for your personal or commercial websites without restrictions. All templates are W3C standards-compliant.</div>\r\n<div class=\"thumbnail_frame\" style=\"clear: left; float: left; margin: 10px 4px 4px 10px; padding: 4px; width: 142px; background: #F8F8F8; border: 1px solid #CCC; font-family: Arial, Helvetica, sans-serif; text-align: left;\"><a href=\"../../../../../preview/templatemo_384_trendy\"><img class=\"thumbnail\" style=\"border: 1px #CCC solid; margin-bottom: 6px;\" title=\"\" src=\"http://cdn.templatemo.com/templates/templatemo_384_trendy.jpg\" alt=\"384 trendy\" width=\"140\" height=\"140\" border=\"0\" /></a> <a class=\"thumbnail_title\" style=\"font-weight: bold;\" href=\"../../../../../preview/templatemo_384_trendy\">384 trendy</a> <!-- <br /><span class=\"note\">Added: 16 Dec 2013</span> --></div>\r\n<div class=\"thumbnail_frame\" style=\"float: left; margin: 10px 4px 4px 10px; padding: 4px; width: 142px; background: #F8F8F8; border: 1px solid #CCC; font-family: Arial, Helvetica, sans-serif; text-align: left;\"><a href=\"../../../../../preview/templatemo_383_smoke_house\"><img class=\"thumbnail\" style=\"border: 1px #CCC solid; margin-bottom: 6px;\" title=\"\" src=\"http://cdn.templatemo.com/templates/templatemo_383_smoke_house.jpg\" alt=\"383 smoke house\" width=\"140\" height=\"140\" border=\"0\" /></a> <a class=\"thumbnail_title\" style=\"font-weight: bold;\" href=\"../../../../../preview/templatemo_383_smoke_house\">383 smoke house</a> <!-- <br /><span class=\"note\">Added: 28 Nov 2013</span> --></div>\r\n<div class=\"thumbnail_frame\" style=\"float: left; margin: 10px 4px 4px 10px; padding: 4px; width: 142px; background: #F8F8F8; border: 1px solid #CCC; font-family: Arial, Helvetica, sans-serif; text-align: left;\"><a href=\"../../../../../preview/templatemo_382_simplex\"><img class=\"thumbnail\" style=\"border: 1px #CCC solid; margin-bottom: 6px;\" title=\"\" src=\"http://cdn.templatemo.com/templates/templatemo_382_simplex.jpg\" alt=\"382 simplex\" width=\"140\" height=\"140\" border=\"0\" /></a> <a class=\"thumbnail_title\" style=\"font-weight: bold;\" href=\"../../../../../preview/templatemo_382_simplex\">382 simplex</a> <!-- <br /><span class=\"note\">Added: 19 Nov 2013</span> --></div>\r\n<div class=\"thumbnail_frame\" style=\"float: left; margin: 10px 4px 4px 10px; padding: 4px; width: 142px; background: #F8F8F8; border: 1px solid #CCC; font-family: Arial, Helvetica, sans-serif; text-align: left;\"><a href=\"../../../../../preview/templatemo_381_blactro\"><img class=\"thumbnail\" style=\"border: 1px #CCC solid; margin-bottom: 6px;\" title=\"\" src=\"http://cdn.templatemo.com/templates/templatemo_381_blactro.jpg\" alt=\"381 blactro\" width=\"140\" height=\"140\" border=\"0\" /></a> <a class=\"thumbnail_title\" style=\"font-weight: bold;\" href=\"../../../../../preview/templatemo_381_blactro\">381 blactro</a> <!-- <br /><span class=\"note\">Added: 18 Nov 2013</span> --></div>\r\n<div class=\"thumbnail_frame\" style=\"clear: left; float: left; margin: 10px 4px 4px 10px; padding: 4px; width: 142px; background: #F8F8F8; border: 1px solid #CCC; font-family: Arial, Helvetica, sans-serif; text-align: left;\"><a href=\"../../../../../preview/templatemo_380_eco_tree\"><img class=\"thumbnail\" style=\"border: 1px #CCC solid; margin-bottom: 6px;\" title=\"\" src=\"http://cdn.templatemo.com/templates/templatemo_380_eco_tree.jpg\" alt=\"380 eco tree\" width=\"140\" height=\"140\" border=\"0\" /></a> <a class=\"thumbnail_title\" style=\"font-weight: bold;\" href=\"../../../../../preview/templatemo_380_eco_tree\">380 eco tree</a> <!-- <br /><span class=\"note\">Added: 14 Nov 2013</span> --></div>\r\n<div class=\"thumbnail_frame\" style=\"float: left; margin: 10px 4px 4px 10px; padding: 4px; width: 142px; background: #F8F8F8; border: 1px solid #CCC; font-family: Arial, Helvetica, sans-serif; text-align: left;\"><a href=\"../../../../../preview/templatemo_379_catalog\"><img class=\"thumbnail\" style=\"border: 1px #CCC solid; margin-bottom: 6px;\" title=\"\" src=\"http://cdn.templatemo.com/templates/templatemo_379_catalog.jpg\" alt=\"379 catalog\" width=\"140\" height=\"140\" border=\"0\" /></a> <a class=\"thumbnail_title\" style=\"font-weight: bold;\" href=\"../../../../../preview/templatemo_379_catalog\">379 catalog</a> <!-- <br /><span class=\"note\">Added: 04 Nov 2013</span> --></div>\r\n<div class=\"thumbnail_frame\" style=\"float: left; margin: 10px 4px 4px 10px; padding: 4px; width: 142px; background: #F8F8F8; border: 1px solid #CCC; font-family: Arial, Helvetica, sans-serif; text-align: left;\"><a href=\"../../../../../preview/templatemo_378_dragonfly\"><img class=\"thumbnail\" style=\"border: 1px #CCC solid; margin-bottom: 6px;\" title=\"\" src=\"http://cdn.templatemo.com/templates/templatemo_378_dragonfly.jpg\" alt=\"378 dragonfly\" width=\"140\" height=\"140\" border=\"0\" /></a> <a class=\"thumbnail_title\" style=\"font-weight: bold;\" href=\"../../../../../preview/templatemo_378_dragonfly\">378 dragonfly</a> <!-- <br /><span class=\"note\">Added: 28 Oct 2013</span> --></div>\r\n<div class=\"thumbnail_frame\" style=\"float: left; margin: 10px 4px 4px 10px; padding: 4px; width: 142px; background: #F8F8F8; border: 1px solid #CCC; font-family: Arial, Helvetica, sans-serif; text-align: left;\"><a href=\"../../../../../preview/templatemo_377_blue_tech\"><img class=\"thumbnail\" style=\"border: 1px #CCC solid; margin-bottom: 6px;\" title=\"\" src=\"http://cdn.templatemo.com/templates/templatemo_377_blue_tech.jpg\" alt=\"377 blue tech\" width=\"140\" height=\"140\" border=\"0\" /></a> <a class=\"thumbnail_title\" style=\"font-weight: bold;\" href=\"../../../../../preview/templatemo_377_blue_tech\">377 blue tech</a> <!-- <br /><span class=\"note\">Added: 25 Oct 2013</span> --></div>\r\n<div style=\"clear: both; margin-left: 10px;\">\r\n<div class=\"buttonwrapper\" style=\"overflow: hidden; width: 100%;\"><a class=\"boldbuttons\" style=\"background: transparent url(\'http://cdn.templatemo.com/images/roundedge-gray-left.gif\') no-repeat top left; display: block; float: left; font: bold 13px Arial; line-height: 22px; height: 30px; padding-left: 8px; text-decoration: none;\" title=\"Free CSS Templates\" href=\"../../../../../page/1\"><span style=\"background: transparent url(\'http://cdn.templatemo.com/images/roundedge-gray-right.gif\') no-repeat top right; display: block; padding: 4px 10px 4px 2px;\">Free CSS Templates</span></a></div>\r\n</div>\r\n<!-- FLASHMO // --> <br />\r\n<div style=\"clear: both; padding-top: 15px;\"><span class=\"title\" style=\"margin-top: 10px; margin-left: 10px; font-family: Arial, Helvetica, sans-serif; font-size: 20px; font-weight: bold; color: #090;\">Free Flash Templates</span></div>\r\n<div class=\"thumbnail_frame\" style=\"clear: left; float: left; margin: 10px 4px 4px 10px; padding: 4px; width: 142px; background: #F8F8F8; border: 1px solid #CCC; font-family: Arial, Helvetica, sans-serif; text-align: left;\"><a href=\"http://www.flashmo.com/preview/flashmo_264_bar_gallery\" rel=\"nofollow\"><img class=\"thumbnail\" style=\"border: 1px #CCC solid; margin-bottom: 6px;\" src=\"http://www.flashmo.com/flash_templates/flashmo_264_bar_gallery.jpg\" alt=\"264 bar gallery\" width=\"140\" height=\"140\" border=\"0\" /></a> <a class=\"thumbnail_title\" style=\"font-weight: bold;\" href=\"http://www.flashmo.com/preview/flashmo_264_bar_gallery\" rel=\"nofollow\">264 bar gallery</a> <!-- <br /><span class=\"note\">Added: 26 Jul 2012</span> --></div>\r\n<div class=\"thumbnail_frame\" style=\"float: left; margin: 10px 4px 4px 10px; padding: 4px; width: 142px; background: #F8F8F8; border: 1px solid #CCC; font-family: Arial, Helvetica, sans-serif; text-align: left;\"><a href=\"http://www.flashmo.com/preview/flashmo_201_christmas\" rel=\"nofollow\"><img class=\"thumbnail\" style=\"border: 1px #CCC solid; margin-bottom: 6px;\" src=\"http://www.flashmo.com/flash_templates/flashmo_201_christmas.jpg\" alt=\"201 christmas\" width=\"140\" height=\"140\" border=\"0\" /></a> <a class=\"thumbnail_title\" style=\"font-weight: bold;\" href=\"http://www.flashmo.com/preview/flashmo_201_christmas\" rel=\"nofollow\">201 christmas</a> <!-- <br /><span class=\"note\">Added: 12 Dec 2009</span> --></div>\r\n<div class=\"thumbnail_frame\" style=\"float: left; margin: 10px 4px 4px 10px; padding: 4px; width: 142px; background: #F8F8F8; border: 1px solid #CCC; font-family: Arial, Helvetica, sans-serif; text-align: left;\"><a href=\"http://www.flashmo.com/preview/flashmo_229_accord\" rel=\"nofollow\"><img class=\"thumbnail\" style=\"border: 1px #CCC solid; margin-bottom: 6px;\" src=\"http://www.flashmo.com/flash_templates/flashmo_229_accord.jpg\" alt=\"229 accord\" width=\"140\" height=\"140\" border=\"0\" /></a> <a class=\"thumbnail_title\" style=\"font-weight: bold;\" href=\"http://www.flashmo.com/preview/flashmo_229_accord\" rel=\"nofollow\">229 accord</a> <!-- <br /><span class=\"note\">Added: 31 Oct 2010</span> --></div>\r\n<div class=\"thumbnail_frame\" style=\"float: left; margin: 10px 4px 4px 10px; padding: 4px; width: 142px; background: #F8F8F8; border: 1px solid #CCC; font-family: Arial, Helvetica, sans-serif; text-align: left;\"><a href=\"http://www.flashmo.com/preview/flashmo_247_3d_touch_ring\" rel=\"nofollow\"><img class=\"thumbnail\" style=\"border: 1px #CCC solid; margin-bottom: 6px;\" src=\"http://www.flashmo.com/flash_templates/flashmo_247_3d_touch_ring.jpg\" alt=\"247 3d touch ring\" width=\"140\" height=\"140\" border=\"0\" /></a> <a class=\"thumbnail_title\" style=\"font-weight: bold;\" href=\"http://www.flashmo.com/preview/flashmo_247_3d_touch_ring\" rel=\"nofollow\">247 3d touch ring</a> <!-- <br /><span class=\"note\">Added: 01 Jun 2011</span> --></div>\r\n<div class=\"thumbnail_frame\" style=\"clear: left; float: left; margin: 10px 4px 4px 10px; padding: 4px; width: 142px; background: #F8F8F8; border: 1px solid #CCC; font-family: Arial, Helvetica, sans-serif; text-align: left;\"><a href=\"http://www.flashmo.com/preview/flashmo_175_photo_gallery\" rel=\"nofollow\"><img class=\"thumbnail\" style=\"border: 1px #CCC solid; margin-bottom: 6px;\" src=\"http://www.flashmo.com/flash_templates/flashmo_175_photo_gallery.jpg\" alt=\"175 photo gallery\" width=\"140\" height=\"140\" border=\"0\" /></a> <a class=\"thumbnail_title\" style=\"font-weight: bold;\" href=\"http://www.flashmo.com/preview/flashmo_175_photo_gallery\" rel=\"nofollow\">175 photo gallery</a> <!-- <br /><span class=\"note\">Added: 02 Jun 2009</span> --></div>\r\n<div class=\"thumbnail_frame\" style=\"float: left; margin: 10px 4px 4px 10px; padding: 4px; width: 142px; background: #F8F8F8; border: 1px solid #CCC; font-family: Arial, Helvetica, sans-serif; text-align: left;\"><a href=\"http://www.flashmo.com/preview/flashmo_216_compact\" rel=\"nofollow\"><img class=\"thumbnail\" style=\"border: 1px #CCC solid; margin-bottom: 6px;\" src=\"http://www.flashmo.com/flash_templates/flashmo_216_compact.jpg\" alt=\"216 compact\" width=\"140\" height=\"140\" border=\"0\" /></a> <a class=\"thumbnail_title\" style=\"font-weight: bold;\" href=\"http://www.flashmo.com/preview/flashmo_216_compact\" rel=\"nofollow\">216 compact</a> <!-- <br /><span class=\"note\">Added: 17 Jun 2010</span> --></div>\r\n<div class=\"thumbnail_frame\" style=\"float: left; margin: 10px 4px 4px 10px; padding: 4px; width: 142px; background: #F8F8F8; border: 1px solid #CCC; font-family: Arial, Helvetica, sans-serif; text-align: left;\"><a href=\"http://www.flashmo.com/preview/flashmo_224_grid_slider\" rel=\"nofollow\"><img class=\"thumbnail\" style=\"border: 1px #CCC solid; margin-bottom: 6px;\" src=\"http://www.flashmo.com/flash_templates/flashmo_224_grid_slider.jpg\" alt=\"224 grid slider\" width=\"140\" height=\"140\" border=\"0\" /></a> <a class=\"thumbnail_title\" style=\"font-weight: bold;\" href=\"http://www.flashmo.com/preview/flashmo_224_grid_slider\" rel=\"nofollow\">224 grid slider</a> <!-- <br /><span class=\"note\">Added: 10 Sep 2010</span> --></div>\r\n<div class=\"thumbnail_frame\" style=\"float: left; margin: 10px 4px 4px 10px; padding: 4px; width: 142px; background: #F8F8F8; border: 1px solid #CCC; font-family: Arial, Helvetica, sans-serif; text-align: left;\"><a href=\"http://www.flashmo.com/preview/flashmo_209_photo_slider\" rel=\"nofollow\"><img class=\"thumbnail\" style=\"border: 1px #CCC solid; margin-bottom: 6px;\" src=\"http://www.flashmo.com/flash_templates/flashmo_209_photo_slider.jpg\" alt=\"209 photo slider\" width=\"140\" height=\"140\" border=\"0\" /></a> <a class=\"thumbnail_title\" style=\"font-weight: bold;\" href=\"http://www.flashmo.com/preview/flashmo_209_photo_slider\" rel=\"nofollow\">209 photo slider</a> <!-- <br /><span class=\"note\">Added: 21 Mar 2010</span> --></div>\r\n<div style=\"clear: both; margin-left: 10px;\">\r\n<div class=\"buttonwrapper\" style=\"overflow: hidden; width: 100%;\"><a class=\"boldbuttons\" style=\"background: transparent url(\'http://cdn.templatemo.com/images/roundedge-gray-left.gif\') no-repeat top left; display: block; float: left; font: bold 13px Arial; line-height: 22px; height: 30px; padding-left: 8px; text-decoration: none;\" title=\"Free Flash Templates\" href=\"http://www.flashmo.com/page/1\" rel=\"nofollow\"><span style=\"background: transparent url(\'http://cdn.templatemo.com/images/roundedge-gray-right.gif\') no-repeat top right; display: block; padding: 4px 10px 4px 2px;\">Free Flash Templates</span></a></div>\r\n</div>\r\n<!-- // FLASHMO --> <!-- KOFLASH // --> <br />\r\n<div style=\"clear: both; padding-top: 15px;\"><span class=\"title\" style=\"margin-top: 10px; margin-left: 10px; font-family: Arial, Helvetica, sans-serif; font-size: 20px; font-weight: bold; color: #090;\">Flash Web Gallery</span></div>\r\n<div class=\"thumbnail_frame\" style=\"clear: left; float: left; margin: 10px 4px 4px 10px; padding: 4px; width: 142px; background: #F8F8F8; border: 1px solid #CCC; font-family: Arial, Helvetica, sans-serif; text-align: left;\"><a href=\"http://www.koflash.com/cortex-design/\" rel=\"nofollow\"><img style=\"border: 1px #CCCCCC solid;\" src=\"http://www.koflash.com/wp-content/uploads/2010/02/cortex-design-150x150.jpg\" alt=\"cortex design\" width=\"140\" height=\"140\" border=\"0\" /></a> <a class=\"thumbnail_title\" style=\"font-weight: bold;\" href=\"http://www.koflash.com/cortex-design/\" rel=\"nofollow\">cortex design</a></div>\r\n<div class=\"thumbnail_frame\" style=\"float: left; margin: 10px 4px 4px 10px; padding: 4px; width: 142px; background: #F8F8F8; border: 1px solid #CCC; font-family: Arial, Helvetica, sans-serif; text-align: left;\"><a href=\"http://www.koflash.com/portfolio-nick-joore/\" rel=\"nofollow\"><img style=\"border: 1px #CCCCCC solid;\" src=\"http://www.koflash.com/wp-content/uploads/2010/02/njoore-150x150.jpg\" alt=\"Nick Joore\" width=\"140\" height=\"140\" border=\"0\" /></a> <a class=\"thumbnail_title\" style=\"font-weight: bold;\" href=\"http://www.koflash.com/portfolio-nick-joore/\" rel=\"nofollow\">Nick Joore</a></div>\r\n<div class=\"thumbnail_frame\" style=\"float: left; margin: 10px 4px 4px 10px; padding: 4px; width: 142px; background: #F8F8F8; border: 1px solid #CCC; font-family: Arial, Helvetica, sans-serif; text-align: left;\"><a href=\"http://www.koflash.com/dan0/\" rel=\"nofollow\"><img style=\"border: 1px #CCCCCC solid;\" src=\"http://www.koflash.com/wp-content/uploads/2010/02/dan0-150x150.jpg\" alt=\"Dan0\" width=\"140\" height=\"140\" border=\"0\" /></a> <a class=\"thumbnail_title\" style=\"font-weight: bold;\" href=\"http://www.koflash.com/dan0/\" rel=\"nofollow\">Dan0</a></div>\r\n<div class=\"thumbnail_frame\" style=\"float: left; margin: 10px 4px 4px 10px; padding: 4px; width: 142px; background: #F8F8F8; border: 1px solid #CCC; font-family: Arial, Helvetica, sans-serif; text-align: left;\"><a href=\"http://www.koflash.com/verbatim-championship/\" rel=\"nofollow\"><img style=\"border: 1px #CCCCCC solid;\" src=\"http://www.koflash.com/wp-content/uploads/2010/02/verbatim-senshuken-150x150.jpg\" alt=\"Verbatim Championship\" width=\"140\" height=\"140\" border=\"0\" /></a> <a class=\"thumbnail_title\" style=\"font-weight: bold;\" href=\"http://www.koflash.com/verbatim-championship/\" rel=\"nofollow\">Verbatim Championship</a></div>\r\n<div class=\"thumbnail_frame\" style=\"clear: left; float: left; margin: 10px 4px 4px 10px; padding: 4px; width: 142px; background: #F8F8F8; border: 1px solid #CCC; font-family: Arial, Helvetica, sans-serif; text-align: left;\"><a href=\"http://www.koflash.com/andreas-smetana/\" rel=\"nofollow\"><img style=\"border: 1px #CCCCCC solid;\" src=\"http://www.koflash.com/wp-content/uploads/2010/02/smetana-150x150.jpg\" alt=\"Andreas Smetana\" width=\"140\" height=\"140\" border=\"0\" /></a> <a class=\"thumbnail_title\" style=\"font-weight: bold;\" href=\"http://www.koflash.com/andreas-smetana/\" rel=\"nofollow\">Andreas Smetana</a></div>\r\n<div class=\"thumbnail_frame\" style=\"float: left; margin: 10px 4px 4px 10px; padding: 4px; width: 142px; background: #F8F8F8; border: 1px solid #CCC; font-family: Arial, Helvetica, sans-serif; text-align: left;\"><a href=\"http://www.koflash.com/oasis-for-fun/\" rel=\"nofollow\"><img style=\"border: 1px #CCCCCC solid;\" src=\"http://www.koflash.com/wp-content/uploads/2010/02/oasis-150x150.jpg\" alt=\"Oasis For Fun\" width=\"140\" height=\"140\" border=\"0\" /></a> <a class=\"thumbnail_title\" style=\"font-weight: bold;\" href=\"http://www.koflash.com/oasis-for-fun/\" rel=\"nofollow\">Oasis For Fun</a></div>\r\n<div class=\"thumbnail_frame\" style=\"float: left; margin: 10px 4px 4px 10px; padding: 4px; width: 142px; background: #F8F8F8; border: 1px solid #CCC; font-family: Arial, Helvetica, sans-serif; text-align: left;\"><a href=\"http://www.koflash.com/smarter-city/\" rel=\"nofollow\"><img style=\"border: 1px #CCCCCC solid;\" src=\"http://www.koflash.com/wp-content/uploads/2010/06/Smarter-City-150x150.jpg\" alt=\"Smarter City\" width=\"140\" height=\"140\" border=\"0\" /></a> <a class=\"thumbnail_title\" style=\"font-weight: bold;\" href=\"http://www.koflash.com/smarter-city/\" rel=\"nofollow\">Smarter City</a></div>\r\n<div class=\"thumbnail_frame\" style=\"float: left; margin: 10px 4px 4px 10px; padding: 4px; width: 142px; background: #F8F8F8; border: 1px solid #CCC; font-family: Arial, Helvetica, sans-serif; text-align: left;\"><a href=\"http://www.koflash.com/inavi/\" rel=\"nofollow\"><img style=\"border: 1px #CCCCCC solid;\" src=\"http://www.koflash.com/wp-content/uploads/2010/06/inavi-150x150.jpg\" alt=\"INAVI\" width=\"140\" height=\"140\" border=\"0\" /></a> <a class=\"thumbnail_title\" style=\"font-weight: bold;\" href=\"http://www.koflash.com/inavi/\" rel=\"nofollow\">INAVI</a></div>\r\n<div style=\"clear: both; margin-left: 10px; margin-bottom: 20px;\">\r\n<div class=\"buttonwrapper\" style=\"overflow: hidden; width: 100%;\"><a class=\"boldbuttons\" style=\"background: transparent url(\'http://cdn.templatemo.com/images/roundedge-gray-left.gif\') no-repeat top left; display: block; float: left; font: bold 13px Arial; line-height: 22px; height: 30px; padding-left: 8px; text-decoration: none;\" title=\"Flash Web Gallery\" href=\"http://www.koflash.com\" rel=\"nofollow\"><span style=\"background: transparent url(\'http://cdn.templatemo.com/images/roundedge-gray-right.gif\') no-repeat top right; display: block; padding: 4px 10px 4px 2px;\">Best Flash Websites</span></a></div>\r\n</div>\r\n<!-- // KOFLASH --></div>\r\n</div>\r\n<div id=\"footer\" style=\"clear: both; width: 100%; background: black; color: #fff; text-align: center; padding: 4px 0; font-family: Arial, Helvetica, sans-serif; font-size: 10px;\"><strong style=\"font-size: 110%;\">Copyright &copy; 2008-2013 templatemo.com - <a style=\"color: #fff;\" href=\"../../../../../links\">Links</a> - <a style=\"color: #fff;\" href=\"../../../../../about\">About</a> - <a style=\"color: #fff;\" href=\"../../../../../advertise\">Advertise</a> - <a style=\"color: #fff;\" title=\"Content Delivery Network\" onclick=\"javascript: pageTracker._trackPageview(\'/outgoing/maxcdn.com/footer_link\');\" href=\"http://www.maxcdn.com\" rel=\"nofollow\">Content Delivery Network</a> by MaxCDN</strong></div>\r\n</div>\r\n<script type=\"text/javascript\" src=\"https://apis.google.com/js/plusone.js\"></script>\r\n<script type=\"text/javascript\">// <![CDATA[\r\nvar gaJsHost = ((\"https:\" == document.location.protocol) ? \"https://ssl.\" : \"http://www.\");\r\ndocument.write(unescape(\"%3Cscript src=\'\" + gaJsHost + \"google-analytics.com/ga.js\' type=\'text/javascript\'%3E%3C/script%3E\"));\r\n// ]]></script>\r\n<script type=\"text/javascript\">// <![CDATA[\r\nvar pageTracker = _gat._getTracker(\"UA-732601-9\");\r\npageTracker._initData();\r\npageTracker._trackPageview();\r\n// ]]></script>',NULL,'LocalBusiness',19,326),
(7,'google','<p>Google</p>\r\n<script type=\"text/javascript\">// <![CDATA[\r\n(function(){\r\nwindow.google={kEI:\"cie0UqnXNsTD0QWHtoDwDQ\",getEI:function(a){for(var b;a&amp;&amp;(!a.getAttribute||!(b=a.getAttribute(\"eid\")));)a=a.parentNode;return b||google.kEI},https:function(){return\"https:\"==window.location.protocol},kEXPI:\"17259,4000116,4007278,4007661,4007714,4007830,4008067,4008133,4008142,4009033,4009103,4009352,4009565,4009641,4010806,4010858,4010899,4011063,4011228,4011258,4011524,4011559,4011679,4011863,4012001,4012096,4012190,4012275,4012302,4012316,4012318,4012320,4012342,4012365,4012415,4012512,4012526,4012534,4012538,4012547,4012691,4012836,4012851,4012869,4012896,4013060,4013105,4013140,4013312,4013374,4013378,4013414,4013416,4013435,4013474,4013513,4013550,4013567,4013631,4013634,4013667,4013668,4013669,4013671,4013672,4013686,4013699,4013711,4013719,4013725,4013741,4013782,4013837,4013842,4013846,4013853,4013920,4013960,4013970,4013979,4014076,4014097,4014145,4014147,4014179,4014215,8500073,8500075\",kCSI:{e:\"17259,4000116,4007278,4007661,4007714,4007830,4008067,4008133,4008142,4009033,4009103,4009352,4009565,4009641,4010806,4010858,4010899,4011063,4011228,4011258,4011524,4011559,4011679,4011863,4012001,4012096,4012190,4012275,4012302,4012316,4012318,4012320,4012342,4012365,4012415,4012512,4012526,4012534,4012538,4012547,4012691,4012836,4012851,4012869,4012896,4013060,4013105,4013140,4013312,4013374,4013378,4013414,4013416,4013435,4013474,4013513,4013550,4013567,4013631,4013634,4013667,4013668,4013669,4013671,4013672,4013686,4013699,4013711,4013719,4013725,4013741,4013782,4013837,4013842,4013846,4013853,4013920,4013960,4013970,4013979,4014076,4014097,4014145,4014147,4014179,4014215,8500073,8500075\",ei:\"cie0UqnXNsTD0QWHtoDwDQ\"},authuser:0,ml:function(){},kHL:\"en\",time:function(){return(new Date).getTime()},log:function(a,b,c,l,k){var d=new Image,f=google.lc,e=google.li,g=\"\",h=\"gen_204\";k&amp;&amp;(h=\r\nk);d.onerror=d.onload=d.onabort=function(){delete f[e]};f[e]=d;c||-1!=b.search(\"&amp;ei=\")||(g=\"&amp;ei=\"+google.getEI(l));c=c||\"/\"+h+\"?atyp=i&amp;ct=\"+a+\"&amp;cad=\"+b+g+\"&amp;zx=\"+google.time();\r\na=/^http:/i;a.test(c)&amp;&amp;google.https()?(google.ml(Error(\"GLMM\"),!1,{src:c}),delete f[e]):(d.src=c,google.li=e+1)},lc:[],li:0,Toolbelt:{},y:{},x:function(a,b){google.y[a.id]=[a,b];return!1},load:function(a,b,c){google.x({id:a+\r\nm++},function(){google.load(a,b,c)})}};var m=0;})();\r\n(function(){google.sn=\"webhp\";google.timers={};google.startTick=function(a,b){google.timers[a]={t:{start:google.time()},bfr:!!b}};google.tick=function(a,b,g){google.timers[a]||google.startTick(a);google.timers[a].t[b]=g||google.time()};google.startTick(\"load\",!0);\r\ntry{}catch(d){}})();\r\nvar _gjwl=location;function _gjuc(){var a=_gjwl.href.indexOf(\"#\");if(0&lt;=a&amp;&amp;(a=_gjwl.href.substring(a),0&lt;a.indexOf(\"&amp;q=\")||0&lt;=a.indexOf(\"#q=\"))&amp;&amp;(a=a.substring(1),-1==a.indexOf(\"#\"))){for(var d=0;d&lt;a.length;){var b=d;\"&amp;\"==a.charAt(b)&amp;&amp;++b;var c=a.indexOf(\"&amp;\",b);-1==c&amp;&amp;(c=a.length);b=a.substring(b,c);if(0==b.indexOf(\"fp=\"))a=a.substring(0,d)+a.substring(c,a.length),c=d;else if(\"cad=h\"==b)return 0;d=c}_gjwl.href=\"/search?\"+a+\"&amp;cad=h\";return 1}return 0}\r\nfunction _gjh(){!_gjuc()&amp;&amp;window.google&amp;&amp;google.x&amp;&amp;google.x({id:\"GJH\"},function(){google.nav&amp;&amp;google.nav.gjh&amp;&amp;google.nav.gjh()})};\r\nwindow._gjh&amp;&amp;_gjh();\r\n// ]]></script>\r\n<script type=\"text/javascript\">// <![CDATA[\r\n  </head>\r\n  <body bgcolor=\"#fff\" style=\"font-family: arial, sans-serif;margin: 0;overflow-y: scroll;background: #fff;color: black\">\r\n    <script>(function(){var src=\'/images/srpr/nav_logo80.png\';var iesg=false;document.body.onload = function(){window.n &amp;&amp; window.n();if (document.images){new Image().src=src;}\r\nif (!iesg){document.f&amp;&amp;document.f.q.focus();document.gbqf&amp;&amp;document.gbqf.q.focus();}\r\n}\r\n})();\r\n// ]]></script>\r\n<p>&nbsp;</p>\r\n<div id=\"mngb\">\r\n<div id=\"gbar\" style=\"font-size: 13px; padding-top: 1px !important; height: 22px;\"><strong class=\"gb1\">Search</strong> <a class=\"gb1\" style=\"text-decoration: underline !important; color: #11c !important; font-family: arial, sans-serif;\" href=\"https://www.google.co.in/imghp?hl=en&amp;tab=wi\">Images</a> <a class=\"gb1\" style=\"text-decoration: underline !important; color: #11c !important; font-family: arial, sans-serif;\" href=\"https://maps.google.co.in/maps?hl=en&amp;tab=wl\">Maps</a> <a class=\"gb1\" style=\"text-decoration: underline !important; color: #11c !important; font-family: arial, sans-serif;\" href=\"https://play.google.com/?hl=en&amp;tab=w8\">Play</a> <a class=\"gb1\" style=\"text-decoration: underline !important; color: #11c !important; font-family: arial, sans-serif;\" href=\"https://www.youtube.com/?gl=IN&amp;tab=w1\">YouTube</a> <a class=\"gb1\" style=\"text-decoration: underline !important; color: #11c !important; font-family: arial, sans-serif;\" href=\"https://news.google.co.in/nwshp?hl=en&amp;tab=wn\">News</a> <a class=\"gb1\" style=\"text-decoration: underline !important; color: #11c !important; font-family: arial, sans-serif;\" href=\"https://mail.google.com/mail/?tab=wm\">Gmail</a> <a class=\"gb1\" style=\"text-decoration: underline !important; color: #11c !important; font-family: arial, sans-serif;\" href=\"https://drive.google.com/?tab=wo\">Drive</a> <a class=\"gb1\" style=\"text-decoration: underline !important; color: #11c !important; font-family: arial, sans-serif;\" href=\"http://www.google.co.in/intl/en/options/\"><span style=\"text-decoration: underline;\">More</span> &raquo;</a></div>\r\n<div id=\"guser\" style=\"font-size: 13px; padding-top: 1px !important; padding-bottom: 7px !important; text-align: right;\"><a class=\"gb4\" style=\"text-decoration: underline !important; color: #11c !important; font-family: arial, sans-serif;\" href=\"http://www.google.co.in/history/optout?hl=en\">Web History</a> | <a class=\"gb4\" style=\"text-decoration: underline !important; color: #11c !important; font-family: arial, sans-serif;\" href=\"../../../../../preferences?hl=en\">Settings</a> | <a id=\"gb_70\" class=\"gb4\" style=\"text-decoration: underline !important; color: #11c !important; font-family: arial, sans-serif;\" href=\"https://accounts.google.com/ServiceLogin?hl=en&amp;continue=https://www.google.co.in/%3Fgws_rd%3Dcr%26ei%3DVCe0UoTaLMKWrgfo-4CQAw\" target=\"_top\">Sign in</a></div>\r\n<div class=\"gbh\" style=\"left: 0; border-top: 1px solid #c9d7f1; font-size: 1px; height: 0; position: absolute; top: 24px; width: 100%;\">&nbsp;</div>\r\n<div class=\"gbh\" style=\"right: 0; border-top: 1px solid #c9d7f1; font-size: 1px; height: 0; position: absolute; top: 24px; width: 100%;\">&nbsp;</div>\r\n</div>\r\n<center><br id=\"lgpd\" clear=\"all\" />\r\n<div id=\"lga\">\r\n<div style=\"padding: 28px 0 3px;\">\r\n<div id=\"hplogo\" style=\"height: 110px; width: 276px; background: url(\'../../../../../images/srpr/logo9w.png\') no-repeat;\" title=\"Google\" align=\"left\">\r\n<div style=\"color: #777; font-size: 16px; font-weight: bold; position: relative; top: 70px; left: 218px;\">India</div>\r\n</div>\r\n</div>\r\n</div>\r\n<form style=\"margin-bottom: 20px;\" action=\"/search\" name=\"f\">\r\n<table cellspacing=\"0\" cellpadding=\"0\">\r\n<tbody>\r\n<tr valign=\"top\">\r\n<td style=\"font-family: arial, sans-serif; line-height: 0.8em;\" width=\"25%\">&nbsp;</td>\r\n<td style=\"font-family: arial, sans-serif; line-height: 0.8em;\" align=\"center\" nowrap=\"nowrap\"><input style=\"font-family: inherit;\" type=\"hidden\" name=\"ie\" value=\"ISO-8859-1\" /> <input style=\"font-family: inherit;\" type=\"hidden\" name=\"hl\" value=\"en-IN\" /> <input style=\"font-family: inherit;\" type=\"hidden\" name=\"source\" value=\"hp\" />\r\n<div class=\"ds\" style=\"height: 32px; margin: 4px 0; display: inline-block; margin-left: 4px;\"><input class=\"lst\" style=\"color: #000; margin: 0; padding: 5px 8px 0 6px; vertical-align: top; height: 25px; width: 496px; font: 18px arial, sans-serif; font-family: inherit;\" title=\"Google Search\" type=\"text\" name=\"q\" value=\"\" size=\"57\" maxlength=\"2048\" /></div>\r\n<br style=\"line-height: 0;\" /> <span class=\"ds\" style=\"display: inline-block; margin: 3px 0 4px; margin-left: 4px;\"> <span class=\"lsbb\" style=\"background: #eee; border: solid 1px; border-color: #ccc #999 #999 #ccc; height: 30px; display: block;\"> <input class=\"lsb\" style=\"font-family: inherit; background: url(\'../../../../../images/srpr/nav_logo80.png\') 0 -258px repeat-x; border: none; color: #000; cursor: pointer; height: 30px; margin: 0; outline: 0; font: 15px arial, sans-serif; vertical-align: top;\" type=\"submit\" name=\"btnG\" value=\"Google Search\" /> </span> </span> <span class=\"ds\" style=\"display: inline-block; margin: 3px 0 4px; margin-left: 4px;\"> <span class=\"lsbb\" style=\"background: #eee; border: solid 1px; border-color: #ccc #999 #999 #ccc; height: 30px; display: block;\"> <input class=\"lsb\" style=\"font-family: inherit; background: url(\'../../../../../images/srpr/nav_logo80.png\') 0 -258px repeat-x; border: none; color: #000; cursor: pointer; height: 30px; margin: 0; outline: 0; font: 15px arial, sans-serif; vertical-align: top;\" onclick=\"if(this.form.q.value)this.checked=1; else top.location=\'/doodles/\'\" type=\"submit\" name=\"btnI\" value=\"I\'m Feeling Lucky\" /> </span> </span></td>\r\n<td class=\"fl sblc\" style=\"font-family: arial, sans-serif; line-height: 0.8em; padding-top: 5px;\" align=\"left\" nowrap=\"nowrap\" width=\"25%\"><a style=\"font-family: arial, sans-serif; color: #36c; text-decoration: none; display: block; margin: 2px 0; margin-left: 13px; font-size: 11px;\" href=\"../../../../../advanced_search?hl=en-IN&amp;authuser=0\">Advanced search</a> <a style=\"font-family: arial, sans-serif; color: #36c; text-decoration: none; display: block; margin: 2px 0; margin-left: 13px; font-size: 11px;\" href=\"../../../../../language_tools?hl=en-IN&amp;authuser=0\">Language tools</a></td>\r\n</tr>\r\n</tbody>\r\n</table>\r\n<input id=\"gbv\" style=\"font-family: inherit;\" type=\"hidden\" name=\"gbv\" value=\"1\" /></form>\r\n<div id=\"gac_scont\">&nbsp;</div>\r\n<div style=\"font-size: 83%; min-height: 3.5em;\"><br />\r\n<div id=\"als\"><span id=\"addlang\">Google.co.in offered in: <a style=\"font-family: arial, sans-serif; color: #11c; text-decoration: none; padding: 0 3px;\" href=\"https://www.google.co.in/setprefs?sig=0_vQ5Ha0gqAaYyae247kD6ryv7wow%3D&amp;hl=hi&amp;source=homepage\">Hindi</a> <a style=\"font-family: arial, sans-serif; color: #11c; text-decoration: none; padding: 0 3px;\" href=\"https://www.google.co.in/setprefs?sig=0_vQ5Ha0gqAaYyae247kD6ryv7wow%3D&amp;hl=bn&amp;source=homepage\">Bengali</a> <a style=\"font-family: arial, sans-serif; color: #11c; text-decoration: none; padding: 0 3px;\" href=\"https://www.google.co.in/setprefs?sig=0_vQ5Ha0gqAaYyae247kD6ryv7wow%3D&amp;hl=te&amp;source=homepage\">Telugu</a> <a style=\"font-family: arial, sans-serif; color: #11c; text-decoration: none; padding: 0 3px;\" href=\"https://www.google.co.in/setprefs?sig=0_vQ5Ha0gqAaYyae247kD6ryv7wow%3D&amp;hl=mr&amp;source=homepage\">Marathi</a> <a style=\"font-family: arial, sans-serif; color: #11c; text-decoration: none; padding: 0 3px;\" href=\"https://www.google.co.in/setprefs?sig=0_vQ5Ha0gqAaYyae247kD6ryv7wow%3D&amp;hl=ta&amp;source=homepage\">Tamil</a> <a style=\"font-family: arial, sans-serif; color: #11c; text-decoration: none; padding: 0 3px;\" href=\"https://www.google.co.in/setprefs?sig=0_vQ5Ha0gqAaYyae247kD6ryv7wow%3D&amp;hl=gu&amp;source=homepage\">Gujarati</a> <a style=\"font-family: arial, sans-serif; color: #11c; text-decoration: none; padding: 0 3px;\" href=\"https://www.google.co.in/setprefs?sig=0_vQ5Ha0gqAaYyae247kD6ryv7wow%3D&amp;hl=kn&amp;source=homepage\">Kannada</a> <a style=\"font-family: arial, sans-serif; color: #11c; text-decoration: none; padding: 0 3px;\" href=\"https://www.google.co.in/setprefs?sig=0_vQ5Ha0gqAaYyae247kD6ryv7wow%3D&amp;hl=ml&amp;source=homepage\">Malayalam</a> <a style=\"font-family: arial, sans-serif; color: #11c; text-decoration: none; padding: 0 3px;\" href=\"https://www.google.co.in/setprefs?sig=0_vQ5Ha0gqAaYyae247kD6ryv7wow%3D&amp;hl=pa&amp;source=homepage\">Punjabi</a></span> <br /> </div>\r\n</div>\r\n<div style=\"font-size: 10pt;\">\r\n<div id=\"fll\" style=\"margin: 19px auto; text-align: center;\"><a style=\"font-family: arial, sans-serif; color: #11c; text-decoration: none; display: inline-block; margin: 0 12px;\" href=\"../../../../../intl/en/ads/\">Advertising Programs</a> <a style=\"font-family: arial, sans-serif; color: #11c; text-decoration: none; display: inline-block; margin: 0 12px;\" href=\"http://www.google.co.in/services/\">Business Solutions</a> <a style=\"font-family: arial, sans-serif; color: #11c; text-decoration: none; display: inline-block; margin: 0 12px;\" href=\"https://plus.google.com/104205742743787718296\" rel=\"publisher\">+Google</a> <a style=\"font-family: arial, sans-serif; color: #11c; text-decoration: none; display: inline-block; margin: 0 12px;\" href=\"../../../../../intl/en/about.html\">About Google</a> <a id=\"fehl\" style=\"font-family: arial, sans-serif; color: #11c; text-decoration: none; display: inline-block; margin: 0 12px;\" href=\"https://www.google.co.in/setprefdomain?prefdom=US&amp;sig=0_pi49fZ1kr1LGIo8KQe6YtxAwZkc%3D\">Google.com</a></div>\r\n</div>\r\n<p style=\"color: #767676; font-size: 8pt; font-family: arial, sans-serif;\">&copy; 2013 - <a style=\"font-family: arial, sans-serif; color: #11c; text-decoration: none;\" href=\"../../../../../intl/en/policies/\">Privacy &amp; Terms</a></p>\r\n</center>\r\n<div id=\"xjsd\">&nbsp;</div>\r\n<div id=\"xjsi\" data-jiis=\"bp\">\r\n<script type=\"text/javascript\">// <![CDATA[\r\nif(google.y)google.y.first=[];(function(){function b(a){window.setTimeout(function(){var c=document.createElement(\"script\");c.src=a;document.getElementById(\"xjsd\").appendChild(c)},0)}google.dljp=function(a){google.xjsu=a;b(a)};google.dlj=b;})();\r\nif(!google.xjs){window._=window._||{};window._._DumpException=function(e){throw e};if(google.timers&amp;&amp;google.timers.load.t){google.timers.load.t.xjsls=new Date().getTime();}google.dljp(\'/xjs/_/js/k\\x3dxjs.hp.en_US.DZx8zDLimks.O/m\\x3dsb_he,pcc/rt\\x3dj/d\\x3d1/sv\\x3d1/rs\\x3dAItRSTNRwfTVpO-ypKEeSFDoHZDFxnH7YQ\');google.xjs=1;}google.pmc={\"sb\":{\"agen\":true,\"cgen\":true,\"client\":\"heirloom-hp\",\"dh\":true,\"ds\":\"\",\"eqch\":true,\"fl\":true,\"host\":\"google.co.in\",\"jsonp\":true,\"msgs\":{\"dym\":\"Did you mean:\",\"lcky\":\"I\\u0026#39;m Feeling Lucky\",\"lml\":\"Learn more\",\"oskt\":\"Input tools\",\"psrc\":\"This search was removed from your \\u003Ca href=\\\"/history\\\"\\u003EWeb History\\u003C/a\\u003E\",\"psrl\":\"Remove\",\"sbit\":\"Search by image\",\"srch\":\"Google Search\"},\"ovr\":{},\"pq\":\"\",\"qcpw\":false,\"scd\":10,\"sce\":5,\"stok\":\"E4_KTzz7SvZUfwslkLyvuxw1ImQ\"},\"hp\":{},\"pcc\":{}};google.y.first.push(function(){if(google.med){google.med(\'init\');google.initHistory();google.med(\'history\');}});if(google.j&amp;&amp;google.j.en&amp;&amp;google.j.xi){window.setTimeout(google.j.xi,0);}\r\n// ]]></script>\r\n</div>\r\n<script type=\"text/javascript\">// <![CDATA[\r\n(function(){var b,c,d,e;function g(a,f){a.removeEventListener?(a.removeEventListener(\"load\",f,!1),a.removeEventListener(\"error\",f,!1)):(a.detachEvent(\"onload\",f),a.detachEvent(\"onerror\",f))}function h(a){e=(new Date).getTime();++c;a=a||window.event;a=a.target||a.srcElement;g(a,h)}var k=document.getElementsByTagName(\"img\");b=k.length;\r\nfor(var l=c=0,m;l&lt;b;++l)m=k[l],m.complete||\"string\"!=typeof m.src||!m.src?++c:m.addEventListener?(m.addEventListener(\"load\",h,!1),m.addEventListener(\"error\",h,!1)):(m.attachEvent(\"onload\",h),m.attachEvent(\"onerror\",h));d=b-c;\r\nfunction n(){if(google.timers.load.t){google.timers.load.t.ol=(new Date).getTime();google.timers.load.t.iml=e;google.kCSI.imc=c;google.kCSI.imn=b;google.kCSI.imp=d;void 0!==google.stt&amp;&amp;(google.kCSI.stt=google.stt);google.csiReport&amp;&amp;google.csiReport()}}window.addEventListener?window.addEventListener(\"load\",n,!1):window.attachEvent&amp;&amp;window.attachEvent(\"onload\",n);google.timers.load.t.prt=e=(new Date).getTime();})();\r\n// ]]></script>',NULL,'LocalBusiness',19,326);
insert into `template` values 
(8,'soar','<p>Soarlogic - Web,Mobile,Social Application,Facebook Application,Android,I-phone,Technology and Outsourcing,Offshore Development,IT services,IT enable Services,Web designing,Dehradun,Uttarakhand,India</p>\r\n<!-- Update your html tag to include the itemscope and itemtype attributes -->\r\n<p>&nbsp;</p>\r\n<!-- Add the following three tags inside head -->\r\n<script type=\"text/javascript\" src=\"../../../../../theme/theme2/js/jquery-1.5.1.min.js\">// <![CDATA[\r\n    <script type=\"text/javascript\" src=\"/theme/theme2/js/jquery.innerfade.js\"/>\r\n    <script type=\"text/javascript\" src=\"/theme/theme2/js/common.js\"/>\r\n    <script type=\"text/javascript\" src=\"/theme/theme2/js/transify-min.js\"/>\r\n    <script type=\"text/javascript\" src=\"/theme/theme2/js/script.js\"/>\r\n  </head>\r\n  <body style=\"font-family: &quot;lucida grande&quot;, verdana, helvetica, arial, sans-serif;font-size: 12px;margin: 0;padding: 0;width: 100%;color: #676767;text-align: justify\">\r\n<div id=\"container\" align=\"center\" style=\"margin: 0;padding: 0\">\r\n\r\n\r\n    <div align=\"center\" class=\"layout_header\" style=\"margin: 0;padding: 0;width: 100%;background: -o-linear-gradient(#31506B, #07243B);zoom: 1\">\r\n        <div class=\"soar_width\" style=\"margin: 0;padding: 0;width: 1000px;padding-bottom: 3px\">\r\n    <div class=\"soar_logo\" style=\"margin: 0;padding: 0;float: left;margin-top: 15px\">\r\n        <a href=\"http://www.soarlogic.com\" style=\"margin: 0;padding: 0\">\r\n            <img src=\"/theme/theme2/img/header/soarlogic_logo1.png\" alt=\"Soarlogic Information Technologies Pvt.Ltd.\" style=\"margin: 0;padding: 0;border: none;outline: none;vertical-align: middle\"/></a></div>\r\n    <div class=\"slogan_div\" style=\"margin: 0;padding: 0;float: left;width: 520px;text-align: left;font-size: 12px;font-weight: bold;color: #fff;margin-top: 20px\"> Think Differently, We Will Make The Difference</div>\r\n    <div class=\"share_outer\" style=\"margin: 0;padding: 0;width: 300px;float: right;margin-top: 5px;margin-bottom: 2px\">\r\n        <div class=\"blog\" style=\"margin: 0;padding: 0;width: 80px;float: right;border-radius: 2px;background: #D53E3E\">\r\n            <a href=\"http://soarlogic.wordpress.com\" target=\"_blank\" class=\"menu_link_blog\" style=\"margin: 0;padding: 0;color: #FFF;text-decoration: none;font-family: verdana, times, sans-serif;line-height: 20px;font-weight: bold;width: 50px\">Blog</a>        </div>\r\n        <div class=\"side_width_right\" style=\"margin: 0;padding: 0;width: 5px;float: right\"> </div>\r\n        <div class=\"blog\" style=\"margin: 0;padding: 0;width: 80px;float: right;border-radius: 2px;background: #D53E3E\">\r\n            <a href=\"/homes/site_map\" class=\"menu_link_blog\" style=\"margin: 0;padding: 0;color: #FFF;text-decoration: none;font-family: verdana, times, sans-serif;line-height: 20px;font-weight: bold;width: 50px\">Site Map</a>        </div>\r\n        <div class=\"side_width_height\" style=\"margin: 0;padding: 0;clear: both;height: 5px\"/>\r\n        <div align=\"right\" style=\"margin: 0;padding: 0\">\r\n            <a href=\"https://www.facebook.com/soarlogic\" class=\"a_class\" target=\"_blank\" style=\"margin: 0;padding: 0;text-decoration: none\">\r\n            <img src=\"/theme/theme2/img/header/soarlogic-facebook-icon.png\" alt=\"Soarlogic Information Technologies Pvt.Ltd.\" style=\"margin: 0;padding: 0;border: none;outline: none;vertical-align: middle\"/></a>\r\n            <a href=\"http://www.youtube.com/watch?v=GA5VcVC-FG4\" class=\"a_class\" target=\"_blank\" style=\"margin: 0;padding: 0;text-decoration: none\">\r\n            <img src=\"/theme/theme2/img/header/soarlogic-ccinc_youtube.png\" alt=\"Soarlogic Information Technologies Pvt.Ltd.\" style=\"margin: 0;padding: 0;border: none;outline: none;vertical-align: middle\"/></a>\r\n            <a href=\"https://plus.google.com/114839502361298689229/posts\" class=\"a_class\" target=\"_blank\" style=\"margin: 0;padding: 0;text-decoration: none\">\r\n            <img src=\"/theme/theme2/img/header/soarlogic-google_plus_icon.png\" alt=\"Soarlogic Information Technologies Pvt.Ltd.\" style=\"margin: 0;padding: 0;border: none;outline: none;vertical-align: middle\"/></a>\r\n            <a href=\"http://www.linkedin.com/company/soarlogic-information-technologies-pvt.ltd.?trk=hb_tab_compy_id_523693\" class=\"a_class\" target=\"_blank\" style=\"margin: 0;padding: 0;text-decoration: none\">\r\n            <img src=\"/theme/theme2/img/header/soarlogic-linkedin_256.png\" alt=\"Soarlogic Information Technologies Pvt.Ltd.\" style=\"margin: 0;padding: 0;border: none;outline: none;vertical-align: middle\"/></a>\r\n            <a href=\"https://twitter.com/soarlogic\" class=\"a_class\" target=\"_blank\" style=\"margin: 0;padding: 0;text-decoration: none\">\r\n            <img src=\"/theme/theme2/img/header/soarlogic-twitter-icon.png\" alt=\"Soarlogic Information Technologies Pvt.Ltd.\" style=\"margin: 0;padding: 0;border: none;outline: none;vertical-align: middle\"/></a>\r\n            <a href=\"http://www.slideshare.net/bistanil/soarlogic-service\" target=\"_blank\" class=\"a_class\" style=\"margin: 0;padding: 0;text-decoration: none\">\r\n            <img src=\"/theme/theme2/img/header/soarlogic-slideshare-icon.png\" alt=\"Soarlogic Information Technologies Pvt.Ltd.\" style=\"margin: 0;padding: 0;border: none;outline: none;vertical-align: middle\"/></a>\r\n            <a href=\"http://www.flickr.com/people/soarlogic/\" target=\"_blank\" class=\"a_class\" style=\"margin: 0;padding: 0;text-decoration: none\">\r\n            <img src=\"/theme/theme2/img/header/soarlogic-Flickr-Icon.png\" alt=\"Soarlogic Information Technologies Pvt.Ltd.\" style=\"margin: 0;padding: 0;border: none;outline: none;vertical-align: middle\"/></a>\r\n        </div>\r\n    </div>\r\n    <div class=\"clear_both\" style=\"margin: 0;padding: 0;clear: both;height: 0;line-height: 0;font-size: 0\"/>\r\n</div>    </div>\r\n    <div id=\"tab\" align=\"center\" class=\"layout_tab\" style=\"margin: 0;padding: 0;background: url(../img/tab_bg.png) repeat-x;border-bottom: #07243B 3px solid;height: 38px\">\r\n        <div class=\"tab_list\" align=\"center\" style=\"margin: 0;padding: 0;width: 1000px\">\r\n    <ul id=\"header_tab\" style=\"margin: 0;padding: 0;float: left;list-style: none\"><li id=\"top_tab1\" onmouseover=\"mopen(1)\" onmouseout=\"mclose(1);\" style=\"margin: 0;padding: 0;list-style: none;font-weight: bold;float: left;font: bold 14px arial;width: 124px\">\r\n            <a class=\"home_tab_\" href=\"/\" style=\"margin: 0;padding: 0;line-height: 40px;text-decoration: none;color: #EBEFF0;vertical-align: middle\">Home\r\n            </a>\r\n        </li>\r\n                                <li id=\"top_tab12\" onmouseover=\"mopen(\'12\')\" onmouseout=\"mclose(\'12\');\" style=\"margin: 0;padding: 0;list-style: none;font-weight: bold;float: left;font: bold 14px arial;width: 124px\">\r\n                                                <a class=\"header_tab_color\" href=\"/homes/about_us\" style=\"margin: 0;padding: 0;line-height: 40px;text-decoration: none;color: #EBEFF0\">\r\n                    About Us                </a>\r\n                                                                            <ul id=\"sub_tab_12\" style=\"margin: 0;padding: 0;margin-top: -1px;width: 241px;color: #ccc;line-height: 40px;display: none;border-bottom: 6px solid #07243B;float: left;z-index: 12;position: absolute;border-left: 6px solid #07243B;border-right: 6px solid #07243B\"><a class=\"left_menu_div\" href=\"/homes/about_us\" style=\"margin: 0;padding: 0;line-height: 40px;width: 280px;font-size: 12px;text-decoration: none;margin-left: 0;color: #0A3252;text-align: left;font-weight: bold\">\r\n                                                              <li style=\"margin: 0;padding: 0;list-style: none;font-weight: bold;float: left;font: bold 14px arial;width: 238px;text-align: left;padding-left: 3px;color: black;background: white;line-height: 25px;font-size: 12px\">\r\n                                    About Us                               </li>\r\n                                                           </a>\r\n                                                                                                        <a class=\"left_menu_div\" href=\"/homes/why_we\" style=\"margin: 0;padding: 0;line-height: 40px;width: 280px;font-size: 12px;text-decoration: none;margin-left: 0;color: #0A3252;text-align: left;font-weight: bold\">\r\n                                                              <li style=\"margin: 0;padding: 0;list-style: none;font-weight: bold;float: left;font: bold 14px arial;width: 238px;text-align: left;padding-left: 3px;color: black;background: white;line-height: 25px;font-size: 12px\">\r\n                                    Why We                               </li>\r\n                                                           </a>\r\n                                                                                                        <a class=\"left_menu_div\" href=\"/homes/mission_vision_and_our_goal\" style=\"margin: 0;padding: 0;line-height: 40px;width: 280px;font-size: 12px;text-decoration: none;margin-left: 0;color: #0A3252;text-align: left;font-weight: bold\">\r\n                                                              <li style=\"margin: 0;padding: 0;list-style: none;font-weight: bold;float: left;font: bold 14px arial;width: 238px;text-align: left;padding-left: 3px;color: black;background: white;line-height: 25px;font-size: 12px\">\r\n                                    Mission Vision And Our Goal                               </li>\r\n                                                           </a>\r\n                                                                                </ul></li>\r\n                                        <li id=\"top_tab13\" onmouseover=\"mopen(\'13\')\" onmouseout=\"mclose(\'13\');\" style=\"margin: 0;padding: 0;list-style: none;font-weight: bold;float: left;font: bold 14px arial;width: 124px\">\r\n                                                <a class=\"header_tab_color\" href=\"/homes/services\" style=\"margin: 0;padding: 0;line-height: 40px;text-decoration: none;color: #EBEFF0\">\r\n                    Services                </a>\r\n                                                                            <ul id=\"sub_tab_13\" style=\"margin: 0;padding: 0;margin-top: -1px;width: 241px;color: #ccc;line-height: 40px;display: none;border-bottom: 6px solid #07243B;float: left;z-index: 12;position: absolute;border-left: 6px solid #07243B;border-right: 6px solid #07243B\"><a class=\"left_menu_div\" href=\"/homes/architecture_and_technology_strategy \" style=\"margin: 0;padding: 0;line-height: 40px;width: 280px;font-size: 12px;text-decoration: none;margin-left: 0;color: #0A3252;text-align: left;font-weight: bold\">\r\n                                                              <li style=\"margin: 0;padding: 0;list-style: none;font-weight: bold;float: left;font: bold 14px arial;width: 238px;text-align: left;padding-left: 3px;color: black;background: white;line-height: 25px;font-size: 12px\">\r\n                                    Architecture And Technology Strategy                                </li>\r\n                                                           </a>\r\n                                                                                                        <a class=\"left_menu_div\" href=\"/homes/software_development\" style=\"margin: 0;padding: 0;line-height: 40px;width: 280px;font-size: 12px;text-decoration: none;margin-left: 0;color: #0A3252;text-align: left;font-weight: bold\">\r\n                                                              <li style=\"margin: 0;padding: 0;list-style: none;font-weight: bold;float: left;font: bold 14px arial;width: 238px;text-align: left;padding-left: 3px;color: black;background: white;line-height: 25px;font-size: 12px\">\r\n                                    Software Development                               </li>\r\n                                                           </a>\r\n                                                                                                        <a class=\"left_menu_div\" href=\"/homes/quality_assurance_and_testing\" style=\"margin: 0;padding: 0;line-height: 40px;width: 280px;font-size: 12px;text-decoration: none;margin-left: 0;color: #0A3252;text-align: left;font-weight: bold\">\r\n                                                              <li style=\"margin: 0;padding: 0;list-style: none;font-weight: bold;float: left;font: bold 14px arial;width: 238px;text-align: left;padding-left: 3px;color: black;background: white;line-height: 25px;font-size: 12px\">\r\n                                    Quality Assurance And Testing                               </li>\r\n                                                           </a>\r\n                                                                                                        <a class=\"left_menu_div\" href=\"/homes/maintenance_and_support\" style=\"margin: 0;padding: 0;line-height: 40px;width: 280px;font-size: 12px;text-decoration: none;margin-left: 0;color: #0A3252;text-align: left;font-weight: bold\">\r\n                                                              <li style=\"margin: 0;padding: 0;list-style: none;font-weight: bold;float: left;font: bold 14px arial;width: 238px;text-align: left;padding-left: 3px;color: black;background: white;line-height: 25px;font-size: 12px\">\r\n                                    Maintenance And Support                               </li>\r\n                                                           </a>\r\n                                                                                                        <a class=\"left_menu_div\" href=\"/homes/process_consulting\" style=\"margin: 0;padding: 0;line-height: 40px;width: 280px;font-size: 12px;text-decoration: none;margin-left: 0;color: #0A3252;text-align: left;font-weight: bold\">\r\n                                                              <li style=\"margin: 0;padding: 0;list-style: none;font-weight: bold;float: left;font: bold 14px arial;width: 238px;text-align: left;padding-left: 3px;color: black;background: white;line-height: 25px;font-size: 12px\">\r\n                                    Process Consulting                               </li>\r\n                                                           </a>\r\n                                                                                </ul></li>\r\n                                        <li id=\"top_tab14\" onmouseover=\"mopen(\'14\')\" onmouseout=\"mclose(\'14\');\" style=\"margin: 0;padding: 0;list-style: none;font-weight: bold;float: left;font: bold 14px arial;width: 124px\">\r\n                                                <a class=\"header_tab_color\" href=\"/clients/clients\" style=\"margin: 0;padding: 0;line-height: 40px;text-decoration: none;color: #EBEFF0\">\r\n                    Clients                </a>\r\n                                                                            <ul id=\"sub_tab_14\" style=\"margin: 0;padding: 0;margin-top: -1px;width: 241px;color: #ccc;line-height: 40px;display: none;border-bottom: 6px solid #07243B;float: left;z-index: 12;position: absolute;border-left: 6px solid #07243B;border-right: 6px solid #07243B\"><a class=\"left_menu_div\" href=\"/clients/clients\" style=\"margin: 0;padding: 0;line-height: 40px;width: 280px;font-size: 12px;text-decoration: none;margin-left: 0;color: #0A3252;text-align: left;font-weight: bold\">\r\n                                 <li style=\"margin: 0;padding: 0;list-style: none;font-weight: bold;float: left;font: bold 14px arial;width: 238px;text-align: left;padding-left: 3px;color: black;background: white;line-height: 25px;font-size: 12px\">\r\n                                    Clients                                 </li>\r\n                            </a>\r\n                                                                                                        <a class=\"left_menu_div\" href=\"/clients/client_testimonial\" style=\"margin: 0;padding: 0;line-height: 40px;width: 280px;font-size: 12px;text-decoration: none;margin-left: 0;color: #0A3252;text-align: left;font-weight: bold\">\r\n                                 <li style=\"margin: 0;padding: 0;list-style: none;font-weight: bold;float: left;font: bold 14px arial;width: 238px;text-align: left;padding-left: 3px;color: black;background: white;line-height: 25px;font-size: 12px\">\r\n                                    Client Testimonial                                 </li>\r\n                            </a>\r\n                                                                                </ul></li>\r\n                                        <li id=\"top_tab18\" onmouseover=\"mopen(\'18\')\" onmouseout=\"mclose(\'18\');\" style=\"margin: 0;padding: 0;list-style: none;font-weight: bold;float: left;font: bold 14px arial;width: 124px\">\r\n                                                <a class=\"header_tab_color\" href=\"/development_labs/index\" style=\"margin: 0;padding: 0;line-height: 40px;text-decoration: none;color: #EBEFF0\">\r\n                    Dev Lab                </a>\r\n                                                    </li><li id=\"top_tab17\" onmouseover=\"mopen(\'17\')\" onmouseout=\"mclose(\'17\');\" style=\"margin: 0;padding: 0;list-style: none;font-weight: bold;float: left;font: bold 14px arial;width: 124px\">\r\n                                                <a class=\"header_tab_color\" href=\"/homes/agile_methodology\" style=\"margin: 0;padding: 0;line-height: 40px;text-decoration: none;color: #EBEFF0\">\r\n                    Technology                </a>\r\n                                                                            <ul id=\"sub_tab_17\" style=\"width: 320px;border-left: 6px solid #07243B;border-right: 6px solid #07243B;margin: 0;padding: 0;margin-top: -1px;color: #ccc;line-height: 40px;display: none;border-bottom: 6px solid #07243B;float: left;z-index: 12;position: absolute\"><a class=\"left_menu_div\" href=\"/homes/agile_methodology\" style=\"margin: 0;padding: 0;line-height: 40px;width: 280px;font-size: 12px;text-decoration: none;margin-left: 0;color: #0A3252;text-align: left;font-weight: bold\">\r\n                                                              <li style=\"float: left;width: 157px;margin: 0;padding: 0;list-style: none;font-weight: bold;font: bold 14px arial;text-align: left;padding-left: 3px;color: black;background: white;line-height: 25px;font-size: 12px\">\r\n                                    Agile Methodology                               </li>\r\n                                                           </a>\r\n                                                                                                        <a class=\"left_menu_div\" href=\"/homes/cake_php\" style=\"margin: 0;padding: 0;line-height: 40px;width: 280px;font-size: 12px;text-decoration: none;margin-left: 0;color: #0A3252;text-align: left;font-weight: bold\">\r\n                                                              <li style=\"float: left;width: 157px;margin: 0;padding: 0;list-style: none;font-weight: bold;font: bold 14px arial;text-align: left;padding-left: 3px;color: black;background: white;line-height: 25px;font-size: 12px\">\r\n                                    Cake Php                               </li>\r\n                                                           </a>\r\n                                                                                                        <a class=\"left_menu_div\" href=\"/homes/joomla\" style=\"margin: 0;padding: 0;line-height: 40px;width: 280px;font-size: 12px;text-decoration: none;margin-left: 0;color: #0A3252;text-align: left;font-weight: bold\">\r\n                                                              <li style=\"float: left;width: 157px;margin: 0;padding: 0;list-style: none;font-weight: bold;font: bold 14px arial;text-align: left;padding-left: 3px;color: black;background: white;line-height: 25px;font-size: 12px\">\r\n                                    Joomla                               </li>\r\n                                                           </a>\r\n                                                                                                        <a class=\"left_menu_div\" href=\"/homes/drupal\" style=\"margin: 0;padding: 0;line-height: 40px;width: 280px;font-size: 12px;text-decoration: none;margin-left: 0;color: #0A3252;text-align: left;font-weight: bold\">\r\n                                                              <li style=\"float: left;width: 157px;margin: 0;padding: 0;list-style: none;font-weight: bold;font: bold 14px arial;text-align: left;padding-left: 3px;color: black;background: white;line-height: 25px;font-size: 12px\">\r\n                                    Drupal                               </li>\r\n                                                           </a>\r\n                                                                                                        <a class=\"left_menu_div\" href=\"/homes/wordpress\" style=\"margin: 0;padding: 0;line-height: 40px;width: 280px;font-size: 12px;text-decoration: none;margin-left: 0;color: #0A3252;text-align: left;font-weight: bold\">\r\n                                                              <li style=\"float: left;width: 157px;margin: 0;padding: 0;list-style: none;font-weight: bold;font: bold 14px arial;text-align: left;padding-left: 3px;color: black;background: white;line-height: 25px;font-size: 12px\">\r\n                                    Wordpress                               </li>\r\n                                                           </a>\r\n                                                                                                        <a class=\"left_menu_div\" href=\"/homes/magento\" style=\"margin: 0;padding: 0;line-height: 40px;width: 280px;font-size: 12px;text-decoration: none;margin-left: 0;color: #0A3252;text-align: left;font-weight: bold\">\r\n                                                              <li style=\"float: left;width: 157px;margin: 0;padding: 0;list-style: none;font-weight: bold;font: bold 14px arial;text-align: left;padding-left: 3px;color: black;background: white;line-height: 25px;font-size: 12px\">\r\n                                    Magento                               </li>\r\n                                                           </a>\r\n                                                                                                        <a class=\"left_menu_div\" href=\"/homes/codeigniter\" style=\"margin: 0;padding: 0;line-height: 40px;width: 280px;font-size: 12px;text-decoration: none;margin-left: 0;color: #0A3252;text-align: left;font-weight: bold\">\r\n                                                              <li style=\"float: left;width: 157px;margin: 0;padding: 0;list-style: none;font-weight: bold;font: bold 14px arial;text-align: left;padding-left: 3px;color: black;background: white;line-height: 25px;font-size: 12px\">\r\n                                    Codeigniter                               </li>\r\n                                                           </a>\r\n                                                                                                        <a class=\"left_menu_div\" href=\"/homes/ajax\" style=\"margin: 0;padding: 0;line-height: 40px;width: 280px;font-size: 12px;text-decoration: none;margin-left: 0;color: #0A3252;text-align: left;font-weight: bold\">\r\n                                                              <li style=\"float: left;width: 157px;margin: 0;padding: 0;list-style: none;font-weight: bold;font: bold 14px arial;text-align: left;padding-left: 3px;color: black;background: white;line-height: 25px;font-size: 12px\">\r\n                                    Ajax                               </li>\r\n                                                           </a>\r\n                                                                                                        <a class=\"left_menu_div\" href=\"/homes/HTML5\" style=\"margin: 0;padding: 0;line-height: 40px;width: 280px;font-size: 12px;text-decoration: none;margin-left: 0;color: #0A3252;text-align: left;font-weight: bold\">\r\n                                                              <li style=\"float: left;width: 157px;margin: 0;padding: 0;list-style: none;font-weight: bold;font: bold 14px arial;text-align: left;padding-left: 3px;color: black;background: white;line-height: 25px;font-size: 12px\">\r\n                                    HTML5                               </li>\r\n                                                           </a>\r\n                                                                                                        <a class=\"left_menu_div\" href=\"/homes/ruby_on_rails\" style=\"margin: 0;padding: 0;line-height: 40px;width: 280px;font-size: 12px;text-decoration: none;margin-left: 0;color: #0A3252;text-align: left;font-weight: bold\">\r\n                                                              <li style=\"float: left;width: 157px;margin: 0;padding: 0;list-style: none;font-weight: bold;font: bold 14px arial;text-align: left;padding-left: 3px;color: black;background: white;line-height: 25px;font-size: 12px\">\r\n                                    Ruby On Rails                               </li>\r\n                                                           </a>\r\n                                                                                                        <a class=\"left_menu_div\" href=\"/homes/java\" style=\"margin: 0;padding: 0;line-height: 40px;width: 280px;font-size: 12px;text-decoration: none;margin-left: 0;color: #0A3252;text-align: left;font-weight: bold\">\r\n                                                              <li style=\"float: left;width: 157px;margin: 0;padding: 0;list-style: none;font-weight: bold;font: bold 14px arial;text-align: left;padding-left: 3px;color: black;background: white;line-height: 25px;font-size: 12px\">\r\n                                    Java                               </li>\r\n                                                           </a>\r\n                                                                                                        <a class=\"left_menu_div\" href=\"/homes/spring_struts\" style=\"margin: 0;padding: 0;line-height: 40px;width: 280px;font-size: 12px;text-decoration: none;margin-left: 0;color: #0A3252;text-align: left;font-weight: bold\">\r\n                                                              <li style=\"float: left;width: 157px;margin: 0;padding: 0;list-style: none;font-weight: bold;font: bold 14px arial;text-align: left;padding-left: 3px;color: black;background: white;line-height: 25px;font-size: 12px\">\r\n                                    Spring Struts                               </li>\r\n                                                           </a>\r\n                                                                                                        <a class=\"left_menu_div\" href=\"/homes/hibernate\" style=\"margin: 0;padding: 0;line-height: 40px;width: 280px;font-size: 12px;text-decoration: none;margin-left: 0;color: #0A3252;text-align: left;font-weight: bold\">\r\n                                                              <li style=\"float: left;width: 157px;margin: 0;padding: 0;list-style: none;font-weight: bold;font: bold 14px arial;text-align: left;padding-left: 3px;color: black;background: white;line-height: 25px;font-size: 12px\">\r\n                                    Hibernate                               </li>\r\n                                                           </a>\r\n                                                                                                        <a class=\"left_menu_div\" href=\"/homes/zend_framework\" style=\"margin: 0;padding: 0;line-height: 40px;width: 280px;font-size: 12px;text-decoration: none;margin-left: 0;color: #0A3252;text-align: left;font-weight: bold\">\r\n                                                              <li style=\"float: left;width: 157px;margin: 0;padding: 0;list-style: none;font-weight: bold;font: bold 14px arial;text-align: left;padding-left: 3px;color: black;background: white;line-height: 25px;font-size: 12px\">\r\n                                    Zend Framework                               </li>\r\n                                                           </a>\r\n                                                                                                        <a class=\"left_menu_div\" href=\"/homes/yii \" style=\"margin: 0;padding: 0;line-height: 40px;width: 280px;font-size: 12px;text-decoration: none;margin-left: 0;color: #0A3252;text-align: left;font-weight: bold\">\r\n                                                              <li style=\"float: left;width: 157px;margin: 0;padding: 0;list-style: none;font-weight: bold;font: bold 14px arial;text-align: left;padding-left: 3px;color: black;background: white;line-height: 25px;font-size: 12px\">\r\n                                    Yii                                </li>\r\n                                                           </a>\r\n                                                                                                        <a class=\"left_menu_div\" href=\"/homes/jquery\" style=\"margin: 0;padding: 0;line-height: 40px;width: 280px;font-size: 12px;text-decoration: none;margin-left: 0;color: #0A3252;text-align: left;font-weight: bold\">\r\n                                                              <li style=\"float: left;width: 157px;margin: 0;padding: 0;list-style: none;font-weight: bold;font: bold 14px arial;text-align: left;padding-left: 3px;color: black;background: white;line-height: 25px;font-size: 12px\">\r\n                                    Jquery                               </li>\r\n                                                           </a>\r\n                                                                                                        <a class=\"left_menu_div\" href=\"/homes/android\" style=\"margin: 0;padding: 0;line-height: 40px;width: 280px;font-size: 12px;text-decoration: none;margin-left: 0;color: #0A3252;text-align: left;font-weight: bold\">\r\n                                                              <li style=\"float: left;width: 157px;margin: 0;padding: 0;list-style: none;font-weight: bold;font: bold 14px arial;text-align: left;padding-left: 3px;color: black;background: white;line-height: 25px;font-size: 12px\">\r\n                                    Android                               </li>\r\n                                                           </a>\r\n                                                                                                        <a class=\"left_menu_div\" href=\"/homes/asp_.net m_v_c\" style=\"margin: 0;padding: 0;line-height: 40px;width: 280px;font-size: 12px;text-decoration: none;margin-left: 0;color: #0A3252;text-align: left;font-weight: bold\">\r\n                                                              <li style=\"float: left;width: 157px;margin: 0;padding: 0;list-style: none;font-weight: bold;font: bold 14px arial;text-align: left;padding-left: 3px;color: black;background: white;line-height: 25px;font-size: 12px\">\r\n                                    Asp .net M V C                               </li>\r\n                                                           </a>\r\n                                                                                                        <a class=\"left_menu_div\" href=\"/homes/sql_server\" style=\"margin: 0;padding: 0;line-height: 40px;width: 280px;font-size: 12px;text-decoration: none;margin-left: 0;color: #0A3252;text-align: left;font-weight: bold\">\r\n                                                              <li style=\"float: left;width: 157px;margin: 0;padding: 0;list-style: none;font-weight: bold;font: bold 14px arial;text-align: left;padding-left: 3px;color: black;background: white;line-height: 25px;font-size: 12px\">\r\n                                    Sql Server                               </li>\r\n                                                           </a>\r\n                                                                                                        <a class=\"left_menu_div\" href=\"/homes/mySql\" style=\"margin: 0;padding: 0;line-height: 40px;width: 280px;font-size: 12px;text-decoration: none;margin-left: 0;color: #0A3252;text-align: left;font-weight: bold\">\r\n                                                              <li style=\"float: left;width: 157px;margin: 0;padding: 0;list-style: none;font-weight: bold;font: bold 14px arial;text-align: left;padding-left: 3px;color: black;background: white;line-height: 25px;font-size: 12px\">\r\n                                    MySql                               </li>\r\n                                                           </a>\r\n                                                                                </ul></li>\r\n                                        <li id=\"top_tab16\" onmouseover=\"mopen(\'16\')\" onmouseout=\"mclose(\'16\');\" style=\"margin: 0;padding: 0;list-style: none;font-weight: bold;float: left;font: bold 14px arial;width: 124px\">\r\n                                                <a class=\"header_tab_color\" href=\"/homes/careers\" style=\"margin: 0;padding: 0;line-height: 40px;text-decoration: none;color: #EBEFF0\">\r\n                    Careers                </a>\r\n                                                                            <ul id=\"sub_tab_16\" style=\"margin: 0;padding: 0;margin-top: -1px;width: 241px;color: #ccc;line-height: 40px;display: none;border-bottom: 6px solid #07243B;float: left;z-index: 12;position: absolute;border-left: 6px solid #07243B;border-right: 6px solid #07243B\"><a class=\"left_menu_div\" href=\"/homes/careers\" style=\"margin: 0;padding: 0;line-height: 40px;width: 280px;font-size: 12px;text-decoration: none;margin-left: 0;color: #0A3252;text-align: left;font-weight: bold\">\r\n                                                              <li style=\"margin: 0;padding: 0;list-style: none;font-weight: bold;float: left;font: bold 14px arial;width: 238px;text-align: left;padding-left: 3px;color: black;background: white;line-height: 25px;font-size: 12px\">\r\n                                    Careers                               </li>\r\n                                                           </a>\r\n                                                                                                        <a class=\"left_menu_div\" href=\"/contacts/send_your_resume\" style=\"margin: 0;padding: 0;line-height: 40px;width: 280px;font-size: 12px;text-decoration: none;margin-left: 0;color: #0A3252;text-align: left;font-weight: bold\">\r\n                                 <li style=\"margin: 0;padding: 0;list-style: none;font-weight: bold;float: left;font: bold 14px arial;width: 238px;text-align: left;padding-left: 3px;color: black;background: white;line-height: 25px;font-size: 12px\">\r\n                                    Send Your Resume                                 </li>\r\n                            </a>\r\n                                                                                </ul></li>\r\n                                        <li id=\"top_tab15\" onmouseover=\"mopen(\'15\')\" onmouseout=\"mclose(\'15\');\" style=\"margin: 0;padding: 0;list-style: none;font-weight: bold;float: left;font: bold 14px arial;width: 124px\">\r\n                                                <a class=\"header_tab_color\" href=\"/contacts/contact_us\" style=\"margin: 0;padding: 0;line-height: 40px;text-decoration: none;color: #EBEFF0\">\r\n                    Contact Us                </a>\r\n                                                                            <ul id=\"sub_tab_15\" style=\"margin: 0;padding: 0;margin-top: -1px;width: 241px;color: #ccc;line-height: 40px;display: none;border-bottom: 6px solid #07243B;float: left;z-index: 12;position: absolute;border-left: 6px solid #07243B;border-right: 6px solid #07243B\"><a class=\"left_menu_div\" href=\"/contacts/contact_us\" style=\"margin: 0;padding: 0;line-height: 40px;width: 280px;font-size: 12px;text-decoration: none;margin-left: 0;color: #0A3252;text-align: left;font-weight: bold\">\r\n                                 <li style=\"margin: 0;padding: 0;list-style: none;font-weight: bold;float: left;font: bold 14px arial;width: 238px;text-align: left;padding-left: 3px;color: black;background: white;line-height: 25px;font-size: 12px\">\r\n                                    Contact Us                                 </li>\r\n                            </a>\r\n                                                                                                        <a class=\"left_menu_div\" href=\"/homes/offices\" style=\"margin: 0;padding: 0;line-height: 40px;width: 280px;font-size: 12px;text-decoration: none;margin-left: 0;color: #0A3252;text-align: left;font-weight: bold\">\r\n                                                              <li style=\"margin: 0;padding: 0;list-style: none;font-weight: bold;float: left;font: bold 14px arial;width: 238px;text-align: left;padding-left: 3px;color: black;background: white;line-height: 25px;font-size: 12px\">\r\n                                    Offices                               </li>\r\n                                                           </a>\r\n                                                                                </ul></li>\r\n                    </ul><div class=\"clear_both\" style=\"margin: 0;padding: 0;clear: both;height: 0;line-height: 0;font-size: 0\"/>\r\n</div>\r\n    </div>\r\n    <div class=\"siteHeightSeparation tab_bottom_line\" style=\"margin: 0;padding: 0\"> </div>\r\n    <div align=\"center\" style=\"margin: 0;padding: 0\">\r\n                <div class=\"site_width\" style=\"margin: 0;padding: 0\">\r\n<div style=\"margin: 0;padding: 0\"><div class=\"home_image_box\" style=\"margin: 0;padding: 0\">\r\n    <div id=\"main\" style=\"margin: 0;padding: 0;margin-left: 5px;text-align: center;width: 1000px;position: relative\">\r\n        <div id=\"gallery\" style=\"margin: 0;padding: 0;border: 1px solid white;width: 1000px;overflow: hidden\">\r\n            <div id=\"slides\" style=\"margin: 0;padding: 0;height: 355px;width: 100%;overflow: hidden\">\r\n                <div class=\"slide\" style=\"margin: 0;padding: 0;float: left;width: 995px\">\r\n                    <img src=\"/theme/theme2/img/slider1/team.png\" option=\"\" alt=\"\" style=\"margin: 0;padding: 0\"/></div>\r\n                <div class=\"slide\" style=\"margin: 0;padding: 0;float: left;width: 995px\">\r\n                    <img src=\"/theme/theme2/img/slider1/idea1.png\" option=\"\" alt=\"\" style=\"margin: 0;padding: 0\"/></div>\r\n                <div class=\"slide\" style=\"margin: 0;padding: 0;float: left;width: 995px\">\r\n                    <img src=\"/theme/theme2/img/slider1/design1.png\" option=\"\" alt=\"\" style=\"margin: 0;padding: 0\"/></div>\r\n                <div class=\"slide\" style=\"margin: 0;padding: 0;float: left;width: 995px\">\r\n                    <img src=\"/theme/theme2/img/slider1/development_soarlogic1.png\" option=\"\" alt=\"\" style=\"margin: 0;padding: 0\"/></div>\r\n                <div class=\"slide\" style=\"margin: 0;padding: 0;float: left;width: 995px\">\r\n                    <img src=\"/theme/theme2/img/slider1/costumer.png\" option=\"\" alt=\"\" style=\"margin: 0;padding: 0\"/></div>\r\n                <div class=\"clear_both\" style=\"margin: 0;padding: 0;clear: both;height: 0;line-height: 0;font-size: 0\"/>\r\n            </div>\r\n            <div id=\"menu\" class=\"small_slide_image\" style=\"margin: 0;padding: 0;background: -o-linear-gradient(#E1E1E1, #F4F4F4);-webkit-border-radius: 4px;-moz-border-radius: 4px;border-radius: 4px;zoom: 1;width: 100%\">\r\n                <ul style=\"margin: 0;padding: 0\"><li class=\"menuItem\" style=\"margin: 0;padding: 0;border-right: solid 2px #FFF;width: 60px;display: inline-block;list-style: none;height: 45px;overflow: hidden\">\r\n                        <a href=\"#\" style=\"margin: 0;padding: 0;outline: none;border: none;display: block;height: 35px;padding-top: 10px\">\r\n                    <img src=\"/theme/theme2/img/mobanz_small_home/soarlogic_team.png\" option=\"\" alt=\"\" style=\"margin: 0;padding: 0;outline: none;border: none;vertical-align: middle\"/></a>\r\n                    </li>\r\n                    <li class=\"menuItem\" style=\"margin: 0;padding: 0;border-right: solid 2px #FFF;width: 60px;display: inline-block;list-style: none;height: 45px;overflow: hidden\">\r\n                        <a href=\"#\" style=\"margin: 0;padding: 0;outline: none;border: none;display: block;height: 35px;padding-top: 10px\">\r\n                    <img src=\"/theme/theme2/img/mobanz_small_home/development_tourn_things_sit_5.png\" option=\"\" alt=\"\" style=\"margin: 0;padding: 0;outline: none;border: none;vertical-align: middle\"/></a>\r\n                    </li>\r\n                    <li class=\"menuItem\" style=\"margin: 0;padding: 0;border-right: solid 2px #FFF;width: 60px;display: inline-block;list-style: none;height: 45px;overflow: hidden\">\r\n                        <a href=\"#\" style=\"margin: 0;padding: 0;outline: none;border: none;display: block;height: 35px;padding-top: 10px\">\r\n                    <img src=\"/theme/theme2/img/mobanz_small_home/thought_soarlogic.png\" option=\"\" alt=\"\" style=\"margin: 0;padding: 0;outline: none;border: none;vertical-align: middle\"/></a>\r\n                    </li>\r\n                    <li class=\"menuItem\" style=\"margin: 0;padding: 0;border-right: solid 2px #FFF;width: 60px;display: inline-block;list-style: none;height: 45px;overflow: hidden\">\r\n                        <a href=\"#\" style=\"margin: 0;padding: 0;outline: none;border: none;display: block;height: 35px;padding-top: 10px\">\r\n                    <img src=\"/theme/theme2/img/mobanz_small_home/soarlogic_process_for_development.png\" option=\"\" alt=\"\" style=\"margin: 0;padding: 0;outline: none;border: none;vertical-align: middle\"/></a>\r\n                    </li>\r\n                    <li style=\"margin: 0;padding: 0;width: 60px;display: inline-block;list-style: none;height: 45px;overflow: hidden\">\r\n                        <a href=\"#\" style=\"margin: 0;padding: 0;outline: none;border: none;display: block;height: 35px;padding-top: 10px\">\r\n                    <img src=\"/theme/theme2/img/mobanz_small_home/build_relation_with_customer.png\" option=\"\" alt=\"\" style=\"margin: 0;padding: 0;outline: none;border: none;vertical-align: middle\"/></a>\r\n                    </li>\r\n                </ul></div>\r\n        </div>\r\n    </div>\r\n    <div class=\"site_height_separation clear\" style=\"margin: 0;padding: 0;height: 15px\"/>\r\n</div>\r\n</div>\r\n<!--  div start -->\r\n<div class=\"small_boxes\" style=\"margin: 0;padding: 0;width: 1000px;align: center;margin-left: 7px\">\r\n        <!-- start home box 1 -->\r\n        <div class=\"home_small_box\" id=\"pop_up_1\" name=\"pop_1\" onmouseover=\"open_pop_up(1);\" style=\"margin: 0;padding: 0;width: 317px;height: 100px;float: left;border: solid 2px #E6E6E6;background: -webkit-gradient(linear, left top, left bottom, from(#FFF), to(#E6E6E6))\">\r\n    <div class=\"image_box_new\" style=\"margin: 0;padding: 0;width: 100px;height: 71px;float: left\">\r\n        <img src=\"/theme/theme2/img/footer/soarlogic_small1.png\" class=\"soarlogic_image\" alt=\"\" style=\"margin: 0;padding: 0;margin-top: 1px;width: 99px;height: 98px\"/></div>\r\n    <div style=\"margin: 0;padding: 0\"><h3 class=\"bottom_heading\" style=\"margin: 0;padding: 0;font-size: 19px;font-family: gorgio;text-align: left;font-weight: bold;color: #07243B\">What we follow at Soarlogic</h3></div>\r\n    <div class=\"bottom_tab_link\" style=\"margin: 0;padding: 0;font-size: 12px;font-family: aril, helventica, sans-serif;text-decoration: none;margin-left: 5px;text-align: left;margin-top: 5px\">Primary concern,satisfied the customer</div>\r\n    <div class=\"clear_both\" style=\"margin: 0;padding: 0;clear: both;height: 0;line-height: 0;font-size: 0\"/>\r\n    <div class=\"image_box_bottom\" style=\"margin: -3px 3px 0 3px;padding: 0;float: right\">\r\n        <img src=\"/theme/theme2/img/box_img.png\" controller=\"homes\" action=\"about_us\" alt=\"\" style=\"margin: 0;padding: 0\"/></div>\r\n    <div id=\"pop_up_box_1\" class=\"pop_up_block_1\" style=\"margin: 0;padding: 5px;display: none;position: absolute;height: 300px;border: 5px solid #ddd;z-index: 99999;-webkit-box-shadow: 0 0 5px #000;-moz-box-shadow: 0 0 5px #000;box-shadow: 0 0 5px #000;-webkit-border-radius: 10px;-moz-border-radius: 10px;border-radius: 10px;width: 300px;background: -webkit-gradient(linear, left top, left bottom, from(#FFF), to(#E6E6E6))\"><div class=\"box_height\" style=\"margin: 0;padding: 0;height: 5px\"/>\r\n<div style=\"margin: 0;padding: 0\"><h1 class=\"bottom_heading\" style=\"margin: 0;padding: 0;font-size: 19px;font-family: gorgio;text-align: left;font-weight: bold;color: #07243B\">What we follow at Soarlogic</h1></div>\r\n<div class=\"box_first\" style=\"margin: 0;padding: 0;height: 10px\"/>\r\n<div class=\"bottom_tab_link\" style=\"margin: 0;padding: 0;font-size: 12px;font-family: aril, helventica, sans-serif;text-decoration: none;margin-left: 5px;text-align: left;margin-top: 5px\">\r\n    <h4 class=\"h1_class_home\" style=\"margin: 0;padding: 0;font-size: 14px;line-height: 12px\">To create something new for the world.</h4><br style=\"margin: 0;padding: 0\"/><h1 class=\"h1_class_home\" style=\"margin: 0;padding: 0;font-size: 14px;line-height: 12px\">Our values serve as a compass for our actions</h1><br style=\"margin: 0;padding: 0\"/><h1 class=\"h1_class_home\" style=\"margin: 0;padding: 0;font-size: 14px;line-height: 12px\">The courage is shape a better future</h1><br style=\"margin: 0;padding: 0\"/><h1 class=\"h1_class_home\" style=\"margin: 0;padding: 0;font-size: 14px;line-height: 12px\">Leverage collective genius</h1><br style=\"margin: 0;padding: 0\"/><h1 class=\"h1_class_home\" style=\"margin: 0;padding: 0;font-size: 14px;line-height: 12px\">Be real</h1><br style=\"margin: 0;padding: 0\"/><h1 class=\"h1_class_home\" style=\"margin: 0;padding: 0;font-size: 14px;line-height: 12px\">If it is to be, it\'s up to us</h1><br style=\"margin: 0;padding: 0\"/><h1 class=\"h1_class_home\" style=\"margin: 0;padding: 0;font-size: 14px;line-height: 12px\">Committed in heart and mind</h1><br style=\"margin: 0;padding: 0\"/><h1 class=\"h1_class_home\" style=\"margin: 0;padding: 0;font-size: 14px;line-height: 12px\">What we do, we do well</h1><br style=\"margin: 0;padding: 0\"/></div>\r\n<div class=\"image_box_bottom_3 image_top\" style=\"margin: 16px 3px 0 0;padding: 0;float: right;width: 29px;height: 29px;margin-top: -7px\">\r\n    <a href=\"/homes/about_us\" style=\"margin: 0;padding: 0\"><img src=\"/theme/theme2/img/box_img.png\" option=\"\" alt=\"\" style=\"margin: 0;padding: 0;border: none;outline: none;vertical-align: middle\"/></a></div></div>\r\n</div>\r\n        <!-- end home box 1 -->\r\n        <div class=\"siteWidthSeparation\" style=\"margin: 0;padding: 0;float: left;width: 18px\"> </div>\r\n        <div class=\"home_small_box\" id=\"pop_up_2\" onmouseover=\"open_pop_up(2);\" style=\"margin: 0;padding: 0;width: 317px;height: 100px;float: left;border: solid 2px #E6E6E6;background: -webkit-gradient(linear, left top, left bottom, from(#FFF), to(#E6E6E6))\">\r\n    <div class=\"image_box_new\" style=\"margin: 0;padding: 0;width: 100px;height: 71px;float: left\">\r\n       <img src=\"/theme/theme2/img/../img/footer/latest.png\" class=\"soarlogic_image\" alt=\"\" style=\"margin: 0;padding: 0;margin-top: 1px;width: 99px;height: 98px\"/></div>\r\n    <div style=\"margin: 0;padding: 0\"><h3 class=\"bottom_heading\" style=\"margin: 0;padding: 0;font-size: 19px;font-family: gorgio;text-align: left;font-weight: bold;color: #07243B\">Latest We Are Doing at Soarlogic</h3></div>\r\n    <div class=\"bottom_tab_link\" style=\"margin: 0;padding: 0;font-size: 12px;font-family: aril, helventica, sans-serif;text-decoration: none;margin-left: 5px;text-align: left;margin-top: 5px\">Doing according to current market need</div>\r\n    <div class=\"clear\" style=\"margin: 0;padding: 0\"/>\r\n    <div class=\"image_box_bottom\" style=\"margin: -3px 3px 0 3px;padding: 0;float: right\">\r\n       <img src=\"/theme/theme2/img/../img/box_img.png\" border=\"none\" alt=\"soarlogic_box_image\" style=\"margin: 0;padding: 0\"/></div>\r\n    <div id=\"pop_up_box_2\" class=\"pop_up_block_2\" style=\"margin: 0;padding: 5px;display: none;position: absolute;height: 300px;border: 5px solid #ddd;z-index: 99999;-webkit-box-shadow: 0 0 5px #000;-moz-box-shadow: 0 0 5px #000;box-shadow: 0 0 5px #000;-webkit-border-radius: 10px;-moz-border-radius: 10px;border-radius: 10px;width: 300px;background: -webkit-gradient(linear, left top, left bottom, from(#FFF), to(#E6E6E6))\">\r\n       <div class=\"image_box_new\" style=\"margin: 0;padding: 0;width: 100px;height: 71px;float: left\">\r\n    <a href=\"&#10;    http://www.studywallet.com/\" target=\"_blank\" style=\"margin: 0;padding: 0\">\r\n    <img src=\"/theme/theme2/img/../img/client/header_logo.png\" border=\"none\" alt=\"Soarlogic Header Logo\" style=\"margin: 0;padding: 0;border: none;outline: none;vertical-align: middle\"/></a>\r\n</div>\r\n<div class=\"bottom_heading box_second\" style=\"margin: 0;padding: 0;font-size: 30px;font-family: gorgio;text-align: left;font-weight: bold;color: #07243B;float: left\"> </div>\r\n<div class=\"clear_both\" style=\"margin: 0;padding: 0;clear: both;height: 0;line-height: 0;font-size: 0\"/>\r\n<div class=\"top_bottom\" style=\"margin: 0;padding: 0;text-align: left;margin-top: 4px;margin-bottom: 4px\">\r\n Leverage collective genius StudyWallet is a community that aspires to provide high quality service to its members\r\n</div>\r\n<div class=\"image_box_new\" style=\"margin: 0;padding: 0;width: 100px;height: 71px;float: left\">\r\n    <a href=\"http://www.sollywood.tv\" target=\"_blank\" style=\"margin: 0;padding: 0\">\r\n    <img src=\"/theme/theme2/img/../img/client/sollywood_logo-soarlogic.png\" url=\"\" border=\"none\" alt=\"Sollywood Soarlogic Logo\" style=\"margin: 0;padding: 0;border: none;outline: none;vertical-align: middle\"/></a>\r\n</div>\r\n<div class=\"bottom_heading box_second\" style=\"margin: 0;padding: 0;font-size: 30px;font-family: gorgio;text-align: left;font-weight: bold;color: #07243B;float: left\"> </div>\r\n<div class=\"clear_both\" style=\"margin: 0;padding: 0;clear: both;height: 0;line-height: 0;font-size: 0\"/>\r\n<div class=\"top_margin\" style=\"margin: 0;padding: 0;text-align: left;margin-top: 20px\">\r\n  Sollywood TV we are aiming to solve the Biggest problems facing the Entertainment Industry.\r\n</div>\r\n\r\n       <div class=\"image_box_bottom_3\" style=\"margin: 16px 3px 0 0;padding: 0;float: right;width: 29px;height: 29px\">\r\n       <a href=\"/clients/clients\" style=\"margin: 0;padding: 0\"><img src=\"/theme/theme2/img/../img/box_img.png\" option=\"\" alt=\"\" style=\"margin: 0;padding: 0;border: none;outline: none;vertical-align: middle\"/></a>       </div>\r\n    </div>\r\n</div>        <!-- third box -->\r\n        <div class=\"siteWidthSeparation\" style=\"margin: 0;padding: 0;float: left;width: 18px\"> </div>\r\n        <div class=\"home_small_box\" id=\"pop_up_3\" name=\"pop_3\" onmousemove=\"open_pop_up(3);\" style=\"margin: 0;padding: 0;width: 317px;height: 100px;float: left;border: solid 2px #E6E6E6;background: -webkit-gradient(linear, left top, left bottom, from(#FFF), to(#E6E6E6))\">\r\n    <div class=\"image_box_new\" style=\"margin: 0;padding: 0;width: 100px;height: 71px;float: left\">\r\n        <img src=\"/theme/theme2/img/../img/footer/dpt.png\" border=\"none\" class=\"soarlogic_image\" alt=\"\" style=\"margin: 0;padding: 0;margin-top: 1px;width: 99px;height: 98px\"/></div>\r\n    <div style=\"margin: 0;padding: 0\"><h3 class=\"bottom_heading\" style=\"margin: 0;padding: 0;font-size: 19px;font-family: gorgio;text-align: left;font-weight: bold;color: #07243B\">Development Process and Technology</h3></div>\r\n    <div class=\"bottom_tab_link_3\" style=\"margin: 0;padding: 0;font-size: 12px;font-family: aril, helventica, sans-serif;text-decoration: none;margin-left: 5px;text-align: left;margin-top: -4px\">A Agile Methodology, perfect match for offshore</div>\r\n    <div class=\"clear\" style=\"margin: 0;padding: 0\"/>\r\n    <div class=\"image_box_bottom\" style=\"margin: -3px 3px 0 3px;padding: 0;float: right\">\r\n        <img src=\"/theme/theme2/img/../img/box_img.png\" border=\"none\" alt=\"soarlogic_box_image\" style=\"margin: 0;padding: 0\"/></div>\r\n    <div id=\"pop_up_box_3\" class=\"pop_up_block_3\" style=\"margin: 0;padding: 5px;display: none;position: absolute;height: 300px;border: 5px solid #ddd;z-index: 99999;-webkit-box-shadow: 0 0 5px #000;-moz-box-shadow: 0 0 5px #000;box-shadow: 0 0 5px #000;-webkit-border-radius: 10px;-moz-border-radius: 10px;border-radius: 10px;width: 300px;background: -webkit-gradient(linear, left top, left bottom, from(#FFF), to(#E6E6E6))\">\r\n        <div class=\"pop_up_link\" style=\"margin: 0;padding: 0;height: 80px;font-size: 12px;color: #494949;font-weight: bold;text-decoration: none;line-height: 30px;text-align: left\">\r\n    <div class=\"home_tech\" style=\"margin: 0;padding: 0;font-size: 14px;font-family: helventica, sen, serif\"><h1 class=\"techSize\" style=\"margin: 0;padding: 0;float: left;font-size: 26px;font-weight: bold\">Process &amp; Technology Collection </h1></div>\r\n    <div class=\"pop_up_image_box\" style=\"margin: 4px 4px 4px 4px;padding: 0;float: left;height: 90px;width: 90px\">\r\n    <img src=\"/img/../files/sub_tab_image/32/soarlogic_agile.png\" class=\"logo_image_for_home_box\" target=\"_blank\" alt=\"Soarlogic Agile\" style=\"margin: 10px 5px 5px 10px;padding: 0;height: 80px;width: 80px;float: left\"/></div>\r\n    <div class=\"pop_up_image_box\" style=\"margin: 4px 4px 4px 4px;padding: 0;float: left;height: 90px;width: 90px\">\r\n    <img src=\"/img/../files/sub_tab_image/33/soarlogic_cakephp.png\" class=\"logo_image_for_home_box\" target=\"_blank\" alt=\"Soarlogic Cakephp\" style=\"margin: 10px 5px 5px 10px;padding: 0;height: 80px;width: 80px;float: left\"/></div>\r\n    <div class=\"pop_up_image_box\" style=\"margin: 4px 4px 4px 4px;padding: 0;float: left;height: 90px;width: 90px\">\r\n    <img src=\"/img/../files/sub_tab_image/36/soarlogic_wordpress.png\" class=\"logo_image_for_home_box\" target=\"_blank\" alt=\"Soarlogic Wordpress\" style=\"margin: 10px 5px 5px 10px;padding: 0;height: 80px;width: 80px;float: left\"/></div>\r\n    <div class=\"pop_up_image_box\" style=\"margin: 4px 4px 4px 4px;padding: 0;float: left;height: 90px;width: 90px\">\r\n    <img src=\"/img/../files/sub_tab_image/37/soarlogic_magento.png\" class=\"logo_image_for_home_box\" target=\"_blank\" alt=\"Soarlogic Magento\" style=\"margin: 10px 5px 5px 10px;padding: 0;height: 80px;width: 80px;float: left\"/></div>\r\n    <div class=\"pop_up_image_box\" style=\"margin: 4px 4px 4px 4px;padding: 0;float: left;height: 90px;width: 90px\">\r\n    <img src=\"/img/../files/sub_tab_image/40/soarlogic_html_5_services.png\" class=\"logo_image_for_home_box\" target=\"_blank\" alt=\"Soarlogic Html 5 Services\" style=\"margin: 10px 5px 5px 10px;padding: 0;height: 80px;width: 80px;float: left\"/></div>\r\n    <div class=\"pop_up_image_box\" style=\"margin: 4px 4px 4px 4px;padding: 0;float: left;height: 90px;width: 90px\">\r\n    <img src=\"/img/../files/sub_tab_image/42/soarlogic_j2ee.png\" class=\"logo_image_for_home_box\" target=\"_blank\" alt=\"Soarlogic J2ee\" style=\"margin: 10px 5px 5px 10px;padding: 0;height: 80px;width: 80px;float: left\"/></div>\r\n    <div class=\"clear\" style=\"margin: 0;padding: 0\"/>\r\n</div>\r\n        <div class=\"image_box_bottom_3 homeTop\" style=\"margin: 16px 3px 0 0;padding: 0;float: right;width: 29px;height: 29px;margin-top: 14px\">\r\n        <a href=\"/homes/technology\" style=\"margin: 0;padding: 0\"><img src=\"/theme/theme2/img/../img/box_img.png\" option=\"\" alt=\"\" style=\"margin: 0;padding: 0;border: none;outline: none;vertical-align: middle\"/></a>        </div>\r\n    </div>\r\n</div>        <div class=\"clear_both\" style=\"margin: 0;padding: 0;clear: both;height: 0;line-height: 0;font-size: 0\"/>\r\n    </div>\r\n</div>\r\n<script type=\"text/javascript\">\r\n    jQuery(\"#top_tab1\").addClass(\"selected\");\r\n    jQuery(\"#top_tab1\").addClass(\"active\");\r\n// ]]></script>\r\n<div class=\"siteHeightSeparation\" style=\"margin: 0; padding: 0;\">&nbsp;</div>\r\n<div id=\"footer\" class=\"footer_outer\" style=\"margin: 0; padding: 0; background: -o-linear-gradient(#31506B, #07243B);\" align=\"center\">\r\n<div class=\"footer_outer\" style=\"margin: 0; padding: 0; background: -o-linear-gradient(#31506B, #07243B);\">\r\n<div class=\"footer_inner\" style=\"margin: 0; padding: 0; width: 1024px; margin-right: 54px;\">\r\n<div class=\"footer_link\" style=\"margin: 0; padding: 0; padding-top: 20px; color: #fff; text-align: center; text-decoration: none;\"><a class=\"footer_static_link\" style=\"margin: 0; padding: 0; width: 100px; color: #fff; text-align: center; text-decoration: none;\" href=\"../../../../../homes/privacy_policy\">Privacy Policy</a> <span class=\"sep_rate\" style=\"margin: 0; padding: 0; color: #fff;\">|</span> <a class=\"footer_static_link\" style=\"margin: 0; padding: 0; width: 100px; color: #fff; text-align: center; text-decoration: none;\" href=\"../../../../../homes/terms_of_services\">Terms of Services</a> <span class=\"sep_rate\" style=\"margin: 0; padding: 0; color: #fff;\">|</span> <a class=\"footer_static_link\" style=\"margin: 0; padding: 0; width: 100px; color: #fff; text-align: center; text-decoration: none;\" href=\"../../../../../homes/careers\">Careers</a> <span class=\"sep_rate\" style=\"margin: 0; padding: 0; color: #fff;\">|</span> <a class=\"footer_static_link\" style=\"margin: 0; padding: 0; width: 100px; color: #fff; text-align: center; text-decoration: none;\" href=\"../../../../../homes/about_us\">About Us</a> <span class=\"sep_rate\" style=\"margin: 0; padding: 0; color: #fff;\">|</span> <a class=\"footer_static_link\" style=\"margin: 0; padding: 0; width: 100px; color: #fff; text-align: center; text-decoration: none;\" href=\"../../../../../contacts/contact_us\">Contact Us</a> <span class=\"sep_rate\" style=\"margin: 0; padding: 0; color: #fff;\">|</span> <a class=\"footer_static_link\" style=\"margin: 0; padding: 0; width: 100px; color: #fff; text-align: center; text-decoration: none;\" href=\"../../../../../homes/site_map\">Site Map</a></div>\r\n<div class=\"copy_right\" style=\"margin: 0; padding: 0; padding-top: 8px; color: #fff; font-family: arial, helvetica, sans-serif;\">&copy; 2008-2013 www.soarlogic.com. All rights reserved.</div>\r\n<div class=\"face_book_links\" style=\"margin: 0; padding: 0; width: 895px; height: 30px;\">&nbsp;</div>\r\n</div>\r\n</div>\r\n<script type=\"text/javascript\">// <![CDATA[\r\n    var _gaq = _gaq || [];\r\n    _gaq.push([\'_setAccount\', \'UA-6255184-1\']);\r\n    _gaq.push([\'_trackPageview\']);\r\n\r\n    (function() {\r\n        var ga = document.createElement(\'script\');\r\n        ga.type = \'text/javascript\';\r\n        ga.async = true;\r\n        ga.src = (\'https:\' == document.location.protocol ? \'https://ssl\' : \'http://www\') + \'.google-analytics.com/ga.js\';\r\n        var s = document.getElementsByTagName(\'script\')[0];\r\n        s.parentNode.insertBefore(ga, s);\r\n    })();\r\n// ]]></script>\r\n</div>',NULL,'LocalBusiness',19,326),
(9,'hjkhk','body{background:#555555;margin:0%; padding:0%;}\r\n#header-content{margin:0%; padding:2%; background-color:#dddddd; height:50px;}\r\n#main-content{margin:0% auto; padding:2%; background-color:#eeeeee;}\r\n#inner-content{height:auto}\r\n#footer-content{clear: both; margin:0%; padding:2%;background-color:#dddddd; height:70px}\r\nh2{margin:0% 0% 2% 0%;padding:0%}\r\n\r\n',NULL,'LocalBusiness',19,326),
(10,'html.index','<html xmlns=\"http://www.w3.org/1999/xhtml\">\r\n<head>\r\n    <meta http-equiv=\"Content-Type\" content=\"text/html; charset=utf-8\" />\r\n    <meta name=\"viewport\" content=\"width=device-width, initial-scale=1, maximum-scale=1\">\r\n    <title>Fluid Responsive Template</title>\r\n    \r\n\r\n<link rel=\"stylesheet\" href=\"style.css\" />   \r\n  \r\n<link rel=\"stylesheet\" media=\"screen and (min-device-width: 1440px)\" href=\"desktop.css\" /> \r\n\r\n<link rel=\'stylesheet\' media=\'screen and (min-width: 800px) and (max-width: 1440px)\' href=\'medium-style.css\' />\r\n\r\n<link rel=\'stylesheet\' media=\'screen and (min-width: 100px) and (max-width: 799px)\' href=\'mobile-style.css\' />\r\n \r\n \r\n</head>\r\n<body>\r\n<div id=\"wrapper\">\r\n    <div id=\"header-content\"><h2>Your Responsive Template</h2></div>\r\n\r\n    <div id=\"main-content\">\r\n        \r\n        <div id=\"inner-content\">\r\n        <h1>Suspendisse commodo purus aliquam mi</h1>\r\n        <p>Donec sed urna lectus, vel viverra tellus. Nullam molestie tortor eu erat aliquet fermentum. Suspendisse commodo purus aliquam mi tempor pulvinar.  Pellentesque bibendum suscipit dui, id vehicula leo aliquet at. Duis sem diam, pharetra sed posuere sed, iaculis vitae leo.</p> \r\n         \r\n        <div class=\"box\"><h2>Pellentesque bibendum</h2><img class=\"image-box\" src=\"https://www.google.com/images/srpr/logo4w.png\" />Curabitur pulvinar odio ut magna aliquet consequat. Etiam id euismod justo. Praesent vel lectus ipsum, ac placerat urna. Quisque a leo nibh.  Curabitur bibendum accumsan orci eget euismod. Pellentesque mattis gravida imperdiet.</div>  \r\n        <div class=\"box\"><h2>Donec sed urna lectus</h2><img class=\"image-box\" src=\"https://www.google.com/images/srpr/logo4w.png\" />Vestibulum luctus augue at arcu eleifend ac convallis massa bibendum. Proin ut odio quam, eu feugiat risus. Curabitur bibendum accumsan orci eget euismod. Aliquam porttitor faucibus orci, vitae semper dui varius eu.</div> \r\n        <div class=\"box\"><h2>Proin ut odio quam</h2><img class=\"image-box\" src=\"https://www.google.com/images/srpr/logo4w.png\" />Vivamus ut enim eu leo euismod semper. Cras sagittis auctor ante, sagittis scelerisque diam iaculis at. Pellentesque mattis gravida imperdiet. Praesent vestibulum volutpat vestibulum. </div> \r\n        <div class=\"box\"><h2>Vestibulum luctus elementum</h2><img class=\"image-box\" src=\"https://www.google.com/images/srpr/logo4w.png\" />Quisque eget leo eget magna ultrices tincidunt. Vestibulum luctus elementum sollicitudin. Sed at mi sit amet nisl semper tincidunt non in lorem. Donec semper commodo interdum.</div> \r\n        \r\n        <br style=\"clear:both\" />\r\n        </div>    \r\n        \r\n    </div>\r\n    <div id=\"footer-content\">Copyright &copy; 2013 | My Responsive Web Template</div>\r\n</div>\r\n</body>\r\n',NULL,'LocalBusiness',19,326),
(11,'dynmo','dhfhgjhdfgkadgfad',NULL,'LocalBusiness',NULL,326),
(12,'dynmo','kfhaksdjhfkjadhfkjadlfa',NULL,'RealEstates',NULL,152),
(15,'LLKJJLKJLK','KLJLKJLKJLKJLK',NULL,'RealEstates',NULL,152),
(16,'kldfjldkfjalkdkjfla','Date=21/12/13\r\n{\r\nhttp://quiz.thewtour.com/ara/homes\r\n//quiz.thewtour.com/en/homes\r\nsoarblueprint.db.3924111.hostedresource.com\r\nUser (DB): soarblueprint\r\nPassword: beAr#81j\r\nhttp://ckeditor.com/ \r\n}\r\n\r\n\r\n\r\nhttp://mybuy4u.thewtour.com/\r\n[3:54:56 PM] Rajesh Gaurav: url of new mybuy4u test server\r\n[3:55:04 PM] Rajesh Gaurav: email all details also\r\n[3:55:27 PM] Rajesh Gaurav: to me / Ankit only\r\n[3:57:29 PM] Rajesh Gaurav: Anil too\r\n[3:58:06 PM] Rajesh Gaurav: FTP\r\nthewtour.com/mybuy4u/Soar#123\r\n\r\n\r\n\r\n\r\n\r\n\r\nDear,\r\n\r\nPlease client want a website similar to this.\r\n\r\nEmployment agency website, since client is in the same business as this.\r\n\r\n3 types of users; Admin, Employer and a temporary worker.\r\n\r\nBoth should be able to upload files, such as copy of passport, CV and supporting letters to application.\r\n\r\nThe job board is going to be the same, everything is the same as this website http://www.fieldrecruitment.co.uk\r\n\r\nSo please do your best and get this done.\r\n\r\napi sms\'dddd96a007f2c4771def4ac7ea4c8760e219beda\'\r\n\r\nhttp://www.fieldrecruitment.co.uk/\r\nhttp://ftp.us.dell.com/monitors/Dell_SX2210-Monitor_Webcam%20SW%20RC1.1_%20R230103.exe\r\nprojectmanagement password=4AoFjxgr8K\r\n\r\n\r\n\r\nhttps://apps.facebook.com/mobilewallet?invitedby=100000250338168\r\n\r\n\r\nhttps://docs.google.com/forms/d/1a2G-XrujoIM0C9znBV8S85Gd9VA2k-S62sDbYwu3pzE/viewform\r\n\r\n\r\n<div class=\"sale_checkbox\">\r\n                <div class=\"credit_label\">\r\n                    <input type=\"checkbox\" name=\"c1\" onclick=\"showMe(\'div1\')\">yes</input>\r\n                    <?php $options = array(\'0\' => \'Yes\');echo $this->Form->input(\' \', array(\'name\'=>\"c1\",\'type\' => \'select\', \'multiple\' => \'checkbox\', \'options\' => $options,\'onclick\'=>\"showMe(\'div1\')\"));?>\r\n                </div>\r\n                <div class=\"credit_label\">\r\n                    <?php $options = array(\'0\' => \'No\');echo $this->Form->input(\' \', array(\'type\' => \'select\', \'multiple\' => \'checkbox\', \'options\' => $options));?>\r\n                </div>\r\n            </div>\r\n\r\n\r\n\r\n\r\n\r\n\r\n\r\n\r\n<div class=\'parentDiv\'>\r\n                                <div class=\"loop\">\r\n                                    <input type=\"file\" value=\"first name\"/>\r\n                                </div>\r\n                            </div>\r\n                            <button class=\"\" id=\'add\' onclick=\'addPerson()\'>Add person</button>\r\n\r\n\r\n\r\nfunction addPerson() {\r\n\r\n        if ($(\'div.loop\').length < 5) {\r\n\r\n            var clonedDiv = $($(\'div.loop\')[0]).clone().appendTo(\'.parentDiv\');\r\n\r\n            clonedDiv.find(\'input\').each(function() {\r\n                $(this).attr(\'name\', $(this).val() + $(\'div.loop\').length);\r\n            });\r\n\r\n        }\r\n\r\n    }',NULL,'RealEstates',NULL,152);
insert into `template` values 
(17,'hjgkjhgkjhgk','\Z\0\0\0\0\0\0\0\0\0\0\0\0\0\0\0\0>\0\0	\0\0\0\0\0\0\0\0\0\0\0\0\0\0\0n\0\0\0\0\0\0\0\0\0\0p\0\0\0\0\0\0\0\0\0\0m\0\0\0\0[	\0\0\0\0\0\0\0\0\0\0\0\0\0\0\0\"\0\0\0bjbj\0\0\0\0\0\0\0\0\0\0\0\0\0\0\0\0\0\0	\07V\0\0\0\0\Z\0\0\0\0\0\0\0\0\0\0\0\0\0\0\0\0\0\0\0\0\0\0\0\0\0\0\0\0\0\0\0\0\0\0\0\0\0\0\0\0\0\0\0\0\0\0\0\0\0\0\0\0\0\0\0\0\0\0\0\0\0\0\0\0\0\0\0\0\0\0H\0\0\0\0\0\0H\0\0$\0\0\0\0\0\0$\0\0\0\0\0\0$\0\0\0\0\0\0$\0\0\0\0\0\0$\0\0\0\0\0\0\0\0\0\0\0\0\0\0\0\0\0$\0\0\0\0\0\0$\0\0\0\0\0\0$\0\0\0\0\0\0$\0\0\0\0\0#%\0\0L\0\0\0$\0\0\0\0\0\0J\0\0\n\0\0o%\0\0L\0\0\0%\0\0\0\0\0\0%\0\0\0\0\0\0%\0\0\0\0\0\0%\0\0\0\0\0\0\"\'\0\0\0\0\0\0\"\'\0\0\0\0\0\0\"\'\0\0\0\0\0\0;J\0\0\0\0\0=J\0\0\0\0\0\0=J\0\0\0\0\0\0=J\0\0\0\0\0\0=J\0\0\0\0\0\0=J\0\0\0\0\0\0=J\0\0$\0\0\0M\0\0\0\0hP\0\0F\0\0\0aJ\0\0\0\0\0\0\0\0\0\0\0\0\0\0\0\0\0\0\0\0\0$\0\0\0\0\0\0\"\'\0\0\0\0\0\0\0\0\0\0\0\0\0\0\0\0\0\0\0\0\0\0\0\'\0\0\"\0\0\0\"\'\0\0\0\0\0\0\"\'\0\0\0\0\0\0\"\'\0\0\0\0\0\0aJ\0\0\0\0\0\0\0\0\0\0\0\0\0\0$\0\0\0\0\0\0$\0\0\0\0\0\0%\0\0\0\0\0\0\0\0\0\0\0\0\0\0%\0\0E\0\0vJ\0\0\0\0\0*\0\0\0\0\0\0*\0\0\0\0\0\0*\0\0\0\0\0\0\"\'\0\0\0\0$\0\0\0\0\0\0%\0\0\0\0\0\0$\0\0\0\0\0\0%\0\0\0\0\0\0;J\0\0\0\0\0\0\0\0\0\0\0\0\0\0*\0\0\0\0\0\0\0\0\0\0\0\0\0\0\0\0\0\0\0\0\0\0\0\0\0\0\0\0\0\0\0\0\0\0\0\0\0\0\0\0\0\0\0\0\0\0\0\0\0\0\0\0\0\0\"\'\0\0\0\0\0\0;J\0\0\0\0\0\0\0\0\0\0\0\0\0\0*\0\0\0\0\0\0*\0\0\0\0B\0\0\0\0\0\0\0\0\0\0\0\0\0\0\0\0\0\0\0\0\0\0\0\0\0\0\0\0\0\0\0\0\0\0\0\0\0\0\0\0\0\0\0\0\0\0\0\0\0\0\0\0\0\0\0\0\0\0\0\0\0\0\0\0\0\0\0\0\0\0\0\0\0\0\0\0D\0\0\0\0\0\0%\0\0\0\0\0\0\0\0\0\0PD~\0\0\0\0\0\0\0\0$\0\0\0\0\0\0 *\0\0.\0\0\07C\0\0\0\0\0\0\0\0\0\0\0\0\0\'J\0\0\0\0\0J\0\00\0\0\0J\0\0\0\0\0\0C\0\0\0\0\0P\0\0\0\0\0\0N*\0\0|\0\0\0P\0\0D\0\0\0D\0\0\0\0\0\0\0\0\0\0\0\0\0\0\0\0\0\0\0\0\0\0\0\0\0\0\0\0\0\0\0\0\0\0\0\0\0\0\0\0\0\0\0\0\0\0\0\0\0\0\0\0\0\0\0\0\0\0\0\0\0\0\0\0\0\0\0\0\0\0D\0\08\0\0\0P\0\0\0\0\0\0\0\0\0\0\0\0\0\0$\0\0\0\0\0\0D\0\0P\0\0\"\'\0\0\0\0\0\0\"\'\0\0\0\0\0\0*\0\0\0\0\0\0\"\'\0\0\0\0\0\0\"\'\0\0\0\0\0\0\0\0\0\0\0\0\0\0\0\0\0\0\0\0\0\0\0\0\0\0\0\0\0\0\0\0\0\0\0\0\0\0\"\'\0\0\0\0\0\0\"\'\0\0\0\0\0\0\"\'\0\0\0\0\0\0aJ\0\0\0\0\0\0aJ\0\0\0\0\0\0\0\0\0\0\0\0\0\0\0\0\0\0\0\0\0\0\0\0\0\0\0\0\0\0\0\0\0\0\0\0\0\0*\0\0\0\0\0\0\0\0\0\0\0\0\0\0\0\0\0\0\0\0\0\0\0\0\0\0\0\0\0\0\0\0\0\0\0\0\0\0\"\'\0\0\0\0\0\0\"\'\0\0\0\0\0\0\"\'\0\0\0\0\0\0J\0\0\0\0\0\0\"\'\0\0\0\0\0\0\"\'\0\0\0\0\0\0\"\'\0\0\0\0\0\0\"\'\0\0\0\0\0\0\0\0\0\0\0\0\0\0\0\0\0\0\0\0\0\0\0\0\0\0\0\0\0\0\0\0\0\0\0\0\0\0\0\0\0\0\0\0\0\0\0\0\0\0\0\0\0\0\0\0\0\0\0\0\0\0\0\0\0\0\0\0\0\0\0\0\0\0\0\0\0\0\0\0\0\0\0\0\0\0\0\0\0\0P\0\0\0\0\0\0\"\'\0\0\0\0\0\0\"\'\0\0\0\0\0\0\"\'\0\0\0\0\0\0\"\'\0\0\0\0\0\0\"\'\0\0\0\0\0\0\"\'\0\0\0\0\0\0\0\0\0\0\0\0\0\0\0\0\0\0\0\0\0\0\0\0\0\0\0\0\0\0\0\0\0\0\0\0\0\0\0\0\0\0\0\0\0\0\0\0\0\0\0\0\0\0\0\0\0\0\0\0\0\0\"\'\0\0\0\0\0\0\"\'\0\0\0\0\0\0\"\'\0\0\0\0\0\0H\0\0	\0\0Q#\0\0:\0\0\0\0\0	@\0\0\0\0\0\0\0\0\0\0\0\0\0\0\0\0\0\0\0\0\0\0\0\0\0\0\0\0\0\0\0\0\0\0\0\0\0\0\0\0\0\0\0\0\0\0\0\0\0\0\0\0\0\0\0\0\0\0\0\0\0\0\0\0\0\0\0\0\0\0\0\0\0\0\0\0\0\0\0\0\0\0\0\0\0\0\0\0\0\0\0\0\0\0\0\0\0\0\0\0\0\0\0\0\0\0\0\0\0\0\0\0\0\0\0\0\0\0\0\0\0\0\0\0\0\0\0\0\0\0\0\0\0\0\0\0\0\0\0\0\0\0\0\0\0\0\0\0\0\0\0\0\0\0\0\0\0\0\0\0\0\0\0\0\0\0\0\0\0\0\0\0\0\0\0\0\0\0\0\0\0\0\0\0\0\0\0\0\0\0\0\0\0\0\0\0\0\0\0\0\0\0\0\0\0\0\0\0\0\0\0\0\0\0\0\0\0\0\0\0\0\0\0\0\0\0\0\0\0\0\0\0\0\0\0\0\0\0\0\0\0\0\0\0\0\0\0\0\0\0\0\0\0\0\0\0\0\0\0\0\0\0\0\0\0\0\0\0\0\0\0\0\0\0\0\0\0\0\0\0\0\0\0\0\0\0\0\0\0\0\0\0\0\0\0\0\0\0\0\0\0\0\0\0\0\0\0\0\0\0\0\0\0\0\0\0\0\0\0\0\0\0\0\0\0\0\0\0\0\0\0\0\0\0\0\0\0\0\0\0\0\0\0\0\0\0\0\0\0\0\0\0\0\0\0\0\0\0\0\0\0\0\0\0\0\0\0\0\0\0\0\0\0\0\0\0\0\0\0\0\0\0\0\0\0\0\0\0\0\0\0\0\0\0\0\0\0\0\0\0\0\0\0\0\0\0\0\0\0\0\0\0\0\0\0\0\0\0\0\0\0\0 \rAyush Ramola\r			     	    Contact no: +91-					\r				 Email id:  ayushramola@soarlogic.com	     	     \r						 \rObjective\r\rTo be potential resource to the organization where I can utilize my skills and knowledge which would help the organization to grow and further enhance my growth profile. It would be never ending   dedication to maintain the spectrum of integrity, honesty and character\r\rProfessional Qualification\r\rB.tech (IT) in 2011 from GRD, Institute of Management and Technology Dehradun, Uttarakhand, India.\r    \rProfessional Snapshot\r\rSoftware Development Engineer with more than Two years of professional experience in software development processes and implementations.\rExperience of developing applications using PHP, MySQL, Ajax (JQuery), in Web Technologies.\rGood in development of web application using HTML, XHTML, CSS, Java Server Pages (JSPs), Object-Oriented JavaScript.\rVery sound technically and have good ability to work in a team and can handle team of developer.\r\rProfessional Experience\r\rCurrently working as Software Engineer with Soarlogic Information Technologies Pvt. Ltd., Dehradun from 8th Aug 2011 to till date.\r.\r\rTechnical Skills\r   \rProgramming Languages 	: PHP\rFrameworks			: CakePhp (MVC)\rScripting Languages  	: JavaScript, HTML, CSS, Ajax (JQuery) and JQuery Plugins \rDatabases			: MySQL 5.0\rWeb Servers			: Apache 2.2\rIDEs				: Eclipse, Intelli J Idea 11.x\rOperating Systems             : Linux, Windows 7/VISTA/XP	\rSoftware Development Methodology	: Agile Method\r\r\r\r\r\r	\rProject Experience\r\rProject		: FERTILITY (http://www.fertility2u.com)\rClient		: Fertility\rTechnologies	: Php, MySql 5.0, Ajax (JQuery) and JQuery plugins.\rFramework	: Magento\rTeam Size	: 10. \r\rContribution:\rRole in development and database design of all modules.\rDid UI design and Integration of modules, with ajaxification of all pages in this application through JQuery wherever ajaxficaion is required.\rClearing the problem in every phase.\rDiscussing with client weekly and clearing their doubts.\r\rOverview:\r\rWelcome to Fertility2u your Online Fertility Pharmacy offering a wide range of prescription Fertility Drugs / IVF medication all delivered directly to your doorstep, normally within 24 hours of receiving your prescription. Enjoy peace of mind knowing Fertility2u is regulated by the GPhC and a member of the National Pharmacy Association. Fertility2u is considered a market leader in providing IVF Fertility Drugs as well as being an established Verified UK Pharmacy with a High Street outlet. Our aim is to provide a safe, secure and fast solution to IVF patients worldwide. We stock most brands such as Gonal F, Menopur and Puregon and only use UK Approved Fertility Drugs .\rProject		: Work-Force  ( HYPERLINK \"http://workforce-base.com/\" http://workforce-base.com/)\rClient		: Fertility\rTechnologies	: Php, MySql 5.0, Ajax (JQuery) and JQuery plugins.\rFramework	: Cakephp MVC 2.x\rTeam Size	: 10. \r\rContribution:\rWorked in development and database designing of all modules.\rDid in UI design and Integration of modules. \rBug Fixing in every phase.\rHandling client queries.\r\rOverview:\r\rWork-Force is the Apex of the Project and Workforce Outsourcing Sites on the Internet. Work-Force Freelancers are certified, having established that they have the Proper Education, Training, Experience, Skills and have time and time again proven themselves.\r\rProject		: Rvr ( HYPERLINK \"http://rvr.thewtour.com/\" http://rvr.thewtour.com/)\rClient		: Gabril\rTechnologies	: Php, MySql 5.0, Ajax (JQuery) and JQuery plugins.\rFramework	: Cakephp MVC 2.x\rFramework	: Intelli J Idea 10.x.\rTeam Size	: 2. \r\rContribution:\rHandled the designing and implementation of database.\rActively participated in UI designing and Integration of modules. Did ajaxification through JQuery, wherever ajaxficaion is required.\rFixing the problem in different phases of development.\rHandled the communication with client, in clearing the doubts and development status.\rDiscussing with client weekly and clearing their doubts.\r\rOverview:\rThis deals in conducting the survey of readability of font and size, among different  \rfont and size which is most easy readable by visitor in a museum.\r\r\rProject		: GYAPTI ( HYPERLINK \"http://www.gyapti.com/\" http://www.gyapti.com/)\rClient		: GYAPTI\rTechnologies	: Php, MySql 5.0, Ajax (JQuery) and JQuery plugins.\rFramework	: Cakephp MVC 2.x\rFramework	: Intelli J Idea 10.x.\rTeam Size	: 10. \r\rContribution:\rWorked in Development and Designing of database.\rDid UI designing and integration of modules, implement the ajaxification where every required in project.\rUse to fix the bug problems in every phase of project.\rCommunicating with client and handling clients queries.\r\rOverview:\rGyapti is an educational web site (actually a web application). This website provides free universities, colleges, etc. information. People can get their courses information, events information and full view of them. It mainly focuses to educate people through online. \rAs we know today, online a very wide medium to aware people. We know today, most of people are still illiterate. There are various reasons for them like not having any medium for education, no facilities. \rGyapti is a very popular way to aware people by web medium. Internet medium is also a very cheapest medium. People can get it easily via satellite also if there is no other medium.\rGyapti mainly focus on worldwide education to spread new brightness of light in people life. People can get very easily any information related to Universities, Colleges. They can be local or world-wide popular Universities, Colleges.\rPeople can make their communities also and can invite other people to join here free of cost.\r\r\r\r\r\r\r\r\rProject		: Mometrosales ( HYPERLINK \"http://www.mometrosales.com/\" http://www.mometrosales.com)\rClient Name	: Govin\rTechnologies	: Php, MySql 5.0, Ajax (JQuery).\rFramework	: Wordpress\rIDE		: Intelli J Idea 11.x.\rTeam Size	: 3. \r\rContribution:\rWorked as a Software Engineer.\rCommunicated with client and team members in shorting the bugs.\rDiscussing with client weekly and clearing their doubts.\rIntegration of Hibernate Search feature which uses Lucene search also.\r\rOverview:\rMillions of people are using mobile devices to surf the web for information. It is more important than ever for companies to have a mobile website, especially one that downloads essential information quickly and displays it in a way that helps website visitors find what they are looking for while on the go. Create a home-based business with MoMetro by offering Mobile Websites to businesses. You will not only make a ton of money but you will have fun doing it. PERSONAL DETAILS    \r\rPersonal Details     \r\r\rDate of birth			30th July 1991\rFathers Name		Mr. M.C.Ramola\rAddress     			Guru Road, Patel Nagar\r				Dehradun - 248001\rLanguages Known		Hindi, English.\r	\r						\r\r   (Ayush Ramola)\r\0\0\0\0\0\0\0\0\0\0\0\0\0\0\0\0\0\0\0\0\0\0\0\0\0\0\0\0\0\0\0\0\0\0\0\0\0\0\0\0\0\0\0\0\0\0\0\0\0\0\0\0\0\0\0\0\0\0\0\0\0\0\0\0\0\0\0\0\0\0\0\0\0\0\0\0\0\0\0\0\0\0\0\0\0\0\0\0\0\0\0\0\0\0\0\0\0\0\0\0\0\0\0\0\0\0\0\0\0\0\0\0\0\0\0\0\0\0\0\0\0\0\0\0\0\0\0\0\0\0\0\0\0\0\0\0\0\0\0\0\0\0\0\0\0\0\0\0\0\0\0\0\0\0\0\0\0\0\0\0\0\0\0\0\0\0\0\0\0\0\0\0\0\0\0\0\0\0\0\0\0\0\0\0\0\0\0\0\0\0\0\0\0\0\0\0\0\0\0\0\0\0\0\0\0\0\0\0\0\0\0\0\0\0\0\0\0\0\0\0\0\0\0\0\0\0\0\0\0\0\0\0\0\0\0\0\0\0\0\0\0\0\0\0\0\0\0\0\0\0\0\0\0\0\0\0\0\0\0\0\0\0\0\0\0\0\0\0\0\0\0\0\0\0\0\0\0\0\0\0\0\0\0\0\0\0\0\0\0\0\0\0\0\0\0\0(\0\0,\0\0-\0\02\0\07\0\0?\0\0B\0\0M\0\0[\0\0h\0\0i\0\0q\0\0z\0\0tcOD=/\Zh[(\0CJ\0OJ\0QJ\0^J\0aJ\0\0h$*\0hZ\0\0j\0\0\0\0h$*\0hZ\0U&h$*\0he\06>*CJ\0OJ\0QJ\0^J\0aJ\0\0 ht\06>*CJ\0OJ\0QJ\0^J\0aJ\0\0)h$*\0hZ\056CJ\0OJ\0QJ\0\\^J\0aJ\0#h$*\0hZ\06CJ\0OJ\0QJ\0^J\0aJ\0#h$*\0hZ\0CJ\0OJ\0QJ\0\\^J\0aJ\0 h$*\0hZ\0CJ\0OJ\0QJ\0^J\0aJ\0\0&h$*\0hZ\05CJ\0OJ\0QJ\0\\^J\0aJ\0\0ht\0CJ\0OJ\0QJ\0\\aJ\0h$*\0hZ\0CJ\0OJ\0QJ\0\\aJ\0h$*\0h=W\0CJ\0OJ\0QJ\0\\aJ\0\0\0\0\0\0\0\0\02\0\0h\0\0q\0\0{\0\0|\0\0	\0\0	\0\0	\0\0	\0\0	\n\0\0\n\0\0$\n\0\0%\n\0\0\n\0\0\0\0\0\0\0\0\0\0\0\0\0\0\0\0\0\0\0\0\0\0\0\0\0\0\0\0\0\0\0\0\0\0\0\0\0\0\0\0\0\0\0\0\0\0\0\0\0\0\0\0\0\0\0\0\0\0\0\0\0\0\0\0\0\0\0\0\0\0\0\0\0\0\0\0\0\0\0\0\0\0\0\0\0\0\0\0\0\0\0\0\0\0\0\0\0\0\0\0\0\0\0\0\0\0\0\0\0\0\0\0\0\0\0\0\0\0\0\0\0\0\0\0\0\0\0\0\0\0\0\0\0\0\0\0\0\0\0\0\0\0\0\0\0\0\0\0\0\0\0\0\0\0\0\0\0\0\0\0\0\0\0\0\0\0\0\0\0\0\0\0\0\0\0\0\0\0\0\0\0\0\0\0\0\0\0\0\0\0\0\0\0\0\0\0\0\0\0\0\0\0\0\0\0\0\0\0\0\0\0\0\0\0\0$\n&\0F\r\0\r\0h\0\0a$gd\"T\0\0\0\0gd[(\0\0\0gd[(\0\0\0\0$h^ha$\0\0\0$\r\0\0a$gd[(\0\0E\0\0\0\0w^w\0\r\0\0\0\0-D\0M\n\0\0\0\0\0\0\0\0\0$a$\0\0\0gd-\0\r\0\0-D\0M\n\0\0\0\0\0\0gd-\0\0\0\0p^p`gd-\0\0\0\0\0z\0\0{\0\0|\0\0	\0\0	\0\0	\0\0	\0\0	\0\0	\0\0	\0\0	\0\0	\0\0	\0\0	\0\0	\0\0	\0\0\0\n\0\0\n\0\0\n\0\0\n\0\0\n\0\0#\n\0\0{k^{QD^=\0\0\0\0\0\0\0\0\0\0\0\0\0h$*\0hZ\0\0h$*\0hX\0OJ\0QJ\0^J\0\0h$*\0h >\0OJ\0QJ\0^J\0\0h$*\0hZ\0OJ\0QJ\0^J\0\0h$*\0hZ\05OJ\0QJ\0\\^J\0\0h$*\0h|U7\05OJ\0QJ\0\\^J\0\0h$*\0h7\n\05OJ\0QJ\0^J\0ht\05OJ\0QJ\0^J\0h[(\0OJ\0QJ\0^J\0\0\Zh[(\0CJ\0OJ\0QJ\0^J\0aJ\0\0h$*\0ht\0CJ\0OJ\0QJ\0^J\0\0ht\0hZ\0CJ\0aJ\0\0ht\0ht\0CJ\0aJ\0\0h$*\0hZ\05OJ\0QJ\0^J\0 h$*\0hZ\0CJ\0OJ\0QJ\0^J\0aJ\0#\n\0\0$\n\0\0%\n\0\0H\n\0\0R\n\0\0U\n\0\0V\n\0\0[\n\0\0\\\n\0\0\n\0\0\n\0\0\n\0\0\n\0\0\n\0\0\n\0\0\n\0\0\n\0\0\0\0\n\0\00\0\07\0\0=\0\0D\0\0I\0\0a\0\0c\0\0s\0\0vl_RE\0\0\0\0h$*\0h7\0OJ\0QJ\0^J\0\0h$*\0h	h\0OJ\0QJ\0^J\0\0h$*\0h%g\0OJ\0QJ\0^J\0\0h\"/p\0OJ\0QJ\0^J\0\0h/r\0OJ\0QJ\0^J\0\0h\0OJ\0QJ\0^J\0\0h$*\0h(\0OJ\0QJ\0^J\0\0h$*\0hZ\05OJ\0QJ\0\\^J\0\0h$*\0hZ\05OJ\0QJ\0^J\0h$*\0hlI\05OJ\0QJ\0^J\0h$*\0hNv\05OJ\0QJ\0^J\0h$*\0hL-\0OJ\0QJ\0^J\0\0h$*\0hZ\0OJ\0QJ\0^J\0\0h[(\0h[(\0\0\ZhZ\0CJ\0OJ\0QJ\0^J\0aJ\0\Z\n\0\0\n\0\0\0\0\0\0\0\0\0\0\0\0}\0\0\0\0\0\0\0\0\0\0\0\0\0\0\0\0\0\0\0\0\0\0\0\0\0\0\0\0\0\0\0\0\0\0\0\0\0\0\0\0\0\0\0\0\0\0\0\0\0\0\0\0\0\0\0\0\0\0\0\0\0\0\0\0\0\0\0\0\0\0\0\0\0\0\0\0\0\0\0\0\0\0\0\0\0\0\0\0\0\0\0\0\0\0\0\0\0\0\0\0\0\0\0\0\0\0\0\0~\0\0\0\0\0\0\0\0\0\0\0\0p\0\0\0\0\0\0\0\0\0\0\0\0n\0\0\0\0\0\0\0\0\0\0\0\0n\0\0\0\0\0\0\0\0\0\0\0\0\0\0\0\0\0\0\0\0\0\0\0\0\0\0\0\0\r\0\0\0\0-D\0M\n\0\0\0\0\0\0\"G\0$\r\r\0\0p@P !$h\0h\0\01$^h`\0\0a$gd(\0\0\0\0^gdUx\0\0\0\n&\0F\0gd\"T\0\0F\0$\r\r\0\0p@P !$\0\0\01$^`\0\0a$\0\0gdj	\0\0\0\0dh\0\0\0\0$\n&\0F\r\0\r\0h\0\0a$gd\"T\0\0\0\0$\n&\0F\r\0\r\0h\0\0]a$gd\"T\0\0s\0\0}\0\0\0\0\0\0\0\0\0\0\0\0\0\0\0\0\0\0\0\0\0\0\0\0 \0\0&\0\0/\0\0H\0\0R\0\0T\0\0\\\0\0b\0\0p\\H\\5\0\0$h$*\0h(\0OJ\0QJ\0^J\0_H\0nH\0tH\0\0\'h$*\0hZ\05OJ\0QJ\0^J\0_H\0nH\0tH\0\'h$*\0h(\05OJ\0QJ\0^J\0_H\0nH\0tH\00h$*\0hNv\00J;\05B*\0CJ\0^J\0_H\0nH\0ph\0\0\0tH\0\0$h$*\0hZ\0OJ\0QJ\0^J\0_H\0nH\0tH\0\0 h$*\0hZ\0CJ\0OJ\0QJ\0^J\0aJ\0\0\Zh[(\0CJ\0OJ\0QJ\0^J\0aJ\0\0h$*\0hZ\0\0h$*\0hZ\0OJ\0QJ\0^J\0\0h$*\0h\"/p\0OJ\0QJ\0^J\0\0h\"/p\0OJ\0QJ\0^J\0\0h$*\0hZ\0OJ\0QJ\0^J\0\0h$*\0h	h\0OJ\0QJ\0^J\0b\0\0c\0\0e\0\0f\0\0i\0\0n\0\0}\0\0\0\0\0\0\0\0\0\0\0\0\0\0\0\0\0\0}o^N;+\0\0\0\0\0\0\0\0\0\0\0\0h\0OJ\0QJ\0^J\0_H\0nH\0tH\0\0$h$*\0ho@L\0OJ\0QJ\0^J\0_H\0nH\0tH\0\0h$*\0hZ\05OJ\0QJ\0\\^J\0\0 h$*\0hZ\0CJ\0OJ\0QJ\0^J\0aJ\0\0\Zh[(\0CJ\0OJ\0QJ\0^J\0aJ\0\0$h$*\0h(\0OJ\0PJ\0\0QJ\0_H\0nH\0tH\0\0$h$*\0h(\0OJ\0QJ\0^J\0_H\0nH\0tH\0\0$h$*\0hZ\0OJ\0QJ\0^J\0_H\0nH\0tH\0\0$h$*\0hUx\0OJ\0QJ\0^J\0_H\0nH\0tH\0\0$h$*\0h\"T\0OJ\0QJ\0^J\0_H\0nH\0tH\0\0\'ht\0h\"T\0H*OJ\0QJ\0^J\0_H\0nH\0tH\0h\"T\0OJ\0QJ\0^J\0_H\0nH\0tH\0\0\0\0\0\0\0\0\0\0\0\0\0\0\0\0\0\0\0\0\0\r\0\0\r\0\0\r\0\0\r\0\0\r\0\0\r\0\0 \r\0\0n[nH5H\0\0\0\0\0\0\0\0\0\0\0\0\0\0\0\0\0\0\0\0\0\0$h$*\0hp\0OJ\0QJ\0^J\0_H\0nH\0tH\0\0$h$*\0hV|\0OJ\0QJ\0^J\0_H\0nH\0tH\0\0$h$*\0h1\0OJ\0QJ\0^J\0_H\0nH\0tH\0\0$h$*\0hg>\0OJ\0QJ\0^J\0_H\0nH\0tH\0\0h1a\0OJ\0QJ\0^J\0_H\0nH\0tH\0\0$h$*\0h%\0OJ\0QJ\0^J\0_H\0nH\0tH\0\0$h$*\0hZ\0OJ\0QJ\0^J\0_H\0nH\0tH\0\0h\0OJ\0QJ\0^J\0_H\0nH\0tH\0\0$h$*\0hPk\0OJ\0QJ\0^J\0_H\0nH\0tH\0\0$h$*\0he\0OJ\0QJ\0^J\0_H\0nH\0tH\0\0$h$*\0h+\0OJ\0QJ\0^J\0_H\0nH\0tH\0\0\0\0\0 \r\0\08\r\0\0S\r\0\0z\r\0\0\r\0\0\r\0\0\r\0\0\r\0\0\r\0\0\r\0\0\r\0\0\r\0\0\r\0\0\0\0\02\0\0F\0\0\0\0\0\0\0\0\0\0\0\0\0\0\0\0\0\0\0\0\0\0\0\0\0\0\0\0\0\0\0\0\0\0\0\0\0\0\0\0\0\0\0\0\0\0\0\0\0\0\0\0\0\0\0\0\0\0\0\0\0\0\0\0\0\0\0\0\0\0\0\0\0\0\0\0\0\0\0\0\0\0\0\0\0\0\0\0\0\0\0\0\0\0\0\0\0\0\0\0\0\0\0\0\0\0\0\0\0\0\0\0\0\0\0\0\0\0\0\0\0\0\0\0\0\0\0\0\0\0\0\0\0\0\0\0\0\0\0\0\0\0\0\0\0\0\0\0\0\0\0\0\0\0\0\0\0\0\0\0\0\0\0\0\0\0\0\0\0\0\0\0\0\0\0\0\0\0\0\0\0\0\0\0\0\0\0\0\0\0\0\0\0\0\0\0\0\0\0\0\0\0\0\0\0\0\0\0\0\0\0\0\0\0\0\0\0\0\0\0\0\0\0\0\0\0\0\0\0\0\0\0\0\0\0\0\0\0\0\0\0\0\0\0\0\0h^hgdDg\0\0\0\n&\0F\0\r\0h\0gdDg\0\0\0\0h^hgd,>\0\0\0\r\0\0\0-D\0M\n\0\0\0\0\0\0gd[(\0\0\0\0$\r\0\0\0\0^a$\0\0\0$\r\0\0\0\0a$\0\0\0gd9\n\0\0\0\0gdz\0\0\0\0\0 \r\0\0,\r\0\0.\r\0\01\r\0\03\r\0\07\r\0\0A\r\0\0F\r\0\0H\r\0\0R\r\0\0S\r\0\0[\r\0\0]\r\0\0d\r\0\0e\r\0\0u\r\0\0w\r\0\0y\r\0\0\r\0\0\r\0\0\r\0\0q^J\0\0\0\0\0\0\0\0\0\0\0\0\0\0\0\0\0\0\0\0\0\0\0\0\0\0\0\0\0\0\0\0\0\0\0\0\0\0\0\0\0\0\0\0\'h$*\0hZ\05OJ\0QJ\0^J\0_H\0nH\0tH\0$h$*\0hds\0OJ\0QJ\0^J\0_H\0nH\0tH\0\0$h$*\0hP\0OJ\0QJ\0^J\0_H\0nH\0tH\0\0h/r\0OJ\0QJ\0^J\0_H\0nH\0tH\0\0h\0OJ\0QJ\0^J\0_H\0nH\0tH\0\0h\"T\0OJ\0QJ\0^J\0_H\0nH\0tH\0\0$h$*\0hr;\0OJ\0QJ\0^J\0_H\0nH\0tH\0\0$h$*\0hZ\0OJ\0QJ\0^J\0_H\0nH\0tH\0\0$h$*\0h9\n\0OJ\0QJ\0^J\0_H\0nH\0tH\0\0$h$*\0h\rq\0OJ\0QJ\0^J\0_H\0nH\0tH\0\r\0\0\r\0\0\r\0\0\r\0\0\r\0\0\r\0\0\r\0\0\r\0\0\r\0\0\r\0\0\r\0\0\r\0\0\r\0\0\r\0\0\r\0\0\r\0\0\r\0\0\r\0\0\r\0\0{naWJ=/\Zh[(\0CJ\0OJ\0QJ\0^J\0aJ\0\0h$*\0hB\0OJ\0QJ\0^J\0\0h$*\0h\"/p\0OJ\0QJ\0^J\0\0hZ\0OJ\0QJ\0^J\0\0h$*\0hUx\0OJ\0QJ\0^J\0\0h$*\0h2\0OJ\0QJ\0^J\0\0h$*\0h\rq\0OJ\0QJ\0^J\0\0h$*\0h&^^\0OJ\0QJ\0^J\0\0h$*\0hZ\0OJ\0QJ\0^J\0\0h\"T\0OJ\0QJ\0^J\0_H\0nH\0tH\0\0$h$*\0h\Z]2\0OJ\0QJ\0^J\0_H\0nH\0tH\0\0$h$*\0h\\2>\0OJ\0QJ\0^J\0_H\0nH\0tH\0\0$h$*\0hZ\0OJ\0QJ\0^J\0_H\0nH\0tH\0\0\'h$*\0h9\n\05OJ\0QJ\0^J\0_H\0nH\0tH\0\0\r\0\0\r\0\0\0\0\0	\0\0\n\0\0\0\0\0\0\0\00\0\01\0\02\0\08\0\0E\0\0\0\0\0\0\0\0\0\0\0\0\0\0\0\0\0\0\"\0\0\0\0\0\0\0\0\0\0ukk^N\0\0\0\0\0\0\0\0\0\0\0\0\0\0\0\0\0\0\0\0\0\0\0\0\0\0\0h$*\0h\"x\05OJ\0QJ\0\\^J\0\0hDg\05OJ\0QJ\0\\^J\0\0h\"/p\0OJ\0QJ\0^J\0\0h$*\0hDg\05OJ\0QJ\0^J\0ht\0OJ\0QJ\0^J\0\0h\0OJ\0QJ\0^J\0\0hDg\0OJ\0QJ\0^J\0\0ht\0\0ht\0ht\0\0h$*\0hDg\0OJ\0QJ\0\\^J\0ht\05OJ\0QJ\0\\^J\0\0h$*\0hDg\0OJ\0QJ\0^J\0\0h$*\0hDg\05OJ\0QJ\0\\^J\0\0h,>\0OJ\0QJ\0\\^J\0 h$*\0hZ\0CJ\0OJ\0QJ\0^J\0aJ\0\0\0\0\0\0\0\0\0\0\0\0\0\0\0\0\0\0\0\0\0\0\0\0\0\0\0\0\0E\0\0a\0\0r\0\0\0\0\0\0\0\0\0\0\0\0\0\0\0\0\0\0\0\0\0\0\0\0\0\0\0\0\0\0\0\0\0\0\0\0\0\0\0\0\0\0\0\0\0\0\0\0\0\0\0\0\0\0\0\0\0\0\0\0\0\0\0\0\0\0\0\0\0\0\0\0\0\0\0\0\0\0\0\0\0\0\0\0\0\0\0\0\0\0\0\0\0\0\0\0\0\0\0\0\0\0\0\0\0\0\0\0\0\0\0\0\0\0\0\0\0\0\0\0\0\0\0\0\0\0\0\0\0\0\0\0\0\0\0\0\0\0\0\0\0\0\0\0\0\0\0\0\0\0\0\0\0\0\0\0\0\0\0\0\0\0\0\0\0\0\0\0\0\0\0\0\0\0\0\0\0\0\0\0\0\0\0\0\0\0\0\0\0\0\0\0\0\0\0\0\0\0\0\0\0\0\0\0\0\0\0\0\0\0\0\0\0\0\0h^hgd[\0\0\0\n&\0F\0\r\0h\0gd[\0\0\0\0$^a$gdH\0\0\0$\n&\0F\0\r\08\0\0\08^8a$gdDg\0\Z\0\0$\n&\0F\0\r\08\0\0\08]^8a$gdDg\0\0\0\0`gdDg\0\0\0\0^gdDg\0\0\0\0h^hgdDg\0\0\0\0\0\0\0\0\0\0\0\0\0\0\0\0\0\0\0\0\0\0\0\0\0\0\0\0\0\0\0\0\0\0\0\0\0\0s\0\0\0\0\0\0\0\0\0\0\0\0\0\0\0\0\0\0\0\0\0\0\0\0\0\0|rdZMZMZZZh$*\0h^\0OJ\0QJ\0^J\0\0h^\0OJ\0QJ\0^J\0\0h$*\0h[\05OJ\0QJ\0^J\0h\0OJ\0QJ\0^J\0\0h[\0\0\nhM\00J8\0\0hM\0\0j\0\0\0\0hM\0Uh$*\0h[\0OJ\0QJ\0\\^J\0hM\05OJ\0QJ\0\\^J\0\0h$*\0h[\05OJ\0QJ\0\\^J\0\0h$*\0h[\0OJ\0QJ\0^J\0\04h1a\0B*CJ\0OJ\0QJ\0^J\0aJ\0fH\0ph\0\0\0\0q\n\0\0\0\0\0\0\04hH\0B*CJ\0OJ\0QJ\0^J\0aJ\0fH\0ph\0\0\0\0q\n\0\0\0\0\0\0r\0\0s\0\0\0\0\0\0\0\0\0\0 \0\0!\0\0+\0\0,\0\0.\0\0/\0\0\0\0\0\0\0\0\0\0\0\0!\0\0\0\0\0\0\0\0\0\0\0\0\0\0\0\0\0\0\0\0\0\0\0\0\0\0\0\0\0\0\0\0\0\0\0\0\0\0\0\0\0\0\0\0\0\0\0\0\0\0\0\0\0\0\0\0\0\0\0\0\0\0\0\0\0\0\0\0\0\0\0\0\0\0\0\0\0\0\0\0\0\0\0\0\0\0\0\0\0\0\0\0\0\0\0\0\0\0\0\0\0\0\0\0\0\0\0\0\0\0\0\0\0\0\0\0\0\0\0\0\0\0\0\0\0\0\0\0\0\0\0\0\0\0\0\0\0\0\0\0\0\0\0\0\0\0\0\0\0\0\0\0\0\0\0\0\0\0\0\0\0\0\0\0\0\0\0\0\0\0\0\0\0\0\0\0\0\0\0\0\0\0\0\0\0\0\0\0\0\0\0\0\0\0\0\0\0\0\0\0\0\0\0\0\0\0\0\0\0\0\0\0\0\0\0\0\0\0\0\0\0\0\0\0\0\0\0\0\0\0\0\0\0\0h^hgdY\0\0\0\n&\0F\0\r\0h\0gdY\0\0\0\0h^hgdM\0\0\0$\n&\0F\0\r\08\0\0\08^8a$gd[\0\Z\0\0$\n&\0F\0\r\08\0\0\08]^8a$gd[\0\0\0\0`gd[\0\0\0\0^gd[\0\0\0\0\0\0!\0\0*\0\0+\0\0,\0\06\0\0\0\0\0\0\0\0\0\0\0\0\0\0\0\0\"\0\0,\0\0-\0\0.\0\0/\0\08\0\09\0\0=\0\0>\0\0?\0\0yi\\Li>\0\0\0\0\0h.7&\0hY\0OJ\0QJ\0\\^J\0h.7&\0h`\05OJ\0QJ\0\\^J\0\0h.7&\0hY\0OJ\0QJ\0^J\0\0h.7&\0hY\05OJ\0QJ\0\\^J\0\0h$*\0h1a\0OJ\0QJ\0\\^J\0h[\0OJ\0QJ\0^J\0\0hM\0h1a\0OJ\0QJ\0^J\0\0hM\0h^\0OJ\0QJ\0^J\0\0h1a\0OJ\0QJ\0^J\0\0hM\0hM\0OJ\0QJ\0^J\0\0hwf\0OJ\0QJ\0^J\0\0h[\05OJ\0QJ\0\\^J\0\0h$*\0h[\05OJ\0QJ\0\\^J\0\0h$*\0h[\0OJ\0QJ\0^J\0\0h^\0OJ\0QJ\0^J\0?\0\0@\0\0f\0\0g\0\0\0\0\0\0\0\0\0\0\0\0\0\0\0\0\0\0\0\0\"\0\00\0\0d\0\0f\0\0\0\0\0\0\0\0\0\0\0\0\0\0\0\0\0\0\0\0\0\0\0\0\"\0\0#\0\0x\0\0\0\0\0\0yylylyyyyy\\\0\0\0\0\0\0\0\0\0\0\0\0\0\0\0\0\0\0\0\0h.7&\0hY\05OJ\0QJ\0\\^J\0\0h.7&\0h|9\0OJ\0QJ\0^J\0\0h|9\0OJ\0QJ\0^J\0\0h.7&\0hY\05OJ\0QJ\0^J\0h.7&\0OJ\0QJ\0^J\0\0$h.7&\0hY\0OJ\0QJ\0^J\0_H\0nH\0tH\0\0h.7&\0hY\0OJ\0QJ\0^J\0\0h\0OJ\0QJ\0^J\0\0h.7&\0h`\0OJ\0QJ\0^J\0\0h.7&\0hY\0OJ\0QJ\0\\^J\0h.7&\0h`\00J8\0B*\0ph\0\0\0h.7&\0h`\0\0j\0\0\0\0h.7&\0h`\0U\0 !\0\0\"\0\00\0\0f\0\0\0\0#\0\0y\0\0\0\0\0\0\0\0\0\0V\0\0W\0\0X\0\0\0\0\0\0\0\0\0\0\0\0\0\0\0\0\0\0\0\0\0\0\0\0\0\0\0\0\0\0\0\0\0\0\0\0\0\0\0\0\0\0\0\0\0\0\0\0\0\0\0\0\0\0\0\0\0\0\0\0\0\0\0\0\0\0\0\0\0\0\0\0\0\0\0\0\0\0\0\0\0\0\0\0\0\0\0\0\0\0\0\0\0\0\0\0\0\0\0\0\0\0\0\0\0\0\0\0\0\0\0\0\0\0\0\0\0\0\0\0\0\0\0\0\0\0\0\0\0\0\0\0\0\0\0\0\0\0\0\0\0\0\0\0\0\0\0\0\0\0\0\0\0\0\0\0\0\0\0\0\0\0\0\0\0\0\0\0\0\0\0\0\0\0\0\0\0\0\0\0\0\0\0\0\0\0\0\0\0\0\0\0\0\0\0\0h^hgd1a\0\0\0\n&\0F\0\r\0h\0gd1a\0\0\0$\r\0\0\0]a$gdB\0\0\0\0^\0\0\0$`a$gd.7&\0\0\0$\n&\0F\0\r\08\0\0\08^8a$gdY\0\Z\0\0$\n&\0F\0\r\08\0\0\08]^8a$gdY\0\0\0\0`gdY\0\0\0\0^gdY\0\0\0\0\0\0\0\0H\0\0T\0\0V\0\0W\0\0X\0\0a\0\0b\0\0j\0\0k\0\0l\0\0\0\0\0\0\0\0\0\0\0\0$\0\07\0\0K\0\0Y\0\0\0\0\0\0{{h{UG=\0\0\0h|9\0OJ\0QJ\0^J\0\0h$*\0h1a\05OJ\0QJ\0^J\0$h$*\0h1a\0OJ\0QJ\0^J\0_H\0nH\0tH\0\0%h$*\0h1a\00J8\0B*\0OJ\0QJ\0^J\0ph\0\0\0!j\0\0\0\0h$*\0h1a\0OJ\0QJ\0U^J\0h$*\0h1a\0OJ\0QJ\0\\^J\0h$*\0h1a\0OJ\0QJ\0^J\0\0h$*\0h1a\05OJ\0QJ\0\\^J\0\0\'h$*\0hB\05OJ\0QJ\0^J\0_H\0nH\0tH\0h$*\0h?\0OJ\0QJ\0^J\0\0h.7&\0h.7&\0OJ\0QJ\0\\^J\0h[(\0OJ\0QJ\0\\^J\0h.7&\0h/g\0OJ\0QJ\0\\^J\0\0\0\0\0\0\0\09\0\0J\0\0K\0\0Y\0\0\0\0\0\0+\Z\0\0d\Z\0\0e\Z\0\0o\Z\0\0}\0\0K\0\0\0\0\0\0\0I\0\0\0\0\0\0\0\0\0\0\0\0\0\0\0\0\0\0\0\0\0\0\0\0\0\0\0\0\0\0\0\0\0\0\0\0\0\0\0\0\0\0\0\0\0\0\0\0\0\0\0\0\0\0\0\0\0\0\0\0\0\0\0\0\0\0\0\0\0\0\0\0\0\0\0\0\0\0\0\0\0\0\0\0\0\0\0\0\0\0\0\0\0\0\0\0\0\0\0\0\0\0\0\0\0\0\0\0\0\0\0\0\0\0\0\0\0\0\0\0\0\0\0\0\0\0\0\0\0\0\0\0\0\0\0\0\0\0\0\0\0\0\0\0\0\0\0\0\0\0\0\0\0\0\0\0\0\0\0\0\0\0\0\0\0\0\0\0\0\0\0\0\0\0\0\0\0\0\0\0\0\0\0\0\0\0\0\0\0\0\0\0\0\0\0\0\0\0\0\0\0\0\0\0\0\0\0\0\0$\r\0\0\0]^a$gd1a\0\0\0\0$^a$gd[(\0\0\0$\n&\0F\0\r\08\0\0\08^8a$gd1a\0\Z\0\0$\n&\0F\0\r\08\0\0\08]^8a$gd1a\0\0\0\0`gd1a\0\0\0\0^gd1a\0\0\0\0h^hgd1a\0\0\0\0\0\0\0\0*\Z\0\0+\Z\0\0c\Z\0\0e\Z\0\0o\Z\0\0I\0\0J\0\0L\0\0M\0\0O\0\0P\0\0Q\0\0Z\0\0[\0\0\\\0\0h\0\0i\0\0j\0\0k\0\0\0\0\0\0\0\0\0\0\0\0\0\0\0\0~qc[W[Q[c~\0\0\0\0\0\0\0\0\0\0\0\0\0\0\0\0\0\0\nh1a\00J8\0\0h1a\0\0j\0\0\0\0h1a\0Uh$*\0hws\0OJ\0QJ\0\\^J\0h1a\05OJ\0QJ\0\\^J\0\0h$*\0hws\0OJ\0QJ\0^J\0\0h$*\0hws\05OJ\0QJ\0\\^J\0\0\'h$*\0hws\05OJ\0QJ\0^J\0_H\0nH\0tH\0h[(\0OJ\0QJ\0^J\0\0h1a\0OJ\0QJ\0^J\0\0hB\0OJ\0QJ\0^J\0\0h$*\0h1a\05OJ\0QJ\0\\^J\0\0h|9\0OJ\0QJ\0^J\0\0h$*\0h1a\0OJ\0QJ\0^J\0\0h|9\0CJ\0OJ\0QJ\0^J\0I\0\0J\0\0K\0\0L\0\0M\0\0N\0\0O\0\0P\0\0Q\0\0\0\0\0\0\0\0\0\0(\0\08\0\09\0\0G\0\0f\0\0\0\0\0\0\0\0\0\0\0\0\0\0\0\0\0\0\0\0\0\0\0\0\0\0\0\0\0\0\0\0\0\0\0\0\0\0\0\0\0\0\0\0\0\0\0\0\0\0\0\0\0\0\0\0\0\0\0\0\0\0\0\0\0\0\0\0\0\0\0\0\0\0\0\0\0\0\0\0\0\0\0\0\0\0\0\0\0\0\0\0\0\0\0\0\0\0\0\0\0\0\0\0\0\0\0\0\0\0\0\0\0\0\0\0\0\0\0\0\0\0\0\0\0\0\0\0\0\0\0\0\0\0\0\0\0\0\0\0\0\0\0\0\0\0\0\0\0\0\0\0\0\0\0\0\0\0\0\0\0\0\0\0\0\0\0\0\0\0\0\0\0\0\0\0\0\0\0\0\0\0\0\0\0\0\0\0\0\0\0\0\0\0\0\0\0\0\0\0\0\0\0\0\0\0\0\0\0\0\0\0\0\0\0\0\0\0\0\0\0\0\0\0\0\0\0\0\0\0\0\0\0\0\0\0\0\0\0\0\0\Z\0\0$\n&\0F\0\r\08\0\0\08]^8a$gdws\0\0\0\0`gdws\0\0\0\0^gdws\0\0\0\0h^hgdws\0\0\0\n&\0F\0\r\0h\0gdws\0\0\0$\r\0\0\0]a$gdws\0\0\0\0^\0\0\0\0\0\0\0&\0\09\0\0G\0\0M\0\0S\0\0d\0\0f\0\0s\0\0u\0\0\0\0\0\0\0\0\' \0\01 \0\0\0\"\0\0\"\0\0\"\0\0\"\0\0(\"\0\0-\"\0\0.\"\0\0/\"\0\0{ndR@nd\0\0\0\0#h1a\0hZ\05CJ \0OJ\0QJ\0^J\0aJ \0#h1a\0h1a\05CJ \0OJ\0QJ\0^J\0aJ \0h1a\0OJ\0QJ\0^J\0\0h$*\0hZ\0OJ\0QJ\0^J\0\0h$*\0h1a\0OJ\0QJ\0^J\0\0)h1a\0h1a\0OJ\0QJ\0^J\0fH`\0q\n\0\0\0\0\0\0h$*\0hws\05OJ\0QJ\0\\^J\0\0h$*\0h_\05OJ\0QJ\0^J\0hm\0OJ\0QJ\0^J\0\0h$*\0hws\05OJ\0QJ\0^J\0$h$*\0hws\0OJ\0QJ\0^J\0_H\0nH\0tH\0\0h$*\0hws\0OJ\0QJ\0^J\0\0h$*\0h_\0OJ\0QJ\0^J\0\0\0& \0\0\' \0\01 \0\0\"\0\0\"\0\0-\"\0\0.\"\0\0/\"\0\0N\"\0\0l\"\0\0\"\0\0\"\0\0\"\0\0\"\0\0\"\0\0\"\0\0\"\0\0\0\0\0\0\0\0\0\0\0\0\0\0\0\0\0\0\0\0\0\0\0\0\0\0\0\0\0\0\0\0\0\0\0\0\0\0\0\0\0\0\0\0\0\0\0\0\0\0\0\0\0\0\0\0\0\0\0\0\0\0\0\0\0\0\0\0\0\0\0\0\0\0\0\0\0\0\0\0\0\0\0\0\0\0\0\0\0\0\0\0\0\0\0\0\0\0\0\0\0\0\0\0\0\0\0\0\0\0\0\0\0\0\0\0\0\0\0\0\0\0\0\0\0\0\0\0\0\0\0\0\0\0\0\0\0\0\0\0\0\0\0\0\0\0\0\0\0\0\0\0\0\0\0\0\0\0\0\0\0\0\0\0\0\0\0\0\0\0\0\0\0\0\0\0\0\0\0\0\0\0\0\0\0\0\0\0\0\0\0\0\0\0\0\0\0\0\0\0\0\0\0\0\0\0\0\0\0\0\0\0\0\0\0\0\0\0\0\0\0\0\0\0\0\0$^`a$gdB\0\0	\0\0 ^ `\0\0\0\0\0\0gd1a\0\0\0\0^\0\0$\r\0\0\0]a$gd1a\0\0\0\0`gdws\0\0\0\0^gdws\0\Z\0\0$\n&\0F\0\r\08\0\0\08]^8a$gdws\0\0/\"\0\0?\"\0\0A\"\0\0C\"\0\0H\"\0\0K\"\0\0M\"\0\0N\"\0\0\\\"\0\0a\"\0\0k\"\0\0l\"\0\0y\"\0\0\"\0\0\"\0\0\"\0\0\"\0\0\"\0\0\"\0\0\"\0\0\0\0\0\0\0\0\0\0\0\0\0\0\0\0\0\0\0\0\0\0\0\0\0\0\0\0\0\0\0\0\0\0\0\0\0\0\0\0\0\0\0\0\0\0\0\0\0\0\0\0\0\0\0\0\0\0\0\0\0\0\0\0\0\0\0\0\0\0\0\0\0\0\0\0\0\0\0\0\0\0\0\0\0\0\0\0\0\0\0\0\0\0\0\0\0\0\0\0\0\0\0\0\0\0\0\0\0\0\0\0\0\0\0\0\0\0\0\0\0\0\0\0\0\0\0\0\0\0\0\0\0\0\0\0\0\0\0\0\0\0\0\0\0\0\0\0\0\0\0\0\0\0\0\0\0\0\0\0\0\0\0\0\0\0\0\0\0\0\0\0\0\0\0\0\0\0\0\0\0\0\0\0\0\0\0\0\0\0\0\0\0\0\0\0\0\0\0\0\0\0\0\0\0\0\0\0\0\0\0\0\0\0\0\0\0\0\0\0\0\0\0\0\0\0\0\0\0\0\0\0\0\0\0\0\0\0\0\0\0\0\0\0\0\0\0\0\0\0\0\0\0\0\0\0\0\0\0\0\0\0\0\0\0\0\0\0\0h1a\0OJ\0QJ\0^J\0\0h$*\0h?9\0OJ\0QJ\0^J\0\0h$*\0hB\0OJ\0QJ\0^J\0\0hm\0hm\0H*OJ\0QJ\0^J\0hm\0OJ\0QJ\0^J\0\0h$*\0hZ\0OJ\0QJ\0^J\05\01h:p|9\0;0/ =!\"#$%\0\0\0\0\0\0\0\0\0\0\0\0\0\0\0\0\0\0\0\0\0\0\0\0\0\0\0\0\0\0\0\0\0\0\0\0\0\0\0\0\0\0\0\0\0\0\0\0\0\0\0\0\0\0\0\0\0\0\0\0\0\0\0\0\0\0\0\0\0\0\0\0\0\0\0\0\0\0\0\0\0\0\0\0\0\0\0\0\0\0\0\0\0\0\0\0\0\0\0\0\0\0\0\0\0\0\0\0\0\0\0\0\0\0\0\0\0\0\0\0\0\0\0\0\0\0\0\0\0\0\0\0\0\0\0\0\0\0\0\0\0\0\0\0\0\0\0\0\0\0\0\0\0\0\0\0\0\0\0\0\0\0\0\0\0\0\0\0\0\0\0\0\0\0\0\0\0\0\0\0\0\0\0\0\0\0\0\0\0\0\0\0\0\0\0\0\0\0\0\0\0\0\0\0\0\0\0\0\0\0\0\0\0\0\0\0\0\0\0\0\0\0\0\0\0\0\0\0\0\0\0\0\0\0\0\0\0\0\0\0\0\0\0\0\0\0\0\0\0\0\0\0\0\0\0\0\0\0\0\0\0\0\0\0\0\0\0\0\0\0\0\0\0\0\0\0\0\0\0\0\0\0\0\0\0\0\0\0\0\0\0\0\0\0\0\0\0\0\0\0\0\0\0\0\0\0\0\0\0\0\0\0\0\0\0\0\0\0\0\0\0\0\0\0\0\0\0\0\0\0\0\0\0\0\0\0\0\0\0\0\0\0\0\0\0\0\0\0\0\0\0\0\0\0\0\0\0\0\0\0\0\0\0\0\0\0\0\0\0\0\0\0\0\0\0\0\0\0\0\0\0\0\0\0\0\0\0\0\0\0\0\0\0\0\0\0\0\0\0\0\0\0\0\0\0\0\0\0\0\0\0\0\0\0\0\0\0\0\0\0\0\0\0\0\0\0\0\0\0\0\0\0\0\0\0\0\0\0\0\0\0\0\0\0\0\0\0\0\0\0\0\0\0\0\0\0\0\0\0\0\0\0\0\0\0\0\0\0\0\0\0\0\0\0\0\0\0\0\0\0\0\0\0\0\0\0\0\0\0\0\0\0\0\0\0\0\0\0\0\0\0\0\0\0\0\0\0\0\0\0\0\0\0\0\0\0\0\0\0\0\0\0\0\0\0\0\0\0\0\0\0\0\0\0\0\0\0\0\0\0\0\0\0\0\0\0\0\0\0\0\0\0\0\0\0\0\0\0\0\0\0\0\0\0\0\0\0\0\0\0\0\0\0\0\0\0\0\0\0\0\0\0\0\0\0\0\0\0\0\0\0\0\0\0\0\0\0\0\0\0\0\0\0\0\0\0\0\0\0\0\0\0\0\0\0\0\0\0\0\0\0\0\0\0\0\0\0\0\0\0\0\0\0\0\0\0\0\0\0\0\0\0\0\0\0\0\0\0\0\0\0\0\0\0\0\0\0\0\0\0\0\0\0\0\0\0\0\0\0\0\0\0\0\0\0\0\0\0\0\0\0\0\0\0\0\0\0\0\0\0\0\0\0\0\0\0\0\0\0\0\0\0\0\0\0\0\0\0\0\0\0\0\0\0\0\0\0\0\0\0\0\0\0\0\0\0\0\0\0\0\0\0\0\0\0\0\0\0\0\0\0\0\0\0\0\0\0\0\0\0\0\0\0\0\0\0\0\0\0\0\0\0\0\0\0\0\0\0\0\0\0\0\0\0\0\0\0\0\0\0\0\0\0\0\0\0\0\0\0\0\0\0\0\0\0\0\0\0\0\0\0\0\0\0\0\0\0\0\0\0\0\0\0\0\0\0\0\0\0\0\0\0\0\0\0\0\0\0\0\0\0\0\0\0\0\0\0\0\0\0\0\0\0\0\0\0\0\0\0\0\0\0\0\0\0\0\0\0\0\0\0\0\0\0\0\0\0\0\0\0\0\0\0\0\0\0\0\0\0\0\0\0\0\0\0\0\0\0\0\0\0\0\0\0\0\0\0\0\0\0\0\0\0\0\0\0\0\0\0\0\0\0\0\0\0\0\0\0\0\0\0\0\0\0\0\0\0\0\0\0\0\0\0\0\0\0\0\0\0\0\0\0\0\0\0\0\0\0\0\0\0\0\0\0\0\0\0\0\0\0\0\0\0\0\0\0\0\0\0\0\0\0\0\0\0\0\0\0\0\0\0\0\0\0\0\0\0\0\0\0\0\0\0\0\0\0\0\0\0\0\0\0\0\0\0\0\0\0\0\0\0\0\0\0\0\0\0\0\0\0\0\0\0\0\0\0\0\0\0\0\0\0\0\0\0\0\0\0\0\0\0\0\0\0\0\0\0\0\0\0\0\0\0\0\0\0\0\0\0\0\0\0\0\0\0\0\0\0\0\0\0\0\0\0\0\0\0\0\0\0\0\0\0\0\0\0\0\0\0\0\0\0\0\0\0\0\0\0\0\0\0\0\0\0\0\0\0\0\0\0\0\0\0\0\0\0\0\0\0\0\0\0\0\0\0\0\0\0\0\0\0\0\0\0\0\0\0\0\0\0\0\0\0\0\0\0\0\0\0\0\0\0\0\0\0\0\0\0\0\0\0\0\0\0\0\0\0\0\0\0\0\0\0\0\0\0\0\0\0\0\0\0\0\0\0\0\0\0\0\0\0\0\0\0\0\0\0\0\0\0\0\0\0\0\0\0\0\0\0\0\0\0\0\0\0\0\0\0\0\0\0\0\0\0\0\0\0\0\0\0\0\0\0\0\0\0\0\0\0\0\0\0\0\0\0\0\0\0\0\0\0\0\0\0\0\0\0\0\0\0\0\0\0\0\0\0\0\0\0\0\0\0\0\0\0\0\0\0\0\0\0\0\0\0\0\0\0\0\0\0\0\0\0\0\0\0\0\0\0\0\0\0\0\0\0\0\0\0\0\0\0\0\0\0\0\0\0\0\0\0\0\0\0\0\0\0\0\0\0\0\0\0\0\0\0\0\0\0\0\0\0\0\0\0\0\0\0\0\0\0\0\0\0\0\0\0\0\0\0\0\0\0\0\0\0\0\0\0\0\0\0\0\0\0\0\0\0\0\0\0\0\0\0\0\0\0\0\0\0\0\0\0\0\0\0\0\0\0\0\0\0\0\0\0\0\0\0\0\0\0\0\0\0\0\0\0\0\0\0\0\0\0\0\0\0\0\0\0\0\0\0\0\0\0\0\0\0\0\0\0\0\0\0\0\0\0\0\0\0\0\0\0\0\0\0\0\0\0\0\0\0\0\0\0\0\0\0\0\0\0\0\0\0\0\0\0\0\0\0\0\0\0\0\0\0\0\0\0\0\0\0\0\0\0\0\0\0\0\0\0\0\0\0\0\0\0\0\0\0\0\0\0\0\0\0\0\0\0\0\0\0\0\0\0\0\0\0\0\0\0\0\0\0\0\0\0\0\0\0\0\0\0\0\0\0\0\0\0\0\0\0\0\0\0\0\0\0\0\0\0\0\0\0\0\0\0\0\0\0\0\0\0\0\0\0\0\0\0\0\0\0\0\0\0\0\0\0\0\0\0\0\0\0\0\0\0\0\0\0\0\0\0\0\0\0\0\0\0\0\0\0\0\0\0\0\0\0\0\0\0\0\0\0\0\0\0\0\0\0\0\0\0\0\0\0\0\0\0\0\0\0\0\0\0\0\0\0\0\0\0\0\0\0\0\0\0\0\0\0\0\0\0\0\0\0\0\0\0\0\0\0\0\0\0\0\0\0\0\0\0\0\0\0\0\0\0\0\0\0\0\0\0\0\0\0\0\0\0\0\0\0\0\0\0\0\0\0\0\0\0\0\0\0\0\0\0\0\0\0\0\0\0\0\0\0\0\0\0\0\0\0\0\0\0\0\0\0\0\0\0\0\0\0\0\0\0\0\0\0\0\0\0\0\0\0\0\0\0\0\0\0\0\0\0\0\0\0\0\0\0\0\0\0\0\0\0\0\0\0\0\0\0\0\0\0\0\0\0\0\0\0\0\0\0\0\0\0\0\0\0\0\0\0\0\0\0\0\0\0\0\0\0\0\0\0\0\0\0\0\0\0\0\0\0\0\0\0\0\0\0\0\0\0\0\0\0\0\0\0\0\0\0\0\0\0\0\0\0\0\0\0\0\0\0\0\0\0\0\0\0\0\0\0\0\0\0\0\0\0\0\0\0\0\0\0\0\0\0\0\0\0\0\0\0\0\0\0\0\0\0\0\0\0\0\0\0\0\0\0\0\0\0\0\0\0\0\0\0\0\0\0\0\0\0\0\0\0\0\0\0\0\0\0\0\0\0\0\0\0\0\0\0\0\0\0\0\0\0\0\0\0\0\0\0\0\0\0\0\0\0\0\0\0\0\0\0\0\0\0\0\0\0\0\0\0\0\0\0\0\0\0\0\0\0\0\0\0\0\0\0\0\0\0\0\0\0\0\0\0\0\0\0\0\0\0\0\0\0\0\0\0\0\0\0\0\0\0\0\0\0\0\0\0\0\0\0\0\0\0\0\0\0\0\0\0\0\0\0\0\0\0\0\0\0\0\0\0\0\0\0\0\0\0\0\0\0\0\0\0\0\0\0\0\0\0\0\0\0\0\0\0\0\0\0\0\0\0\0\0\0\0\0\0\0\0\0\0\0\0\0\0\0\0\0\0\0\0\0\0\0\0\0\0\0\0\0\0\0\0\0\0\0\0\0\0\0\0\0\0\0\0\0\0\0\0\0\0\0\0\0\0\0\0\0\0\0\0\0\0\0\0\0\0\0\0\0\0\0\0\0\0\0\0\0\0\0\0\0\0\0\0\0\0\0\0\0\0\0\0\0\0\0\0\0\0\0\0\0\0\0\0\0\0\0\0\0\0\0\0\0\0\0\0\0\0\0\0\0\0\0\0\0\0\0\0\0\0\0\0\0\0\0\0\0\0\0\0\0\0\0\0\0\0\0\0\0\0\0\0\0\0\0\0\0\0\0\0\0\0\0\0\0\0\0\0\0\0\0\0\0\0\0\0\0\0\0\0\0\0\0\0\0\0\0\0\0\0\0\0\0\0\0\0\0\0\0\0\0\0\0\0\0\0\0\0\0\0\0\0\0\0\0\0\0\0\0\0\0\0\0\0\0\0\0\0\0\0\0\0\0\0\0\0\0\0\0\0\0\0\0\0\0\0\0\0\0\0\0\0\0\0\0\0\0\0\0\0\0\0\0\0\0\0\0\0\0\0\0\0\0\0\0\0\0\0\0\0\0\0\0\0\0\0\0\0\0\0\0\0\0\0\0\0\0\0\0\0\0\0\0\0\0\0\0\0\0\0\0\0\0\0\0\0\0\0\0\0\0\0\0\0\0\0\0\0\0\0\0\0\0\0\0\0\0\0\0\0\0\0\0\0\0\0\0\0\0\0\0\0\0\0\0\0\0\0\0\0\0\0\0\0\0\0\0\0\0\0\0\0\0\0\0\0\0\0\0\0\0\0\0\0\0\0\0\0\0\0\0\0\0\0\0\0\0\0\0\0\0\0\0\0\0\0\0\0\0\0\0\0\0\0\0\0\0\0\0\0\0\0\0\0\0\0\0\0\0\0\0\0\0\0\0\0\0\0\0\0\0\0\0\0\0\0\0\0\0\0\0\0\0\0\0\0\0\0\0\0\0\0\0\0\0\0\0\0\0\0\0\0\0\0\0\0\0\0\0\0\0\0\0\0\0\0\0\0\0\0\0\0\0\0\0\0\0\0\0\0\0\0\0\0\0\0\0\0\0\0\0\0\0\0\0\0\0\0\0\0\0\0\0\0\0\0\0\0\0\0\0\0\0\0\0\0\0\0\0\0\0\0\0\0\0\0\0\0\0\0\0\0\0\0\0\0\0\0\0\0\0\0\0\0\0\0\0\0\0\0\0\0\0\0\0\0\0\0\0\0\0\0\0\0\0\0\0\0\0\0\0\0\0\0\0\0\0\0\0\0\0\0\0\0\0\0\0\0\0\0\0\0\0\0\0\0\0\0\0\0\0\0\0\0\0\0\0\0\0\0\0\0\0\0\0\0\0\0\0\0\0\0\0\0\0\0\0\0\0\0\0\0\0\0\0\0\0\0\0\0\0\0\0\0\0\0\0\0\0\0\0\0\0\0\0\0\0\0\0\0\0\0\0\0\0\0\0\0\0\0\0\0\0\0\0\0\0\0\0\0\0\0\0\0\0\0\0\0\0\0\0\0\0\0\0\0\0\0\0\0\0\0\0\0\0\0\0\0\0\0\0\0\0\0\0\0\0\0\0\0\0\0\0\0\0\0\0\0\0\0\0\0\0\0\0\0\0\0\0\0\0\0\0\0\0\0\0\0\0\0\0\0\0\0\0\0\0\0\0\0\0\0\0\0\0\0\0\0\0\0\0\0\0\0\0\0\0\0\0\0\0\0\0\0\0\0\0\0\0\0\0\0\0\0\0\0\0\0\0\0\0\0\0\0\0\0\0\0\0\0\0\0\0\0\0\0\0\0\0\0\0\0\0\0\0\0\0\0\0\0\0\0\0\0\0\0\0\0\0\0\0\0\0\0\0\0\0\0\0\0\0\0\0\0\0\0\0\0\0\0\0\0\0\0\0\0\0\0\0\0\0\0\0\0\0\0\0\0\0\0\0\0\0\0\0\0\0\0\0\0\0\0\0\0\0\0\0\0\0\0\0\0\0\0\0\0\0\0\0\0\0\0\0\0\0\0\0\0\0\0\0\0\0\0\0\0\0\0\0\0\0\0\0\0\0\0\0\0\0\0\0\0\0\0\0\0\0\0\0\0\0\0\0\0\0\0\0\0\0\0\0\0\0\0\0\0\0\0\0\0\0\0\0\0\0\0\0\0\0\0\0\0\0\0\0\0\0\0\0\0\0\0\0\0\0\0\0\0\0\0\0\0\0\0\0\0\0\0\0\0\0\0\0\0\0\0\0\0\0\0\0\0\0\0\0\0\0\0\0\0\0\0\0\0\0\0\0\0\0\0\0\0\0\0\0\0\0\0\0\0\0\0\0\0\0\0\0\0\0\0\0\0\0\0\0\0\0\0\0\0\0\0\0\0\0\0\0\0\0\0\0\0\0\0\0\0\0\0\0\0\0\0\0\0\0\0\0\0\0\0\0\0\0\0\0\0\0\0\0\0\0\0\0\0\0\0\0\0\0\0\0\0\0\0\0\0\0\0\0\0\0\0\0\0\0\0\0\0\0\0\0\0\0\0\0\0\0\0\0\0\0\0\0\0\0\0\0\0\0\0\0\0\0\0\0\0\0\0\0\0\0\0\0\0\0\0\0\0\0\0\0\0\0\0\0\0\0\0\0\0\0\0\0\0\0\0\0\0\0\0\0\0\0\0\0\0\0\0\0\0\0\0\0\0\0\0\0\0\0\0\0\0\0\0\0\0\0\0\0\0\0\0\0\0\0\0\0\0\0\0\0\0\0\0\0\0\0\0\0\0\0\0\0\0\0\0\0\0\0\0\0\0\0\0\0\0\0\0\0\0\0\0\0\0\0\0\0\0\0\0\0\0\0\0\0\0\0\0\0\0\0\0\0\0\0\0\0\0\0\0\0\0\0\0\0\0\0\0\0\0\0\0\0\0\0\0\0\0\0\0\0\0\0\0\0\0\0\0\0\0\0\0\0\0\0\0\0\0\0\0\0\0\0\0\0\0\0\0\0\0\0\0\0\0\0\0\0\0\0\0\0\0\0\0\0\0\0\0\0\0\0\0\0\0\0\0\0\0\0\0\0\0\0\0\0\0\0\0\0\0\0\0\0\0\0\0\0\0\0\0\0\0\0\0\0\0\0\0\0\0\0\0\0\0\0\0\0\0\0\0\0\0\0\0\0\0\0\0\0\0\0\0\0\0\0\0\0\0\0\0\0\0\0\0\0\0\0\0\0\0\0\0\0\0\0\0\0\0\0\0\0\0\0\0\0\0\0\0\0\0\0\0\0\0\0\0\0\0\0\0\0\0\0\0\0\0\0\0\0\0\0\0\0\0\0\0\0\0\0\0\0\0\0\0\0\0\0\0\0\0\0\0\0\0\0\0\0\0\0\0\0\0\0\0\0\0\0\0\0\0\0\0\0\0\0\0\0\0\0\0\0\0\0\0\0\0\0\0\0\0\0\0\0\0\0\0\0\0\0\0\0\0\0\0\0\0\0\0\0\0\0\0\0\0\0\0\0\0\0\0\0\0\0\0\0\0\0\0\0\0\0\0\0\0\0\0\0\0\0\0\0\0\0\0\0\0\0\0\0\0\0\0\0\0\0\0\0\0\0\0\0\0\0\0\0\0\0\0\0\0\0\0\0\0\0\0\0\0\0\0\0\0\0\0\0\0\0\0\0\0\0\0\0\0\0\0\0\0\0\0\0\0\0\0\0\0\0\0\0\0\0\0\0\0\0\0\0\0\0\0\0\0\0\0\0\0\0\0\0\0\0\0\0\0\0\0\0\0\0\0\0\0\0\0\0\0\0\0\0\0\0\0\0\0\0\0\0\0\0\0\0\0\0\0\0\0\0\0\0\0\0\0\0\0\0\0\0\0\0\0\0\0\0\0\0\0\0\0\0\0\0\0\0\0\0\0\0\0\0\0\0\0\0\0\0\0\0\0\0\0\0\0\0\0\0\0\0\0\0\0\0\0\0\0\0\0\0\0\0\0\0\0\0\0\0\0\0\0\0\0\0\0\0\0\0\0\0\0\0\0\0\0\0\0\0\0\0\0\0\0\0\0\0\0\0\0\0\0\0\0\0\0\0\0\0\0\0\0\0\0\0\0\0\0\0\0\0\0\0\0\0\0\0\0\0\0\0\0\0\0\0\0\0\0\0\0\0\0\0\0\0\0\0\0\0\0\0\0\0\0\0\0\0\0\0\0\0\0\0\0\0\0\0\0\0\0\0\0\0\0\0\0\0\0\0\0\0\0\0\0\0\0\0\0\0\0\0\0\0\0\0\0\0\0\0\0\0\0\0\0\0\0\0\0\0\0\0\0\0\0\0\0\0\0\0\0\0\0\0\0\0\0\0\0\0\0\0\0\0\0\0\0\0\0\0\0\0\0\0\0\0\0\0\0\0\0\0\0\0\0\0\0\0\0\0\0\0\0\0\0\0\0\0\0\0\0\0\0\0\0\0\0\0\0\0\0\0\0\0\0\0\0\0\0\0\0\0\0\0\0\0\0\0\0\0\0\0\0\0\0\0\0\0\0\0\0\0\0\0\0\0\0\0\0\0\0\0\0\0\0\0\0\0\0\0\0\0\0\0\0\0\0\0\0\0\0\0\0\0\0\0\0\0\0\0\0\0\0\0\0\0\0\0\0\0\0\0\0\0\0\0\0\0\0\0\0\0\0\0\0\0\0\0\0\0\0\0\0\0\0\0\0\0\0\0\0\0\0\0\0\0\0\0\0\0\0\0\0\0\0\0\0\0\0\0\0\0\0\0\0\0\0\0\0\0\0\0\0\0\0\0\0\0\0\0\0\0\0\0\0\0\0\0\0\0\0\0\0\0\0\0\0\0\0\0\0\0\0\0\0\0\0\0\0\0\0\0\0\0\0\0\0\0\0\0\0\0\0\0\0\0\0\0\0\0\0\0\0\0\0\0\0\0\0\0\0\0\0\0\0\0\0\0\0\0\0\0\0\0\0\0\0\0\0\0\0\0\0\0\0\0\0\0\0\0\0\0\0\0\0\0\0\0\0\0\0\0\0\0\0\0\0\0\0\0\0\0\0\0\0\0\0\0\0\0\0\0\0\0\0\0\0\0\0\0\0\0\0\0\0\0\0\0\0\0\0\0\0\0\0\0\0\0\0\0\0\0\0\0\0\0\0\0\0\0\0\0\0\0\0\0\0\0\0\0\0\0\0\0\0\0\0\0\0\0\0\0\0\0\0\0\0\0\0\0\0\0\0\0\0\0\0\0\0\0\0\0\0\0\0\0\0\0\0\0\0\0\0\0\0\0\0\0\0\0\0\0\0\0\0\0\0\0\0\0\0\0\0\0\0\0\0\0\0\0\0\0\0\0\0\0\0\0\0\0\0\0\0\0\0\0\0\0\0\0\0\0\0\0\0\0\0\0\0\0\0\0\0\0\0\0\0\0\0\0\0\0\0\0\0\0\0\0\0\0\0\0\0\0\0\0\0\0\0\0\0\0\0\0\0\0\0\0\0\0\0\0\0^O\0\0\0\0\0\0\0\0\0\0\0\0\0\0\0\0\0\0\0\0\0\0\0\0\0\0\0\0\0\0\0\0\0\0\0\0\0\0\0\0\0\0\0\06\0\06\0\06\0\06\0\06\0\06\0\06\0\06\0\06\0\0v\0\0v\0\0v\0\0v\0\0v\0\0v\0\0v\0\0v\0\0v\0\06\0\06\0\06\0\06\0\06\0\06\0\08\0\06\0\06\0\06\0\06\0\06\0\06\0\06\0\06\0\06\0\06\0\06\0\06\0\06\0\06\0\06\0\06\0\06\0\06\0\06\0\06\0\06\0\06\0\06\0\06\0\06\0\06\0\06\0\0\0\0\06\0\06\0\0\0\0\06\0\06\0\06\0\06\0\06\0\06\0\06\0\06\0\0\0\0\06\0\06\0\06\0\06\0\06\0\06\0\06\0\06\0\06\0\06\0\0\0\0\06\0\0h\0\0H\0\06\0\06\0\06\0\06\0\06\0\06\0\06\0\06\0\06\0\06\0\06\0\06\0\06\0\06\0\06\0\06\0\06\0\06\0\06\0\06\0\06\0\06\0\06\0\06\0\06\0\06\0\06\0\06\0\06\0\06\0\06\0\06\0\06\0\06\0\06\0\06\0\06\0\06\0\06\0\06\0\06\0\06\0\06\0\06\0\06\0\06\0\06\0\06\0\06\0\06\0\06\0\06\0\06\0\06\0\06\0\06\0\06\0\06\0\06\0\06\0\06\0\06\0\06\0\06\0\06\0\0\0\06\0\02\0\0\0\0\0\0\0\0\0\0\0\0\0\0\0\0\0\0 \0\00\0\0@\0\0P\0\0`\0\0p\0\0\0\0\0\0\0\0\0\0\0\0\0\0\0\0\0\0\02\0\0(\0\0\0\0\0\0 \0\00\0\0@\0\0P\0\0`\0\0p\0\0\0\0\0\0\0\0\0\0\0\0\0\0\0\0\0\0\0 \0\00\0\0@\0\0P\0\0`\0\0p\0\0\0\0\0\0\0\0\0\0\0\0\0\0\0\0\0\0\0 \0\00\0\0@\0\0P\0\0`\0\0p\0\0\0\0\0\0\0\0\0\0\0\0\0\0\0\0\0\0\0 \0\00\0\0@\0\0P\0\0`\0\0p\0\0\0\0\0\0\0\0\0\0\0\0\0\0\0\0\0\0\0 \0\00\0\0@\0\0P\0\0`\0\0p\0\0\0\0\0\0\0\0\0\0\0\0\0\0\0\0\0\0\0 \0\00\0\0@\0\0P\0\0`\0\0p\0\0\0\0\0\08\0\0X\0\0\0\0\0\0\0\0V\0\0~\0\0\0\0\0_HmH	@nH	@sH	@tH	@\0\0\0\0D\0\0`\0D\0\0\0\0\0\0\0\0\0\0N\0o\0r\0m\0a\0l\0\0\0\0\0\0*$\0\0CJ\0_HaJ\0mH	sH	tH\0\0x\0@\0\0x\0\0\0\0\0\0\0\0\0	\0H\0e\0a\0d\0i\0n\0g\0 \02\0\0\08\0\0$\n&F\0\0\0\0\0\0\0-D@&M\n\0\0\0\0\0\0]\0\0^\0\0`\0\0\05CJ\0OJ\0QJ\0aJ\0\0\0\0\0\0\0\0\0\0\0\0\0\0\0\0D\0A`\0D\0\0\0\0\0\0\0\0\0\0D\0e\0f\0a\0u\0l\0t\0 \0P\0a\0r\0a\0g\0r\0a\0p\0h\0 \0F\0o\0n\0t\0\0\0\0\0V\0i\0\0V\0\r\0\0\0\0\0\00\0T\0a\0b\0l\0e\0 \0N\0o\0r\0m\0a\0l\0\0\0 \0:V\0\0\04\0\0\04\0\nl\0a\0\0\0\0\0\0(\0k \0(\0\0\r\0\0\0\0\0\00\0N\0o\0 \0L\0i\0s\0t\0\0\0\0\0\0\0\0\02\0o\02\0\0\0\0\0\0\0\0\0\0	\0W\0W\08\0N\0u\0m\02\0z\00\0\0\0\0OJ\0QJ\02\0/2\0\0\0\0\0\0\0\0\0\0	\0W\0W\08\0N\0u\0m\03\0z\00\0\0\0\0OJ\0QJ\02\0/2\0\0\0\0\0\0\0\0\0\0	\0W\0W\08\0N\0u\0m\03\0z\01\0\0\0\0OJ\0QJ\06\0/!6\0\0\0\0\0\0\0\0\0\0	\0W\0W\08\0N\0u\0m\03\0z\02\0\0\0\0CJ\0OJ\0QJ\06\0/16\0\0\0\0\0\0\0\0\0\0	\0W\0W\08\0N\0u\0m\04\0z\00\0\0\0\0CJ\0OJ\0QJ\02\0/A2\0\0\0\0\0\0\0\0\0\0	\0W\0W\08\0N\0u\0m\05\0z\00\0\0\0\0OJ\0QJ\06\0/Q6\0\0\0\0\0\0\0\0\0\0	\0W\0W\08\0N\0u\0m\06\0z\00\0\0\0\0CJ\0OJ	\0QJ	\0:\0/a:\0\0\0\0\0\0\0\0\0\0	\0W\0W\08\0N\0u\0m\07\0z\00\0\0\0\0CJ\0OJ\0QJ\0aJ\02\0/q2\0\0\0\0\0\0\0\0\0\0	\0W\0W\08\0N\0u\0m\08\0z\00\0\0\0\0OJ\0QJ\02\0/2\0\0\0\0\0\0\0\0\0\0	\0W\0W\08\0N\0u\0m\09\0z\00\0\0\0\0OJ\0QJ\0J\0/J\0\0\0\0\0\0\0\0\0\0\0A\0b\0s\0a\0t\0z\0-\0S\0t\0a\0n\0d\0a\0r\0d\0s\0c\0h\0r\0i\0f\0t\0a\0r\0t\0\0\0\0\0P\0/P\0\0\0\0\0\0\0\0\0\0\0W\0W\0-\0A\0b\0s\0a\0t\0z\0-\0S\0t\0a\0n\0d\0a\0r\0d\0s\0c\0h\0r\0i\0f\0t\0a\0r\0t\0\0\0\0\0R\0/R\0\0\0\0\0\0\0\0\0\0\0W\0W\0-\0A\0b\0s\0a\0t\0z\0-\0S\0t\0a\0n\0d\0a\0r\0d\0s\0c\0h\0r\0i\0f\0t\0a\0r\0t\01\0\0\0\0\0T\0/T\0\0\0\0\0\0\0\0\0\0\0W\0W\0-\0A\0b\0s\0a\0t\0z\0-\0S\0t\0a\0n\0d\0a\0r\0d\0s\0c\0h\0r\0i\0f\0t\0a\0r\0t\01\01\0\0\0\0\0V\0/V\0\0\0\0\0\0\0\0\0\0\0W\0W\0-\0A\0b\0s\0a\0t\0z\0-\0S\0t\0a\0n\0d\0a\0r\0d\0s\0c\0h\0r\0i\0f\0t\0a\0r\0t\01\01\01\0\0\0\0\0X\0/X\0\0\0\0\0\0\0\0\0\0 \0W\0W\0-\0A\0b\0s\0a\0t\0z\0-\0S\0t\0a\0n\0d\0a\0r\0d\0s\0c\0h\0r\0i\0f\0t\0a\0r\0t\01\01\01\01\0\0\0\0\02\0/2\0\0\0\0\0\0\0\0\0\0	\0W\0W\08\0N\0u\0m\04\0z\01\0\0\0\0OJ\0QJ\02\0/2\0\0\0\0\0\0\0\0\0\0	\0W\0W\08\0N\0u\0m\06\0z\01\0\0\0\0OJ\0QJ\06\0/6\0\0\0\0\0\0\0\0\0\0	\0W\0W\08\0N\0u\0m\08\0z\01\0\0\0\0OJ	\0QJ	\0^J	\02\0/!2\0\0\0\0\0\0\0\0\0\0	\0W\0W\08\0N\0u\0m\08\0z\02\0\0\0\0OJ\0QJ\06\0/16\0\0\0\0\0\0\0\0\0\0	\0W\0W\08\0N\0u\0m\09\0z\01\0\0\0\0OJ	\0QJ	\0^J	\02\0/A2\0\0\0\0\0\0\0\0\0\0	\0W\0W\08\0N\0u\0m\09\0z\02\0\0\0\0OJ\0QJ\04\0/Q4\0\0\0\0\0\0\0\0\0\0\n\0W\0W\08\0N\0u\0m\01\00\0z\00\0\0\0\0OJ\0QJ\04\0/a4\0\0\0\0\0\0\0\0\0\0\n\0W\0W\08\0N\0u\0m\01\00\0z\01\0\0\0\0OJ	\0QJ	\04\0/q4\0\0\0\0\0\0\0\0\0\0\n\0W\0W\08\0N\0u\0m\01\00\0z\02\0\0\0\0OJ\0QJ\0<\0/<\0\0\0\0\0\0\0\0\0\0\n\0W\0W\08\0N\0u\0m\01\01\0z\00\0\0\0\0CJ\0OJ\0QJ\0aJ\04\0/4\0\0\0\0\0\0\0\0\0\0\n\0W\0W\08\0N\0u\0m\01\01\0z\01\0\0\0\0OJ\0QJ\04\0/4\0\0\0\0\0\0\0\0\0\0\n\0W\0W\08\0N\0u\0m\01\01\0z\02\0\0\0\0OJ\0QJ\04\0/4\0\0\0\0\0\0\0\0\0\0\n\0W\0W\08\0N\0u\0m\01\01\0z\03\0\0\0\0OJ\0QJ\08\0/8\0\0\0\0\0\0\0\0\0\0\n\0W\0W\08\0N\0u\0m\01\02\0z\00\0\0\0\0CJ\0OJ\0QJ\0D\0A D\0\0\0\0\0\0\0\0\0\0\0D\0e\0f\0a\0u\0l\0t\0 \0P\0a\0r\0a\0g\0r\0a\0p\0h\0 \0F\0o\0n\0t\0\0\0\0\0Z\0/Z\0\0\0\0\0\0\0\0\0\0!\0W\0W\0-\0A\0b\0s\0a\0t\0z\0-\0S\0t\0a\0n\0d\0a\0r\0d\0s\0c\0h\0r\0i\0f\0t\0a\0r\0t\01\01\01\01\01\0\0\0\0\0\\\0/\\\0\0\0\0\0\0\0\0\0\0\"\0W\0W\0-\0A\0b\0s\0a\0t\0z\0-\0S\0t\0a\0n\0d\0a\0r\0d\0s\0c\0h\0r\0i\0f\0t\0a\0r\0t\01\01\01\01\01\01\0\0\0\0\0^\0/^\0\0\0\0\0\0\0\0\0\0#\0W\0W\0-\0A\0b\0s\0a\0t\0z\0-\0S\0t\0a\0n\0d\0a\0r\0d\0s\0c\0h\0r\0i\0f\0t\0a\0r\0t\01\01\01\01\01\01\01\0\0\0\0\0`\0/`\0\0\0\0\0\0\0\0\0\0$\0W\0W\0-\0A\0b\0s\0a\0t\0z\0-\0S\0t\0a\0n\0d\0a\0r\0d\0s\0c\0h\0r\0i\0f\0t\0a\0r\0t\01\01\01\01\01\01\01\01\0\0\0\0\0b\0/!b\0\0\0\0\0\0\0\0\0\0%\0W\0W\0-\0A\0b\0s\0a\0t\0z\0-\0S\0t\0a\0n\0d\0a\0r\0d\0s\0c\0h\0r\0i\0f\0t\0a\0r\0t\01\01\01\01\01\01\01\01\01\0\0\0\0\0d\0/1d\0\0\0\0\0\0\0\0\0\0&\0W\0W\0-\0A\0b\0s\0a\0t\0z\0-\0S\0t\0a\0n\0d\0a\0r\0d\0s\0c\0h\0r\0i\0f\0t\0a\0r\0t\01\01\01\01\01\01\01\01\01\01\0\0\0\0\02\0/A2\0\0\0\0\0\0\0\0\0\0	\0W\0W\08\0N\0u\0m\07\0z\01\0\0\0\0OJ\0QJ\0f\0/Qf\0\0\0\0\0\0\0\0\0\0\'\0W\0W\0-\0A\0b\0s\0a\0t\0z\0-\0S\0t\0a\0n\0d\0a\0r\0d\0s\0c\0h\0r\0i\0f\0t\0a\0r\0t\01\01\01\01\01\01\01\01\01\01\01\0\0\0\0\02\0/a2\0\0\0\0\0\0\0\0\0\0	\0W\0W\08\0N\0u\0m\01\0z\00\0\0\0\0OJ\0QJ\0J\0/qJ\0\0\0\0\0\0\0\0\0\0\0W\0W\0-\0D\0e\0f\0a\0u\0l\0t\0 \0P\0a\0r\0a\0g\0r\0a\0p\0h\0 \0F\0o\0n\0t\0\0\0\0\06\0U`6\0\0\0\0\0\0\0\0\0	\0H\0y\0p\0e\0r\0l\0i\0n\0k\0\0\0\0>*B*ph\0\0\04\0/4\0\0\0\0\0\0\0\0\0\0\n\0W\0W\08\0N\0u\0m\01\02\0z\01\0\0\0\0OJ\0QJ\0N\0/N\0\0\0\0\0\0\0\0\0\0\0W\0W\0-\0D\0e\0f\0a\0u\0l\0t\0 \0P\0a\0r\0a\0g\0r\0a\0p\0h\0 \0F\0o\0n\0t\01\01\0\0\0\0\0F\0oF\0\0\0\0\0\0\0\0\0\0\0Q\0u\0i\0c\0k\0F\0o\0r\0m\0a\0t\02\0\0\0\0B*CJ\0OJ\0QJ\0ph\0\0\0\0\0:\0/:\0\0\0\0\0\0\0\0\0\0\0N\0u\0m\0b\0e\0r\0i\0n\0g\0 \0S\0y\0m\0b\0o\0l\0s\0\0\0\0\08\0/8\0\0\0\0\0\0\0\0\0\0\n\0W\0W\08\0N\0u\0m\01\05\0z\00\0\0\0\0CJ\0OJ	\0QJ	\0F\0V F\0\0\0\0\0\0\0\0\0\0F\0o\0l\0l\0o\0w\0e\0d\0H\0y\0p\0e\0r\0l\0i\0n\0k\0\0\0\0>*B*\rph\0\0\0N\0\0N\0\0\0\0\0\0\0\0\0\0\0H\0e\0a\0d\0i\0n\0g\0\0\0\r\0?\0\0x\0$\0\0CJ\0OJ\0PJ\n\0QJ\0^J\0aJ\06\0B\0\06\0\0\0\0\0\0\0\0\0	\0B\0o\0d\0y\0 \0T\0e\0x\0t\0\0\0\n\0@\0\0\0x\0\0\0(\0/\0(\0\0\0\0\0\0\0\0\0\0L\0i\0s\0t\0\0\0\0A\0\0^J\0H\0\"\0\0\"H\0\0\0\0\0\0\0\0\0\0C\0a\0p\0t\0i\0o\0n\0\0\0\r\0B\0x\0x\0$\0\06CJ\0]^J\0aJ\0.\0\02.\0\0\0\0\0\0\0\0\0\0\0I\0n\0d\0e\0x\0\0\0\0C\0$\0\0^J\04\0 \0\0B4\0\0\0\0\0\0\0\0\0\0F\0o\0o\0t\0e\0r\0\0\0\r\0D\0\r\0!\0\0\0>\0P@\0R>\0\0\0\0\0\0\0\0\0\0\0B\0o\0d\0y\0 \0T\0e\0x\0t\0 \02\0\0\0\0E\0\0OJ\0QJ\0CJ\0~\0O\0b~\0\0\0\0\0\0\0\0\0\0\0_\0l\0e\0v\0n\0l\03\05\0\0\0O\0F\0\r,\0\0\0p@P !$\0\0\0\0\0\0\0\0\0\0\0\0\0\0\08*$1$\0]\0\0^8`\0\0PJ\n\0~\0O\0r~\0\0\0\0\0\0\0\0\0\0\0_\0l\0e\0v\0n\0l\09\05\0\0\0O\0G\0\r,\0\0\0p@P !$\0\0\0\0\0\0\0\0\0\0\0\0\0\0\0*$1$\0]\0\0^`\0\0PJ\n\0~\0\0~\0\0\0\0\0\0\0\0\0\0\0_\0l\0e\0v\0n\0l\01\05\0\0\0O\0H\0\r,\0\0\0p@P !$\0\0\0\0\0\0\0\0\0\0\0\0\0\0\0h*$1$\0]\0\0^h`\0\0PJ\n\0<\0\0<\0\0\0\0\0\0\0\0\0\0\0T\0a\0b\0l\0e\0 \0C\0o\0n\0t\0e\0n\0t\0s\0\0\0\0I\0$\0\0\0L\0L\0\0\0\0\0\0\0\0\0\0\r\0T\0a\0b\0l\0e\0 \0H\0e\0a\0d\0i\0n\0g\0\0\0\0J\0$$a$\0\065]\\T\0C\0\0T\0\0\0\0\0\0\0\0\0\0B\0o\0d\0y\0 \0T\0e\0x\0t\0 \0I\0n\0d\0e\0n\0t\0\0\0\Z\0K\0\0\0\0\0]\0\0^`\0\0\0\08\0\08\0\0\0\0B\0\0\0\0a\0p\0p\0l\0e\0-\0s\0t\0y\0l\0e\0-\0s\0p\0a\0n\0\0\0\0\0J\0^\0\0J\0	\0\0%s\00\0N\0o\0r\0m\0a\0l\0 \0(\0W\0e\0b\0)\0\0\0\0M\0d\0d\0*$\0[$\\$\0\0tH	B\0\0B\0\0\0\0\0	\0\0\0\0a\0p\0p\0l\0e\0-\0c\0o\0n\0v\0e\0r\0t\0e\0d\0-\0s\0p\0a\0c\0e\0\0\0\0\0PK\0\0\0\0\0!\0\0\0\0\0\0\0\0\0[Content_Types].xmlj0Er(Iw},-j4	wP-t#b{UTU^hd})*1P\'	^W0)T9<l#$yi}\Z;~@(Hu*Dz/0$X3aZ,D0j~3b~i>3\\`?/[G\\!-Rk.s..a?\0\0\0PK\0\0\0\0\0!\0\0\0\06\0\0\0\0\0_rels/.relsj0}Q%v/C/}\0(h\"O\n= C?hv=%[xp{_P<1H0ORBdJE4b$q_6LR7`0O,En7Lib/Se\0\0\0PK\0\0\0\0\0!\0ky\0\0\0\0\0\0\0\0\0theme/theme/themeManager.xmlM\n @}w7c(Eb\0C\ZA7K\rY,\re.|,H,lxIsQ}# +!,^$j=GW)E+&\n8\0\0\0PK\0\0\0\0\0!\0\0\0P\0\0\0\0\0theme/theme/theme1.xmlYOo6w toc\'v\Zu-MniP@I}ama[4:lGRX^6>$!)O^rC$y@/yH*)UDb`}\"qJX^)I`nEp)liV[]1M<\ZOP6r=zgbIguSebORDqu	gZo~lAplxpT0+[}`jzA\0V2Fi@qv5\\|NleXdsjcs7f\rW+7`gJ\Zj|h(KD-\0\rdXiJ(x$(:;!I_TS1?E??ZBmU/?~xY\'y5g&/>GMGeD3Vq%\'#q$8K)fw9:\nx}rxwr:\\TZaG*y8IjbRc|XI\nu3KGnD1NIBs\nRuK>V.EL+M2#\'fi~Vvl{u8zH\n*:(W\r~JTe\\O*tHGHY\0}KNP*T9/#A7qZ$*c?qUnwN%Oi4=3P\n1Pm\\\\9M2aD];Yt\\[x]}Wr|]g-\neW\r)6-rCSj\rid	DAIqbJ#x6k#ASh&t(Q%p%m&]caSl=X\\P1Mh9MVdDAaVB[fJP|8\ZAV^f\rHn-\"d>zn	>b&2vKyD:,AGm\\nzi.uYC6OMf3or$5NHT[XF64T,M0E)`#5XY`\0;%1Um;R>QDDcpU\'&LE/pm%]8firS4d7y\\`JnIR3U~7+#mqBiDi*L69mY\Z&iHE=(K&N!V.KeLD{D	\ZvEdeNe(MN9\ZR6&3(a/DUz<{YV)9Z[4^n5!J?Q3eBoCMm<.vpIYfZY_p[=al-Y}Nc4vfavl\'SA8|*u{-0%M07%<\0\0\0\0PK\0\0\0\0\0!\0\r\0\0\0\0\0\'\0\0\0theme/theme/_rels/themeManager.xml.relsM\n0woo&5\r6?$Q\r,.aic21h\Z:qm@RN;d`o7gK(M&$R(.1r\'JT8V\"AHu}|$b{\0P8\Zg/]QAs(#L[\0\0\0\0PK-\0\0\0\0\0\0!\0\0\0\0\0\0\0\0\0\0\0\0\0\0\0\0\0\0\0\0\0\0\0[Content_Types].xmlPK-\0\0\0\0\0\0!\0\0\0\06\0\0\0\0\0\0\0\0\0\0\0\0\0\0\0+\0\0_rels/.relsPK-\0\0\0\0\0\0!\0ky\0\0\0\0\0\0\0\0\0\0\0\0\0\0\0\0\0\0\0\0\0theme/theme/themeManager.xmlPK-\0\0\0\0\0\0!\0\0\0P\0\0\0\0\0\0\0\0\0\0\0\0\0\0\0\0\0theme/theme/theme1.xmlPK-\0\0\0\0\0\0!\0\r\0\0\0\0\0\'\0\0\0\0\0\0\0\0\0\0\0\0\0	\0\0theme/theme/_rels/themeManager.xml.relsPK\0\0\0\0\0\0]\0\0\n\0\0\0\0<?xml version=\"1.0\" encoding=\"UTF-8\" standalone=\"yes\"?>\r\n<a:clrMap xmlns:a=\"http://schemas.openxmlformats.org/drawingml/2006/main\" bg1=\"lt1\" tx1=\"dk1\" bg2=\"lt2\" tx2=\"dk2\" accent1=\"accent1\" accent2=\"accent2\" accent3=\"accent3\" accent4=\"accent4\" accent5=\"accent5\" accent6=\"accent6\" hlink=\"hlink\" folHlink=\"folHlink\"/>\0\0\0\0\Z\0\0\r\0\0V\0\0\0\0\0\0\0z\0\0#\n\0\0s\0\0b\0\0\0\0 \r\0\0\r\0\0\r\0\0\0\0\0\0?\0\0\0\0\0\0\0\0/\"\0\0\"\0\0\0\0\0\0\0\0\0\0\0\0\0\0\0\0\0\0\0\0\0\0\0\0\0\0\0\0\0\0\0\0!\0\0\0\"\0\0\0$\0\0\0&\0\0\0(\0\0\0*\0\0\0\0\0\0\n\0\0\0\0\0\0r\0\0!\0\0\0\0I\0\0\0\0\"\0\0\0\0\0\0\0\0\Z\0\0\0\0\0\0 \0\0\0#\0\0\0%\0\0\0\'\0\0\0)\0\0\0\n\0\0\n\0\0\n\0\0?\r\0\0f\r\0\0\r\0\0k\0\0\0\0\0\0j\0\0\0\0\0\0\Z\0\0XXXX\0\08\0\0\0\0\0\0\0\0\0\0\0\0\0\0\0\0\0\0\0\0\0\0\0\0\0@\0\0\0\0\0\0\0\0\0\0\0\0\0\0\0\0\0\0\0\0\0\0\0\0\0\0\0\0\0\0\0(\0\0\0\0	\0\0\0\0\0\0\0\0\0\0\0\0\0\0\0\0\0\0\0\0\n\0\0\0\0\0\0\0\0\0\0b\0\0\0B\n\0\0\0\0\0\0\n\0\0c\0$\0\0\0D\0\0\0\0\0\0$\0\0\0\0\0\0\0?\0\0\0\0\"\0\0\0?\0\0\0\0\0\0\0\0\0\0\0\0\0\0\0\0\0\0\0\0\0B\0\0\0\0\n\0\0\0\0\0\0\0\0S\0\0\0\0\0\0\0\0\0\0\0\0\0\0\0\0\0\0\0\0\0\0\0\0\0\0\0\0\0h\0\0\0\Z\0\0\0\0\0\0\0\0r\0\0\0$\0\0r\0\0\0t\0\0\0\0\0\0\0\0\0\0\0\0\0\0\0\0\0\0\0\0\0\0\0\0\0\0\0\0\0\0\0\0\0\0\0\0\0T\0\0\\\0\0\0\0\0\0\0\0\n\0\0\0\0\0\0.\0\03\0\0f\0\0m\0\0U\0\0X\0\0Z\0\0_\0\0k\0\0q\0\0w\0\0}\0\0~\0\0\0\0\0\0\0\0\"\0\0/\0\0Y\0\0_\0\0i\0\0t\0\0	\0\0	\0\0I\n\0\0N\n\0\0R\n\0\0Y\n\0\0^\n\0\0e\n\0\0\0\0\0\0\0\0\0\0)\0\0/\0\05\0\0;\0\0<\0\0C\0\0Q\0\0X\0\0:\r\0\0=\r\0\0\r\0\0\r\0\0\r\0\0\r\0\0\r\0\0\r\0\0\r\0\0\0\0\0\0\0\0\0\0\0\0\0\0\0\0\0\0\0\0\0\0\0\0\0\0\0\0\0\0\0\0\0\0\0\0\0\0\0\0$\0\0+\0\0\0\0\0\0o\0\0u\0\0K\0\0Q\0\0\0\0\0\0\0\\\0\0h\0\0\0\0\0\0\0\0\0\0\0\0\0\0\0\0\0\0\0\0\0\0\0\0\Z\0\0\0\0\0\0\0\0\0\0a\Z\0\0k\Z\0\0\Z\0\0\Z\0\0\Z\0\0\Z\0\0\Z\0\0\Z\0\0\Z\0\0\0\0\0\0\0\0\0\0\0\0\0\0\0\0\0\0\0\0\0\0\0\0\0\0\0\0\0\0\0\0\0\0\0\0\0\0\0\0\0\0\0\0\0\0\0\0\0\0\0\0\0\0\0\0\0\0\0\0\0\0\0\0\0\0\0\0\0\0\0\0\0\0\0\0\0\0\0\0\0\0\0\0\0\0\0\0\0\0\0\0\0\0\0\0\0\0\0\0\0\0\0\0\0\0\0\0\0\0\0\0\0\0\0\0\0\0\0\0\0\0\0\0\0\0\0\0\0\0\0\0\0\0\0\0\0\n\0\0\n\0\0\0\0\0\0\Z\0\0\03\0\03\0\03\0\0\0\0\0\0\0\0\0\0\0\0\0\0\0\0\0\0b\0\0i\0\0|\0\0|\0\0}\0\0}\0\0\0\0\0\07\0\07\0\0\0\0\0\0\Z\0\0\Z\0\0\0\0\0\0\0\0\0\0\0\0\0\0\0\0\0\0\0\0\0\0\0\0\0\0\0\0\0\0\0\0\0\0\0\0\0\0\0\0\0\0\0\0\0\0\0\0\0E\0\0\0\0\0\0\0\0\0\0\0\0\0\0\0\0\0\0\0\0\0\0\0\0\0\0\0\0\0\0	\0\0\0	\0\0\0\0\0[~2n\0(TLV\0dMp ^\05{i\0PUw>p\0\0\0\0\0\0\0\0\0\0\0\0\0\0\0\0\0\0\0\0\0\0\0\0\0\0\0\0\0\0\0\0^\0\0`\0\0\0\0\0\0\0\0\0\0\0\0\0\0\0\0\0\0\0\0\0\0\0\0\0\0\0\0\0\0\0\0\0\0\0^\0\0`\0\0\0\0\0\0\0\0\0\0\0\0\0\0\0\0\0\0\0\0\0\0\0\0\0\0\0\0\0\0\0\0\0\0\0^\0\0`\0\0\0\0\0\0\0\0\0\0\0\0\0\0\0\0\0\0\0\0\0\0\0\0\0\0\0\0\0\0\0\0\0\0\0^\0\0`\0\0\0\0\0\0\0\0\0\0\0\0\0\0\0\0\0\0\0\0\0\0\0\0\0\0\0\0\0\0\0\0\0\0\0^\0\0`\0\0\0\0\0\0\0\0\0\0\0\0\0\0\0\0\0\0\0\0\0\0\0\0\0\0\0\0\0\0\0\0\0\0\0^\0\0`\0\0\0\0\0\0\0\0\0\0\0\0\0\0\0\0\0\0\0\0\0\0\0\0\0\0\0\0\0\0\0\0\0\0\0^\0\0`\0\0\0\0\0\0\0\0\0\0\0\0\0\0\0\0\0\0\0\0\0\0\0\0\0\0\0\0\0\0\0\0\0\0\0^\0\0`\0\0\0\0\0\0\0\0\0\0\0\0\0\0\0\0\0\0\0\0\0\0\0\0\0\0\0\0\0\0\0\0\0\0\0^\0\0`\0\0\0\0\0\0\0\0\0\0\0\0\0\0\0\0\0\0\0\0\0\0\0\0\0\0\0\0\0\0\0\0\0\0^\0\0`\0\0OJ\0QJ\0\0\0\0\0\0\0\0\0\0\0\0\0\0\0\0\0\0\0\0\0\0\0\0\0\0\0\0\0\0\0\0^\0\0`\0\0OJ\0QJ\0\0l\0\0\0\0\0\0\0\0\0\0\0\0\0\0\0\0\0\0\0\0\0\0\0\0\0\0\0\0\0\0^\0\0`\0\0OJ\0QJ\0\0\0\0\0\0\0\0\0\0\0\0\0\0\0\0\0\0\0\0\0\0\0\0\0\0\0\0\0\0\0\0^\0\0`\0\0OJ\0QJ\0CJ\0\0%\0\0\0\0\0\0\0\0\0\0\0\0\0\0\0\0\0\0\0\0\0\0\0\0\0\0\0\0\0\0^\0\0`\0\0OJ\0QJ\0\0l\0\0\0\0\0\0\0\0\0\0\0\0\0\0\0\0\0\0\0\0\0\0\0\0\0\0\0\0\0\0^\0\0`\0\0OJ\0QJ\0\0\0\0\0\0\0\0\0\0\0\0\0\0\0\0\0\0\0\0\0\0\0\0\0\0\0\0\0\0\0\0^\0\0`\0\0OJ\0QJ\0CJ\0\0%\0\0\0\0\0\0\0\0\0\0\0\0\0\0\0\0\0\0\0\0\0\0\0\0\0\0\0\0\0\0^\0\0`\0\0OJ\0QJ\0\0l\0\0\0\0\0\0\0\0\0\0\0\0\0\0\0\0\0\0\0\0\0\0\0\0\0\0\0\0\0\0^\0\0`\0\0OJ\0QJ\0\0\0\0\0\0\0\0\0\0\0\0\0\0\0\0\0\0\0\0\0\0\0\0\0\0\0\0\0\0\0\0^\0\0`\0\0OJ\0QJ\0CJ\0\0%\0\0\0\0\0\0\0\0\0\0\0\0\0\0\0\0\0\0\0\0\0\0\0\0\0\0\0\0\0\0^\0\0`\0\0CJ\0OJ\0QJ\0CJ\0aJ\0\0\0\0\0\0\0\0\0\0\0\0\0\0\0\0\0\0\0\0\0\0\0\0\0\0\0^`OJ\0QJ\0\0\0\0\0\0\0\0\0\0\0\0\0\0\0\0\0\0\0\0\0\0\0\0\0\0\0\0\0\0\0\0\0^\0\0`\0\0\0\0\0\0\0\0\0\0\0\0\0\0\0\0\0\0\0\0\0\0\0\0\0\0\0\0\0\0\0\0\0\0\0^\0\0`\0\0\0\0\0\0\0\0\0\0\0\0\0\0\0\0\0\0\0\0\0\0\0\0\0\0\0\0\0\0\0\0\0\0\0^\0\0`\0\0\0\0\0\0\0\0\0\0\0\0\0\0\0\0\0\0\0\0\0\0\0\0\0\0\0\0\0\0\0\0\0\0\0^\0\0`\0\0\0\0\0\0\0\0\0\0\0\0\0\0\0\0\0\0\0\0\0\0\0\0\0\0\0\0\0\0\0\0\0\0\0^\0\0`\0\0\0\0\0\0\0\0\0\0\0\0\0\0\0\0\0\0\0\0\0\0\0\0\0\0\0\0\0\0\0\0\0\0\0^\0\0`\0\0\0\0\0\0\0\0\0\0\0\0\0\0\0\0\0\0\0\0\0\0\0\0\0\0\0\0\0\0\0\0\0\0\0^\0\0`\0\0\0\0\0\0\0\0\0\0\0\0\0\0\0\0\0\0\0\0\0\0\0\0\0\0\0\0\0\0\0\0\0\0\0^\0\0`\0\0\0\0\0\0\0\0\0\0\0\0\0\0\0\0\0\0\0\0\0\0\0\0\0\0\0\0h\0h^h`OJ\0QJ\0CJ\0\0\0\0\0\0\0\0\0\0\0\0\0\0\0\0\0\0\0\0\0\0\0\0\0\0\0^`CJ\0OJ\0QJ\0aJ\0\0\0\0\0\0\0\0\0\0\0\0\0\0\0\0\0\0\0\0\0\0\0\0\0\0\0^`OJ\0QJ\0\0\0\0\0\0\0\0\0\0\0\0\0\0\0\0\0\0\0\0\0\0\0\0\0\0\0^`OJ\0QJ\0\0\0\0\0\0\0\0\0\0\0\0\0\0\0\0\0\0\0\0\0\0\0\0\0\0\0\0\0\0\0\0\0^\0\0`\0\0\0\0\0\0\0\0\0\0\0\0\0\0\0\0\0\0\0\0\0\0\0\0\0\0\0\0\0\0\0\0\0\0\0^\0\0`\0\0\0\0\0\0\0\0\0\0\0\0\0\0\0\0\0\0\0\0\0\0\0\0\0\0\0\0\0\0\0\0\0\0\0^\0\0`\0\0\0\0\0\0\0\0\0\0\0\0\0\0\0\0\0\0\0\0\0\0\0\0\0\0\0\0\0\0\0\0\0\0\0^\0\0`\0\0\0\0\0\0\0\0\0\0\0\0\0\0\0\0\0\0\0\0\0\0\0\0\0\0\0\0\0\0\0\0\0\0\0^\0\0`\0\0\0\0\0\0\0\0\0\0\0\0\0\0\0\0\0\0\0\0\0\0\0\0\0\0\0\0\0\0\0\0\0\0\0^\0\0`\0\0\0\0\0\0\0\0\0\0\0\0\0\0\0\0\0\0\0\0\0\0\0\0\0\0\0\0\0\0\0\0\0\0\0^\0\0`\0\0\0\0\0\0\0\0\0\0\0\0\0\0\0\0\0\0\0\0\0\0\0\0\0\0\0\0\0\0\0\0\0\0\0^\0\0`\0\0\0\0\0\0\0\0\0\0\0\0\0\0\0\0\0h\0\0\0\0\0\0\0\0^`OJ\0QJ\0o(\0h\0\0\0\0H\0\0\0\0\0\0\0\0\0\0\0\0\0\0\0\0h\0\0\0\0\0\0\0\0^`OJ	\0QJ	\0^J	\0o(\0h\0\0\0\0H\0\0\0o\0\0\0\0\0\0\0\0\0\0\0\0\0\0h\0\0\0\0\0\0\0\0p^p`OJ\0QJ\0o(\0h\0\0\0\0H\0\0\0\0\0\0\0\0\0\0\0\0\0\0\0\0h\0\0\0\0\0\0\0\0@^@`OJ\0QJ\0o(\0h\0\0\0\0H\0\0\0\0\0\0\0\0\0\0\0\0\0\0\0\0h\0\0\0\0\0\0\0\0^`OJ	\0QJ	\0^J	\0o(\0h\0\0\0\0H\0\0\0o\0\0\0\0\0\0\0\0\0\0\0\0\0\0h\0\0\0\0\0\0\0\0^`OJ\0QJ\0o(\0h\0\0\0\0H\0\0\0\0\0\0\0\0\0\0\0\0\0\0\0\0h\0\0\0\0\0\0\0\0^`OJ\0QJ\0o(\0h\0\0\0\0H\0\0\0\0\0\0\0\0\0\0\0\0\0\0\0\0h\0\0\0\0\0\0\0\0^`OJ	\0QJ	\0^J	\0o(\0h\0\0\0\0H\0\0\0o\0\0\0\0\0\0\0\0\0\0\0\0\0\0h\0\0\0\0\0\0\0\0P^P`OJ\0QJ\0o(\0h\0\0\0\0H\0\0\0\0\0\0\0\0\0\0\0\0\0\0\0\0h\0\0\0\0\0\0\0\0^`OJ\0QJ\0o(\0h\0\0\0\0H\0\0\0\0\0\0\0\0\0\0\0\0\0\0\0\0h\0\0\0\0\0\0\0\0^`OJ	\0QJ	\0^J	\0o(\0h\0\0\0\0H\0\0\0o\0\0\0\0\0\0\0\0\0\0\0\0\0\0h\0\0\0\0\0\0\0\0p^p`OJ\0QJ\0o(\0h\0\0\0\0H\0\0\0\0\0\0\0\0\0\0\0\0\0\0\0\0h\0\0\0\0\0\0\0\0@^@`OJ\0QJ\0o(\0h\0\0\0\0H\0\0\0\0\0\0\0\0\0\0\0\0\0\0\0\0h\0\0\0\0\0\0\0\0^`OJ	\0QJ	\0^J	\0o(\0h\0\0\0\0H\0\0\0o\0\0\0\0\0\0\0\0\0\0\0\0\0\0h\0\0\0\0\0\0\0\0^`OJ\0QJ\0o(\0h\0\0\0\0H\0\0\0\0\0\0\0\0\0\0\0\0\0\0\0\0h\0\0\0\0\0\0\0\0^`OJ\0QJ\0o(\0h\0\0\0\0H\0\0\0\0\0\0\0\0\0\0\0\0\0\0\0\0h\0\0\0\0\0\0\0\0^`OJ	\0QJ	\0^J	\0o(\0h\0\0\0\0H\0\0\0o\0\0\0\0\0\0\0\0\0\0\0\0\0\0h\0\0\0\0\0\0\0\0P^P`OJ\0QJ\0o(\0h\0\0\0\0H\0\0\0\0\0\0\0\0\0\0\0\0\0\0\0\0h\0\0\0\0\0\0\0\08^8`OJ\0QJ\0o(\0h\0\0\0\0H\0\0\0\0\0\0\0\0\0\0\0\0\0\0\0\0h\0\0\0\0\0\0\0\0^`OJ	\0QJ	\0^J	\0o(\0h\0\0\0\0H\0\0\0o\0\0\0\0\0\0\0\0\0\0\0\0\0\0h\0\0\0\0\0\0\0\0	^	`OJ\0QJ\0o(\0h\0\0\0\0H\0\0\0\0\0\0\0\0\0\0\0\0\0\0\0\0h\0\0\0\0\0\0\0\0^`OJ\0QJ\0o(\0h\0\0\0\0H\0\0\0\0\0\0\0\0\0\0\0\0\0\0\0\0h\0\0\0\0\0\0\0\0x^x`OJ	\0QJ	\0^J	\0o(\0h\0\0\0\0H\0\0\0o\0\0\0\0\0\0\0\0\0\0\0\0\0\0h\0\0\0\0\0\0\0\0H^H`OJ\0QJ\0o(\0h\0\0\0\0H\0\0\0\0\0\0\0\0\0\0\0\0\0\0\0\0h\0\0\0\0\0\0\0\0^`OJ\0QJ\0o(\0h\0\0\0\0H\0\0\0\0\0\0\0\0\0\0\0\0\0\0\0\0h\0\0\0\0\0\0\0\0^`OJ	\0QJ	\0^J	\0o(\0h\0\0\0\0H\0\0\0o\0\0\0\0\0\0\0\0\0\0\0\0\0\0h\0\0\0\0\0\0\0\0\Z^\Z`OJ\0QJ\0o(\0h\0\0\0\0H\0\0\0\0\0\0\0\0\0\0\0\0\0\0\0\0h\0\0\0\0\0\0\0\0^`OJ\0QJ\0o(\0h\0\0\0\0H\0\0\0\0\0\0\0\0\0\0\0\0\0\0\0\0h\0\0\0\0\0\0\0\0^`OJ	\0QJ	\0^J	\0o(\0h\0\0\0\0H\0\0\0o\0\0\0\0\0\0\0\0\0\0\0\0\0\0h\0\0\0\0\0\0\0\0p^p`OJ\0QJ\0o(\0h\0\0\0\0H\0\0\0\0\0\0\0\0\0\0\0\0\0\0\0\0h\0\0\0\0\0\0\0\0@^@`OJ\0QJ\0o(\0h\0\0\0\0H\0\0\0\0\0\0\0\0\0\0\0\0\0\0\0\0h\0\0\0\0\0\0\0\0^`OJ	\0QJ	\0^J	\0o(\0h\0\0\0\0H\0\0\0o\0\0\0\0\0\0\0\0\0\0\0\0\0\0h\0\0\0\0\0\0\0\0^`OJ\0QJ\0o(\0h\0\0\0\0H\0\0\0\0\0\0\0\0\0\0\0\0\0\0\0\0h\0\0\0\0\0\0\0\0^`OJ\0QJ\0o(\0h\0\0\0\0H\0\0\0\0\0\0\0\0\0\0\0\0\0\0\0\0h\0\0\0\0\0\0\0\0^`OJ	\0QJ	\0^J	\0o(\0h\0\0\0\0H\0\0\0o\0\0\0\0\0\0\0\0\0\0\0\0\0\0h\0\0\0\0\0\0\0\0P^P`OJ\0QJ\0o(\0h\0\0\0\0H\0\0\0\0\0\0\0\0\0\0\0\0\0\0\0\0\0\0\0\0\0\0\0\0\0\0\0^`OJ\0QJ\0o(\0h\0\0\0\0H\0\0\0\0\0\0\0\0\0\0\0\0\0\0\0\0\0\0\0\0\0\0\0\0\0\0^`OJ	\0QJ	\0^J	\0o(\0h\0\0\0\0H\0\0\0o\0\0\0\0\0\0\0\0\0\0\0\0\0\0\0\0\0\0\0\0\0\0\0\0p^p`OJ\0QJ\0o(\0h\0\0\0\0H\0\0\0\0\0\0\0\0\0\0\0\0\0\0\0\0\0\0\0\0\0\0\0\0\0\0@^@`OJ\0QJ\0o(\0h\0\0\0\0H\0\0\0\0\0\0\0\0\0\0\0\0\0\0\0\0\0\0\0\0\0\0\0\0\0\0^`OJ	\0QJ	\0^J	\0o(\0h\0\0\0\0H\0\0\0o\0\0\0\0\0\0\0\0\0\0\0\0\0\0\0\0\0\0\0\0\0\0\0\0^`OJ\0QJ\0o(\0h\0\0\0\0H\0\0\0\0\0\0\0\0\0\0\0\0\0\0\0\0\0\0\0\0\0\0\0\0\0\0^`OJ\0QJ\0o(\0h\0\0\0\0H\0\0\0\0\0\0\0\0\0\0\0\0\0\0\0\0\0\0\0\0\0\0\0\0\0\0^`OJ	\0QJ	\0^J	\0o(\0h\0\0\0\0H\0\0\0o\0\0\0\0\0\0\0\0\0\0\0\0\0\0\0\0\0\0\0\0\0\0\0\0P^P`OJ\0QJ\0o(\0h\0\0\0\0H\0\0\0\0\0\0\0\0\0\0\0\0\0\0\0\0\0\0\0\0\0\0\0\0\0\0\0\0\0\0\0\0\0\0\0\0\0\0\0\0\0\0\0\0\0\0\0\0\0\0\0\0\0\0\0\0\0\0\0\0\0\0\0\0\0\0\0\0\0\0\0\0\0\0\0\0\0\0\0\0\0\0\0\0\0\0\0\0\0\0\0\0\0\0\0\0\0\0\0\0\0\0\0\0\0\0\0\0\0\0\0\0\0\0\0\0\0\0\0\0\0\0\0\0\0\0	\0\0\0\0\0\0\0\0\0\0\0\0\0\0\0(TL\0\0\0\0\0\0\0\0\0\0\0\05{i\0\0\0\0\0\0\0\0\0\0\0\0dM\0\0\0\0\0\0\0\0\0\0\0\0PUw\0\0\0\0\0\0\0\0\0\0\0\0[~\0\0\0\0\0\0\0\0\0\0\0\0\0\0\0\0\0\0W\0W\08\0N\0u\0m\02\0\0W\0W\08\0N\0u\0m\03\0\0W\0W\08\0N\0u\0m\04\0\0W\0W\08\0N\0u\0m\05\0\0W\0W\08\0N\0u\0m\06\0\0W\0W\08\0N\0u\0m\07\0\0W\0W\08\0N\0u\0m\08\0\0W\0W\08\0N\0u\0m\09\0\0\0\0\0\0\0\0\0\0\0\0\0\0\0\0\0\0\0\0\0\0\0\0\0\0\0\0\0\0\0\0\0\0	@\0	@\0	@\0	@\0	@\0	@\0	@\0	@\0	@\0\0	\0	\0	\0	\0	\0	\0	\0	\0	\0\0	@\0	@\0	@\0	@\0	@\0	@\0	@\0	@\0	@\0\0	@\0	@\0	@\0	@\0	@\0	@\0	@\0	@\0	@\0\0	@\0	@\0	@\0	@\0	@\0	@\0	@\0	@\0	@\0_\0\0\0\0\0\0\0\0\0\0\04H>\0\0\0\0\0\0\0\0\0\0\0ZC\Zj\0\0\0\0\0\0\0\0\0\0\0N\0\0\0\0\0\0\0\0\0\0\0\0\0\0\0M\0\0?9\0e\0*\0rz\0)\0-\0F\0J;\0y\0\0K\0k\0xh	\0v	\07\n\0Pe\n\0m\0Z\0X\"\0_\0\Zd\r\0MM\0%g\02\0R\0*S\07\0QH\0\0=\0a\0L-\0.\03\0)\Z\0oz\Z\0\0\0}-\0=\0m\0_I\05p\0)\0/\"\07\"\0pA#\0h#\0\0%\0.7&\0s\'\0[(\0+D)\0$*\0wZ*\0az*\0+\0Y,\0/,\0s,\0-\0]-\0$.\0R/\09n/\0#0\0l0\0\Z]2\0o34\0\"!6\0<6\0|U7\0V7\09\0|9\0X:\0r;\0H;\05<\0xE<\0L<\0g>\0 >\0,>\01>\0\\2>\0?\0?\0?\0@l?\0%A\0B\0HMB\0\"eB\0bC\0nD\0tF\0xRF\0SF\0G\0R&G\0QWH\01I\09I\0lI\0K\0o@L\0E~M\0?O\0aP\0rR\0H,S\0^U\0YV\0=W\0~X\0Y\0/Z\0	\\\0H\\\0]\0^\0&^^\0L_\0\'|_\0p`\01a\0tc\0@d\0%e\0xf\0f\0/g\0%=g\0Dg\0]h\0	h\0jh\0;i\0dj\0Pk\0=qk\0~k\0+Wl\0uYl\0lgl\0qo\0p\0\"/p\0TTq\0/r\0Er\0t\\s\0t\09v\0/Hv\0Nv\0tw\0wnw\0Ux\0px\0<z\0g?z\0U|\0V|\0m|\0A%\0=\0B\0_\0Y\0o\0(%\0p\0c\0y\0QX\0.\0K\0(\0;\0|\0\r\Z\0tk\0[\0z\0\00K\0*\0-U\0}\0@\0Q\0\"x\0\0\0)\0^\0l\01\0U3\0D\0$\0p\0f\0p\0O\0X\0qb\0sw\0Tz\0@\0Z\0n\0 \0}\0>\Z\0]O\0\\\0P\0\0\"T\0JH\0L\0P\0$n\0y\0O\0m\0(\0x\07\0]>\0i\0\n\0-\0+\0>a\0Ri\0\'\0x\0M\0\"j\0\'\n\0F#\0M\0L\0\00\02\0%s\0\Z\0f\0@\0BI\0\0&\09\0D\0~\0\0_\0]\0i\0=\0e\0g\0~\0=+\0J\0g\0\0P\\\00\0~\0f\0\rq\0j	\0H\0d\01\0\0;\0\r#\0 \0\"\0[F\0%\0l\Z\0~\0@\0\0\0U\0J6\0\\\0G\0Ba\0wf\0l\0u\n\0\0-\0{\0@\0|\0K\0\r3\0<\0\0B\0\0U\0ws\0BT\0u\0z\0*\0\0`\01r\0ds\0\0\0	\0<\09\n\0\0\0y\0D\0P\06\0[\"\0(\0^\0\0\0\0\0\Z\0\0\Z\0\0\0\0\0\0\0\0\0@\0\0\0\0\0\0/\0\0\0\0\0\0\0\0\0\0\0\0\0\0\0\0\0\0\0\0\0\Z\0\0h\0\0\0@\0\0\0\0\0\0U\0n\0k\0n\0o\0w\0n\0\0\0\0\0\0\0\0\0\0\0\0\0\0\0\0\0\0\0\0\0\0\0\0\0\0\0\0\0\0\0\0\0\0\0G\0\0*\0Ax\0	\0\0\0\0\0\0\0\0\0\0\0\0\0T\0i\0m\0e\0s\0 \0N\0e\0w\0 \0R\0o\0m\0a\0n\0\0\05\0\0\0\0\0\0\0\0\0\0\0\0\0\0\0\0\0\0\0\0\0\0\0S\0y\0m\0b\0o\0l\0\0\03.\0\0*\0Cx\0	\0\0\0\0\0\0\0\0\0\0\0\0\0A\0r\0i\0a\0l\0\0\07\0\0\n\0\0\0\0\0\0\0\0\0\0\0\0\0\0\0\0\0\0\0\0S\0y\0l\0f\0a\0e\0n\0\0\09\0\0\0\0\0\0\0\0\0\0\0\0\0\0\0\0\0\0\0\0\0\0\0G\0a\0r\0a\0m\0o\0n\0d\0\0\05.\0\0.\0[`\0)\0\0\0\0\0\0\0\0\0\0\0\0T\0a\0h\0o\0m\0a\0\0\0;\0\0\0\0\0\0\0\0\0\0\0\0\0\0\0\0\0\0\0\0\0\0\0\0\0\0\0\0\0\0\0\0W\0i\0n\0g\0d\0i\0n\0g\0s\0\0\0?\0\0\0\0\0\0\0\0\0\0\0\0\0\0\0\0\0\0\0\0\0\0\0W\0i\0n\0g\0d\0i\0n\0g\0s\0 \02\0\0\0]\0\0\0\0\0\0\0\0\0\0\0\0\0\0\0\0\0\0\0\0\0\0\0\0\0\0\0\0\0\0\0\0\0\0\0S\0t\0a\0r\0S\0y\0m\0b\0o\0l\0\0\0T\0i\0m\0e\0s\0 \0N\0e\0w\0 \0R\0o\0m\0a\0n\0\0\0?=\0\0	*\0Cx\0	\0\0\0\0\0\0\0\0\0\0\0\0\0C\0o\0u\0r\0i\0e\0r\0 \0N\0e\0w\0\0\0O.\0\0\n\0k9\0\0\0\0\0\0\0\0\0\0\0\0\0\0\0\0\0L\0u\0c\0i\0d\0a\0 \0S\0a\0n\0s\0 \0U\0n\0i\0c\0o\0d\0e\0\0\0A\0\0\0$\0B\0\0\0\0\0\0\0\0\0\0\0\0\0\0C\0a\0m\0b\0r\0i\0a\0 \0M\0a\0t\0h\0\0\0B\0\0A\0\0\0\0h\0\0\0\0\0gyzm\0\0\0\0\0\0\0\0\r\0\0\0\00\0\0\0\0\0\0\0\0\r\0\0\00\0\0\0\0\0\0\0a\0\0\0\0\0\0\0\0\0\0\0\0\0\0\0\0\0\0\0\0\0\0\0\0\0\0\0\0\0\0\0\0\0\0\0\0\0\0\0\0\0\0\0\0\0\0\0\0\0\0\0\0\0\0\0\0\0\0\0\0\0\0\0\0\0\0\0\0\0\0\0\0\0\0\0\0\0\0\0\0\0\0\0\0\0\0\0\0\0\0\0\0\0\0\0\0\0\0\0\0\0\0\0\0\0\0\0\0\0\0\0\0\0\0\0\0\0\0\0\0\0\0\0\0\0\0\0\0\0\0\0\0\0\0\0\0\0\0\0\0\0\0\0\0\0\0\0\0\0\0\0\0\0\0\0\0\0\0\0\0\0\0\0\0\0\0\0\0\0\0\0\0\0\0\0\0\0\0\0\0\0\0\0\0\0\0\0\0\0\0\0\0\0\0\0\0\0\0\0\0\0\0\0\0\0\0\0\0\0\0\0\0\0\0\0\0\0\0\0\0\0\0\0\0\0\0\0\0\0\0\0\0\0\0\0\0\0\0\0\0\0\0\0\0\0\0\0\0\0\0\0\0\0\0\0\0\0\0\0\0\0\0\0\0\0\0\0\0\0\0\0\0\0\0\0\0\0\0\0\0\0\0\0\0\0\0\0\0\0\0\0\0\0\0\0\0\0\0\0\0\0\0\0\0\0\0\0\0\0\0\0\0\0\0\0\0\0\0\0\0\0\0\0\0\0\020\0\0\0\0\0\0\0\0\0\0\0\0\0\0\Z\0\0\Z\0\0\0\0\0\0\0\0\0\0\0\0\0\0\0\0\0\0\0\0\0\0\0\0\0\0\0\0\0\0\0\0\0\0\0\0\0\0\0\0\0\0\0\0\0\0\0\0\0\0\0\0\0\0\0\0\0\0\0\0\0\0\0\0\0\0\0\0\0\0\0Jq\0\0\0\0\0\0\0\0\0\0\0\0\0\0\0\0\0\0\0\0\0\0\0\0\0\0\0\0\0HP\0\0\0\0	\0	$P\0\0\0\0\0\0dj\0\0\0\0\0\0\0\0\0\0\0\0\0\0\0\0\0\0\0\0\0\0\0\0\0!\0\0\0\0\0\0\0\0\0\0\0\0\0\0\0\0\0\0\0\0\0\0\0\0\0\0\0\0\0x\0\0\0x\0\0\0\0\0\0\0\0\0\0\0\0\0\0\0\0\0\0\0\0\0R\0a\0j\0e\0s\0h\0\0\0\0\0\0\0\0R\0a\0j\0\0B\0o\0b\0b\0y\0\0\0\0\0\0\0\0\0\0\0\0\0\0\0\0\0\0\0\0\0D\0\0\0\0\0\0\0\0\0\0\0\0\0\0\0\0\0\0\0\0\0\0\0\0\0\0\0\0	\0\0\n\0\0\0\0\0\0\r\0\0\0\0\0\0\0\0\0\0\0\0\0\0\0\0\0\0\0\0\0\0\0\0\0\0\0\0\0\0\0\0\0\0\0\0\0\0\0\0\0\0\0\0\0\0\0\0\0\0\0\0\0\0\0\0\0\0\0\0\0\0\0\0\0\0\0\0\0\0\0\0\0\0\0\0\0\0\0\0\0\0\0\0\0\0\0\0\0\0\0\0\0\0\0\0\0\0\0\0\0\0\0\0\0\0\0\0\0\0\0\0\0\0\0\0\0\0\0\0\0\0\0\0\0\0\0\0\0\0\0\0\0\0\0\0\0\0\0\0\0\0\0\0\0\0\0\0\0\0\0\0\0\0\0\0\0\0\0\0\0\0\0\0\0\0\0\0\0\0\0\0\0\0\0\0\0\0\0\0\0\0\0\0\0\0\0\0\0\0\0\0\0\0\0\0\0\0\0\0\0\0\0\0\0\0\0\0\0\0\0\0\0\0\0\0\0\0\0\0\0\0\0\0\0\0\0\0\0\0\0\0\0\0\0\0\0\0\0\0\0\0\0\0\0\0\0\0\0\0\0\0\0\0\0\0\0\0\0\0\0\0\0\0\0\0\0\0\0\0\0\0\0\0\0\0\0\0\0\0\0\0\0\0\0\0\0\0\0\0\0\0\0\0Oh\0+\'0\0\0\0h\0\0\0\0\0\0\0\0\0\0\0\0\0\0\0\0\0\0\0\0\0\0\0\0\0\0\0\0\0\0\0\0\0\0\0\0\0\0\0\0\0\0\0\0\0\0\0	\0\0\0\0\0\0\0\0\0\0\0\0\n\0\0\0\0\0\0\0\0$\0\0\0\0\00\0\0\r\0\0\0<\0\0\0\0\0H\0\0\0\0\0P\0\0\0\0\0X\0\0\0\0\0`\0\0\0\0\0\0\0\0\0\0\0\0\0Rajesh\0\0\0\0\0\0\0\0\0\0\0\0\0\0\0\0\0\0Raj\0\0\0\0\0\0\0\0\0\0\0\0\0\0\0\0\0Normal\0\0\0\0\0\0\0\0Bobby\0\0\0\0\0\0\0\0\016\0\0\0\0\0\0\0\0Microsoft Office Word\0\0\0@\0\0\0\0TJ\0\0\0@\0\0\0\0(F@\0\0\0\0\'w@\0\0\0\0:$~\0\0\0\0\0\0\0\0\0\0\0\0\0\0\0\0\0\0\0\0\0\0\0\0\0\0\0\0\0\0\0\0\0\0\0\0\0\0\0\0\0\0\0\0\0\0\0\0\0\0\0\0\0\0\0\0\0\0\0\0\0\0\0\0\0\0\0\0\0\0\0\0\0\0\0\0\0\0\0\0\0\0\0\0\0\0\0\0\0\0\0\0\0\0\0\0\0\0\0\0\0\0\0\0\0\0\0\0\0\0\0\0\0\0\0\0\0\0\0\0\0\0\0\0\0\0\0\0\0\0\0\0\0\0\0\0\0\0\0\0\0\0\0\0\0\0\0\0\0\0\0\0\0\0\0\0\0\0\0\0\0\0\0\0\0\0\0\0\0\0\0\0\0\0\0\0\0\0\0\0\0\0\0\0\0\0\0\0\0\0\0\0\0\0\0\0\0\0\0\0\0\0\0\0\0\0\0\0\0\0\0\0\0\0\0\0\0\0\0\0\0\0\0\0\0\0\0\0\0\0\0\0\0\0\0\0\0\0\0\0\0\0\0\0\0\0\0\0\0\0\0\0\0\0\0\0\0\0\0\0\0\0\0\0\0\0\0\0\0\0\0\0\0\0\0\0\0\0\0\0\0\0\0\0\0\0\0\0\0\0\0\0\0\0\0\0\0\0\0\0\0\0\0\0\0\0\0\0\0\0\0\0\0\0\0\0\0\0\0\0\0\0\0\0\0\0\0\0\0\0\0\0\0\0\0\0\0\0\0\0\0\0\0\0\0\0\0\0\0\0\0\0\0\0\0\0\0\0\0\0\0\0\0\0\0\0\0\0\0\0\0\0\0\0\0\0\0\0\0\0\0\0\0\0\0\0\0\0\0\0\0\0\0\0\0\0\0\0\0\0\0\0\0\0\0\0\0\0\0\0\0\0\0\0\0\0\0\0\0\0\0\0\0\0\0\0\0\0\0\0\0\0\0\0\0\0\0\0\0\0\0\0\0\0\0\0\0\0\0\0\0\0\0\0\0\0\0\0\0\0\0\0\0\0\0\0\0\0\0\0\0\0\0\0\0\0\0\0\0\0\0\0\0\0\0\0\0\0\0\0\0\0\0\0\0\0\0\0\0\0\0\0\0\0\0\0\0\0\0\0\0\0\0\0\0\0\0\0\0\0\0\0\0\0\0\0\0\0\0\0\0\0\0\0\0\0\0\0\0\0\0\0\0\0\0\0\0\0\0\0\0\0\0\0\0\0\0\0\0\0\0\0\0\0\0\0\0\0\0\0\0\0\0\0\0\0\0\0\0\0\0\0\0\0\0\0\0\0\0\0\0\0\0\0\0\0\0\0\0\0\0\0\0\0\0\0\0\0\0\0\0\0\0\0\0\0\0\0\0\0\0\0\0\0\0\0\0\0\0\0\0\0\0\0\0\0\0\0\0\0\0\0\0\0\0\0\0\0\0\0\0\0\0\0\0\0\0\0\0\0\0\0\0\0\0\0\0\0\0\0\0\0\0\0\0\0\0\0\0\0\0\0\0\0\0\0\0\0\0\0\0\0\0\0\0\0\0\0\0\0\0\0\0\0\0\0\0\0\0\0\0\0\0\0\0\0\0\0\0\0\0\0\0\0\0\0\0\0\0\0\0\0\0\0\0\0\0\0\0\0\0\0\0\0\0\0\0\0\0\0\0\0\0\0\0\0\0\0\0\0\0\0\0\0\0\0\0\0\0\0\0\0\0\0\0\0\0\0\0\0\0\0\0\0\0\0\0\0\0\0\0\0\0\0\0\0\0\0\0\0\0\0\0\0\0\0\0\0\0\0\0\0\0\0\0\0\0\0\0\0\0\0\0\0\0\0\0\0\0\0\0\0\0\0\0\0\0\0\0\0\0\0\0\0\0\0\0\0\0\0\0\0\0\0\0\0\0\0\0\0\0\0\0\0\0\0\0\0\0\0\0\0\0\0\0\0\0\0\0\0\0\0\0\0\0\0\0\0\0\0\0\0\0\0\0\0\0\0\0\0\0\0\0\0\0\0\0\0\0\0\0\0\0\0\0\0\0\0\0\0\0\0\0\0\0\0\0\0\0\0\0\0\0\0\0\0\0\0\0\0\0\0\0\0\0\0\0\0\0\0\0\0\0\0\0\0\0\0\0\0\0\0\0\0\0\0\0\0\0\0\0\0\0\0\0\0\0\0\0\0\0\0\0\0\0\0\0\0\0\0\0\0\0\0\0\0\0\0\0\0\0\0\0\0\0\0\0\0\0\0\0\0\0\0\0\0\0\0\0\0\0\0\0\0\0\0\0\0\0\0\0\0\0\0\0\0\0\0\0\0\0\0\0\0\0\0\0\0\0\0\0\0\0\0\0\0\0\0\0\0\0\0\0\0\0\0\0\0\0\0\0\0\0\0\0\0\0\0\0\0\0\0\0\0\0\0\0\0\0\0\0\0\0\0\0\0\0\0\0\0\0\0\0\0\0\0\0\0\0\0\0\0\0\0\0\0\0\0\0\0\0\0\0\0\0\0\0\0\0\0\0\0\0\0\0\0\0\0\0\0\0\0\0\0\0\0\0\0\0\0\0\0\0\0\0\0\0\0\0\0\0\0\0\0\0\0\0\0\0\0\0\0\0\0\0\0\0\0\0\0\0\0\0\0\0\0\0\0\0\0\0\0\0\0\0\0\0\0\0\0\0\0\0\0\0\0\0\0\0\0\0\0\0\0\0\0\0\0\0\0\0\0\0\0\0\0\0\0\0\0\0\0\0\0\0\0\0\0\0\0\0\0\0\0\0\0\0\0\0\0\0\0\0\0\0\0\0\0\0\0\0\0\0\0\0\0\0\0\0\0\0\0\0\0\0\0\0\0\0\0\0\0\0\0\0\0\0\0\0\0\0\0\0\0\0\0\0\0\0\0\0\0\0\0\0\0\0\0\0\0\0\0\0\0\0\0\0\0\0\0\0\0\0\0\0\0\0\0\0\0\0\0\0\0\0\0\0\0\0\0\0\0\0\0\0\0\0\0\0\0\0\0\0\0\0\0\0\0\0\0\0\0\0\0\0\0\0\0\0\0\0\0\0\0\0\0\0\0\0\0\0\0\0\0\0\0\0\0\0\0\0\0\0\0\0\0\0\0\0\0\0\0\0\0\0\0\0\0\0\0\0\0\0\0\0\0\0\0\0\0\0\0\0\0\0\0\0\0\0\0\0\0\0\0\0\0\0\0\0\0\0\0\0\0\0\0\0\0\0\0\0\0\0\0\0\0\0\0\0\0\0\0\0\0\0\0\0\0\0\0\0\0\0\0\0\0\0\0\0\0\0\0\0\0\0\0\0\0\0\0\0\0\0\0\0\0\0\0\0\0\0\0\0\0\0\0\0\0\0\0\0\0\0\0\0\0\0\0\0\0\0\0\0\0\0\0\0\0\0\0\0\0\0\0\0\0\0\0\0\0\0\0\0\0\0\0\0\0\0\0\0\0\0\0\0\0\0\0\0\0\0\0\0\0\0\0\0\0\0\0\0\0\0\0\0\0\0\0\0\0\0\0\0\0\0\0\0\0\0\0\0\0\0\0\0\0\0\0\0\0\0\0\0\0\0\0\0\0\0\0\0\0\0\0\0\0\0\0\0\0\0\0\0\0\0\0\0\0\0\0\0\0\0\0\0\0\0\0\0\0\0\0\0\0\0\0\0\0\0\0\0\0\0\0\0\0\0\0\0\0\0\0\0\0\0\0\0\0\0\0\0\0\0\0\0\0\0\0\0\0\0\0\0\0\0\0\0\0\0\0\0\0\0\0\0\0\0\0\0\0\0\0\0\0\0\0\0\0\0\0\0\0\0\0\0\0\0\0\0\0\0\0\0\0\0\0\0\0\0\0\0\0\0\0\0\0\0\0\0\0\0\0\0\0\0\0\0\0\0\0\0\0\0\0\0\0\0\0\0\0\0\0\0\0\0\0\0\0\0\0\0\0\0\0\0\0\0\0\0\0\0\0\0\0\0\0\0\0\0\0\0\0\0\0\0\0\0\0\0\0\0\0\0\0\0\0\0\0\0\0\0\0\0\0\0\0\0\0\0\0\0\0\0\0\0\0\0\0\0\0\0\0\0\0\0\0\0\0\0\0\0\0\0\0\0\0\0\0\0\0\0\0\0\0\0\0\0\0\0\0\0\0\0\0\0\0\0\0\0\0\0\0\0\0\0\0\0\0\0\0\0\0\0\0\0\0\0\0\0\0\0\0\0\0\0\0\0\0\0\0\0\0\0\0\0\0\0\0\0\0\0\0\0\0\0\0\0\0\0\0\0\0\0\0\0\0\0\0\0\0\0\0\0\0\0\0\0\0\0\0\0\0\0\0\0\0\0\0\0\0\0\0\0\0\0\0\0\0\0\0\0\0\0\0\0\0\0\0\0\0\0\0\0\0\0\0\0\0\0\0\0\0\0\0\0\0\0\0\0\0\0\0\0\0\0\0\0\0\0\0\0\0\0\0\0\0\0\0\0\0\0\0\0\0\0\0\0\0\0\0\0\0\0\0\0\0\0\0\0\0\0\0\0\0\0\0\0\0\0\0\0\0\0\0\0\0\0\0\0\0\0\0\0\0\0\0\0\0\0\0\0\0\0\0\0\0\0\0\0\0\0\0\0\0\0\0\0\0\0\0\0\0\0\0\0\0\0\0\0\0\0\0\0\0\0\0\0\0\0\0\0\0\0\0\0\0\0\0\0\0\0\0\0\0\0\0\0\0\0\0\0\0\0\0\0\0\0\0\0\0\0\0\0\0\0\0\0\0\0\0\0\0\0\0\0\0\0\0\0\0\0\0\0\0\0\0\0\0\0\0\0\0\0\0\0\0\0\0\0\0\0\0\0\0\0\0\0\0\0\0\0\0\0\0\0\0\0\0\0\0\0\0\0\0\0\0\0\0\0\0\0\0\0\0\0\0\0\0\0\0\0\0\0\0\0\0\0\0\0\0\0\0\0\0\0\0\0\0\0\0\0\0\0\0\0\0\0\0\0\0\0\0\0\0\0\0\0\0\0\0\0\0\0\0\0\0\0\0\0\0\0\0\0\0\0\0\0\0\0\0\0\0\0\0\0\0\0\0\0\0\0\0\0\0\0\0\0\0\0\0\0\0\0\0\0\0\0\0\0\0\0\0\0\0\0\0\0\0\0\0\0\0\0\0\0\0\0\0\0\0\0\0\0\0\0\0\0\0\0\0\0\0\0\0\0\0\0\0\0\0\0\0\0\0\0\0\0\0\0\0\0\0\0\0\0\0\0\0\0\0\0\0\0\0\0\0\0\0\0\0\0\0\0\0\0\0\0\0\0\0\0\0\0\0\0\0\0\0\0\0\0\0\0\0\0\0\0\0\0\0\0\0\0\0\0\0\0\0\0\0\0\0\0\0\0\0\0\0\0\0\0\0\0\0\0\0\0\0\0\0\0\0\0\0\0\0\0\0\0\0\0\0\0\0\0\0\0\0\0\0\0\0\0\0\0\0\0\0\0\0\0\0\0\0\0\0\0\0\0\0\0\0\0\0\0\0\0\0\0\0\0\0\0\0\0\0\0\0\0\0\0\0\0\0\0\0\0\0\0\0\0\0\0\0\0\0\0\0\0\0\0\0\0\0\0\0\0\0\0\0\0\0\0\0\0\0\0\0\0\0\0\0\0\0\0\0\0\0\0\0\0\0\0\0\0\0\0\0\0\0\0\0\0\0\0\0\0\0\0\0\0\0\0\0\0\0\0\0\0\0\0\0\0\0\0\0\0\0\0\0\0\0\0\0\0\0\0\0\0\0\0\0\0\0\0\0\0\0\0\0\0\0\0\0\0\0\0\0\0\0\0\0\0\0\0\0\0\0\0\0\0\0\0\0\0\0\0\0\0\0\0\0\0\0\0\0\0\0\0\0\0\0\0\0\0\0\0\0\0\0\0\0\0\0\0\0\0\0\0\0\0\0\0\0\0\0\0\0\0\0\0\0\0\0\0\0\0\0\0\0\0\0\0\0\0\0\0\0\0\0\0\0\0\0\0\0\0\0\0\0\0\0\0\0\0\0\0\0\0\0\0\0\0\0\0\0\0\0\0\0\0\0\0\0\0\0\0\0\0\0\0\0\0\0\0\0\0\0\0\0\0\0\0\0\0\0\0\0\0\0\0\0\0\0\0\0\0\0\0\0\0\0\0\0\0\0\0\0\0\0\0\0\0\0\0\0\0\0\0\0\0\0\0\0\0\0\0\0\0\0\0\0\0\0\0\0\0\0\0\0\0\0\0\0\0\0\0\0\0\0\0\0\0\0\0\0\0\0\0\0\0\0\0\0\0\0\0\0\0\0\0\0\0\0\0\0\0\0\0\0\0\0\0\0\0\0\0\0\0\0\0\0\0\0\0\0\0\0\0\0\0\0\0\0\0\0\0\0\0\0\0\0\0\0\0\0\0\0\0\0\0\0\0\0\0\0\0\0\0\0\0\0\0\0\0\0\0\0\0\0\0\0\0\0\0\0\0\0\0\0\0\0\0\0\0\0\0\0\0\0\0\0\0\0\0\0\0\0\0\0\0\0\0\0\0\0\0\0\0\0\0\0\0\0\0\0\0\0\0\0\0\0\0\0\0\0\0\0\0\0\0\0\0\0\0\0\0\0\0\0\0\0\0\0\0\0\0\0\0\0\0\0\0\0\0\0\0\0\0\0\0\0\0\0\0\0\0\0\0\0\0\0\0\0\0\0\0\0\0\0\0\0\0\0\0\0\0\0\0\0\0\0\0\0\0\0\0\0\0\0\0\0\0\0\0\0\0\0\0\0\0\0\0\0\0\0\0\0\0\0\0\0\0\0\0\0\0\0\0\0\0\0\0\0\0\0\0\0\0\0\0\0\0\0\0\0\0\0\0\0\0\0\0\0\0\0\0\0\0\0\0\0\0\0\0\0\0\0\0\0\0\0\0\0\0\0\0\0\0\0\0\0\0\0\0\0\0\0\0\0\0\0\0\0\0\0\0\0\0\0\0\0\0\0\0\0\0\0\0\0\0\0\0\0\0\0\0\0\0\0\0\0\0\0\0\0\0\0\0\0\0\0\0\0\0\0\0\0\0\0\0\0\0\0\0\0\0\0\0\0\0\0\0\0\0\0\0\0\0\0\0\0\0\0\0\0\0\0\0\0\0\0\0\0\0\0\0\0\0\0\0\0\0\0\0\0\0\0\0\0\0\0\0\0\0\0\0\0\0\0\0\0\0\0\0\0\0\0\0\0\0\0\0\0\0\0\0\0\0\0\0\0\0\0\0\0\0\0\0\0\0\0\0\0\0\0\0\0\0\0\0\0\0\0\0\0\0\0\0\0\0\0\0\0\0\0\0\0\0\0\0\0\0\0\0\0\0\0\0\0\0\0\0\0\0\0\0\0\0\0\0\0\0\0\0\0\0\0\0\0\0\0\0\0\0\0\0\0\0\0\0\0\0\0\0\0\0\0\0\0\0\0\0\0\0\0\0\0\0\0\0\0\0\0\0\0\0\0\0\0\0\0\0\0\0\0\0\0\0\0\0\0\0\0\0\0\0\0\0\0\0\0\0\0\0\0\0\0\0\0\0\0\0\0\0\0\0\0\0\0\0\0\0\0\0\0\0\0\0\0\0\0\0\0\0\0\0\0\0\0\0\0\0\0\0\0\0\0\0\0\0\0\0\0\0\0\0\0\0\0\0\0\0\0\0\0\0\0\0\0\0\0\0\0\0\0\0\0\0\0\0\0\0\0\0\0\0\0\0\0\0\0\0\0\0\0\0\0\0\0\0\0\0\0\0\0\0\0\0\0\0\0\0\0\0\0\0\0\0\0\0\0\0\0\0\0\0\0\0\0\0\0\0\0\0\0\0\0\0\0\0\0\0\0\0\0\0\0\0\0\0\0\0\0\0\0\0\0\0\0\0\0\0\0\0\0\0\0\0\0\0\0\0\0\0\0\0\0\0\0\0\0\0\0\0\0\0\0\0\0\0\0\0\0\0\0\0\0\0\0\0\0\0\0\0\0\0\0\0\0\0\0\0\0\0\0\0\0\0\0\0\0\0\0\0\0\0\0\0\0\0\0\0\0\0\0\0\0\0\0\0\0\0\0\0\0\0\0\0\0\0\0\0\0\0\0\0\0\0\0\0\0\0\0\0\0\0\0\0\0\0\0\0\0\0\0\0\0\0\0\0\0\0\0\0\0\0\0\0\0\0\0\0\0\0\0\0\0\0\0\0\0\0\0\0\0\0\0\0\0\0\0\0\0\0\0\0\0\0\0\0\0\0\0\0\0\0\0\0\0\0\0\0\0\0\0\0\0\0\0\0\0\0\0\0\0\0\0\0\0\0\0\0.\0+,D\0\0\0.\0+,4\0\0\0\0\0\0\0\0\0\0\0h\0\0\0\0\0\0p\0\0\0\0\0\0|\0\0\0\0\0\0\0\0\0\0\0\0\0\0\0\0\0\0\0\0\0\0\0\0\0\0\0\0\0\0\0\0\0\0\0\0\0\0\0\0\0\0\0\0\0\r\0\0\0\0\0\0\0\0\0\0\0\0\0\0\0\0\0\0\0\0\0\0\0IT\0\0\0\0\00\0\0\0\0\0\0\r\0\0\0\0\0\0\Z\0\0\0\0\0\0\0\0\0\0\0\0\0\0\0\0\0\0\0\0\0\0\0\0\0\0\0\0\0\0\0\0\0\0\0\0\0\0\0\0\0\0\0\0Rajesh\0\0\0\0\0\0\0\0\0\0\0\0Title\0\0\0\0\0\0\0\0\0\0\0\0\0\0\0\0\0\0\0 \0\0\0\0\0\08\0\0\0\0\0\0@\0\0\0\0\0\0\0\0\0\0\0\0_PID_HLINKS\0\0\0\0\0\0A\0\0\0\0\0\0\0\0\0\0\0J\0Z\0\0\0\0	\0\0\0\0\0\0\0\0\0\0\0\0\0\0\0\0\0\0\0\0\0\0h\0t\0t\0p\0:\0/\0/\0w\0w\0w\0.\0m\0o\0m\0e\0t\0r\0o\0s\0a\0l\0e\0s\0.\0c\0o\0m\0/\0\0\0\0\0\0\0\0\0\0\0\0\0\0\0\0>\07\0\0\0\0\0\0\0\0\0\0\0\0\0\0\0\0\0\0\0\0\0\0\0\0\0\0h\0t\0t\0p\0:\0/\0/\0w\0w\0w\0.\0g\0y\0a\0p\0t\0i\0.\0c\0o\0m\0/\0\0\0\0\0\0\0\0\0\0\0\0\0\0\0\0]\0U\0\0\0\0\0\0\0\0\0\0\0\0\0\0\0\0\0\0\0\0\0\0\0\0\0\0h\0t\0t\0p\0:\0/\0/\0r\0v\0r\0.\0t\0h\0e\0w\0t\0o\0u\0r\0.\0c\0o\0m\0/\0\0\0\0\0\0\0\0\0\0\0\0\0\0\0\0&\0 \0\0\0\0\0\0\0\0\0\0\0\0\0\0\0\0\0\0\0\0\0\0\0\0\0\0\0h\0t\0t\0p\0:\0/\0/\0w\0o\0r\0k\0f\0o\0r\0c\0e\0-\0b\0a\0s\0e\0.\0c\0o\0m\0/\0\0\0\0\0\0\0\0\0\0\0\0\0\0\0\0\0\0\0\0\0\0\0\0\0\0\0\0\0\0\0\0\0\0\0\0\0\0\0\0\0\0\0\0\0\0\0\0\0\0\0\0\0\0\0\0\0\0\0\0\0\0\0\0\0\0\0\0\0\0\0\0\0\0\0\0\0\0\0\0\0\0\0\0\0\0\0\0\0\0\0\0\0\0\0\0\0\0\0\0\0\0\0\0\0\0\0\0\0\0\0\0\0\0\0\0\0\0\0\0\0\0\0\0\0\0\0\0\0\0\0\0\0\0\0\0\0\0\0\0\0\0\0\0\0\0\0\0\0\0\0\0\0\0\0\0\0\0\0\0\0\0\0\0\0\0\0\0\0\0\0\0\0\0\0\0\0\0\0\0\0\0\0\0\0\0\0\0\0\0\0\0\0\0\0\0\0\0\0\0\0\0\0\0\0\0\0\0\0\0\0\0\0\0\0\0\0\0\0\0\0\0\0\0\0\0\0\0\0\0\0\0\0\0\0\0\0\0\0\0\0\0\0\0\0\0\0\0\0\0\0\0\0\0\0\0\0\0\0\0\0\0\0\0\0\0\0\0\0\0\0\0\0\0\0\0\0\0\0\0\0\0\0\0\0\0\0\0\0\0\0\0\0\0\0\0\0\0\0\0\0\0\0\0\0\0\0\0\0\0\0\0\0\0\0\0\0\0\0\0\0\0\0\0\0\0\0\0\0\0\0\0\0\0\0\0\0\0\0\0\0\0\0\0\0\0\0\0\0\0\0\0\0\0\0\0\0\0\0\0\0\0\0\0\0\0\0\0\0\0\0\0\0\0\0\0\0\0\0\0\0\0\0\0\0\0\0\0\0\0\0\0\0\0\0\0\0\0\0\0\0\0\0\0\0\0\0\0\0\0\0\0\0\0\0\0\0\0\0\0\0\0\0\0\0\0\0\0\0\0\0\0\0\0\0\0\0\0\0\0\0\0\0\0\0\0\0\0\0\0\0\0\0\0\0\0\0\0\0\0\0\0\0\0\0\0\0\0\0\0\0\0\0\0\0\0\0\0\0\0\0\0\0\0\0\0\0\0\0\0\0\0\0\0\0\0\0\0\0\0\0\0\0\0\0\0\0\0\0\0\0\0\0\0\0\0\0\0\0\0\0\0\0\0\0\0\0\0\0\0\0\0\0\0\0\0\0\0\0\0\0\0\0\0\0\0\0\0\0\0\0\0\0\0\0\0\0\0\0\0\0\0\0\0\0\0\0\0\0\0\0\0\0\0\0\0\0\0\0\0\0\0\0\0\0\0\0\0\0\0\0\0\0\0\0\0\0\0\0\0\0\0\0\0\0\0\0\0\0\0\0\0\0\0\0\0\0\0\0\0\0\0\0\0\0\0\0\0\0\0\0\0\0\0\0\0\0\0\0\0\0\0\0\0\0\0\0\0\0\0\0\0\0\0\0\0\0\0\0\0\0\0\0\0\0\0\0\0\0\0\0\0\0\0\0\0\0\0\0\0\0\0\0\0\0\0\0\0\0\0\0\0\0\0\0\0\0\0\0\0\0\0\0\0\0\0\0\0\0\0\0\0\0\0\0\0\0\0\0\0\0\0\0\0\0\0\0\0\0\0\0\0\0\0\0\0\0\0\0\0\0\0\0\0\0\0\0\0\0\0\0\0\0\0\0\0\0\0\0\0\0\0\0\0\0\0\0\0\0\0\0\0\0\0\0\0\0\0\0\0\0\0\0\0\0\0\0\0\0\0\0\0\0\0\0\0\0\0\0\0\0\0\0\0\0\0\0\0\0\0\0\0\0\0\0\0\0\0\0\0\0\0\0\0\0\0\0\0\0\0\0\0\0\0\0\0\0\0\0\0\0\0\0\0\0\0\0\0\0\0\0\0\0\0\0\0\0\0\0\0\0\0\0\0\0\0\0\0\0\0\0\0\0\0\0\0\0\0\0\0\0\0\0\0\0\0\0\0\0\0\0\0\0\0\0\0\0\0\0\0\0\0\0\0\0\0\0\0\0\0\0\0\0\0\0\0\0\0\0\0\0\0\0\0\0\0\0\0\0\0\0\0\0\0\0\0\0\0\0\0\0\0\0\0\0\0\0\0\0\0\0\0\0\0\0\0\0\0\0\0\0\0\0\0\0\0\0\0\0\0\0\0\0\0\0\0\0\0\0\0\0\0\0\0\0\0\0\0\0\0\0\0\0\0\0\0\0\0\0\0\0\0\0\0\0\0\0\0\0\0\0\0\0\0\0\0\0\0\0\0\0\0\0\0\0\0\0\0\0\0\0\0\0\0\0\0\0\0\0\0\0\0\0\0\0\0\0\0\0\0\0\0\0\0\0\0\0\0\0\0\0\0\0\0\0\0\0\0\0\0\0\0\0\0\0\0\0\0\0\0\0\0\0\0\0\0\0\0\0\0\0\0\0\0\0\0\0\0\0\0\0\0\0\0\0\0\0\0\0\0\0\0\0\0\0\0\0\0\0\0\0\0\0\0\0\0\0\0\0\0\0\0\0\0\0\0\0\0\0\0\0\0\0\0\0\0\0\0\0\0\0\0\0\0\0\0\0\0\0\0\0\0\0\0\0\0\0\0\0\0\0\0\0\0\0\0\0\0\0\0\0\0\0\0\0\0\0\0\0\0\0\0\0\0\0\0\0\0\0\0\0\0\0\0\0\0\0\0\0\0\0\0\0\0\0\0\0\0\0\0\0\0\0\0\0\0\0\0\0\0\0\0\0\0\0\0\0\0\0\0\0\0\0\0\0\0\0\0\0\0\0\0\0\0\0\0\0\0\0\0\0\0\0\0\0\0\0\0\0\0\0\0\0\0\0\0\0\0\0\0\0\0\0\0\0\0\0\0\0\0\0\0\0\0\0\0\0\0\0\0\0\0\0\0\0\0\0\0\0\0\0\0\0\0\0\0\0\0\0\0\0\0\0\0\0\0\0\0\0\0\0\0\0\0\0\0\0\0\0\0\0\0\0\0\0\0\0\0\0\0\0\0\0\0\0\0\0\0\0\0\0\0\0\0\0\0\0\0\0\0\0\0\0\0\0\0\0\0\0\0\0\0\0\0\0\0\0\0\0\0\0\0\0\0\0\0\0\0\0\0\0\0\0\0\0\0\0\0\0\0\0\0\0\0\0\0\0\0\0\0\0\0\0\0\0\0\0\0\0\0\0\0\0\0\0\0\0\0\0\0\0\0\0\0\0\0\0\0\0\0\0\0\0\0\0\0\0\0\0\0\0\0\0\0\0\0\0\0\0\0\0\0\0\0\0\0\0\0\0\0\0\0\0\0\0\0\0\0\0\0\0\0\0\0\0\0\0\0\0\0\0\0\0\0\0\0\0\0\0\0\0\0\0\0\0\0\0\0\0\0\0\0\0\0\0\0\0\0\0\0\0\0\0\0\0\0\0\0\0\0\0\0\0\0\0\0\0\0\0\0\0\0\0\0\0\0\0\0\0\0\0\0\0\0\0\0\0\0\0\0\0\0\0\0\0\0\0\0\0\0\0\0\0\0\0\0\0\0\0\0\0\0\0\0\0\0\0\0\0\0\0\0\0\0\0\0\0\0\0\0\0\0\0\0\0\0\0\0\0\0\0\0\0\0\0\0\0\0\0\0\0\0\0\0\0\0\0\0\0\0\0\0\0\0\0\0\0\0\0\0\0\0\0\0\0\0\0\0\0\0\0\0\0\0\0\0\0\0\0\0\0\0\0\0\0\0\0\0\0\0\0\0\0\0\0\0\0\0\0\0\0\0\0\0\0\0\0\0\0\0\0\0\0\0\0\0\0\0\0\0\0\0\0\0\0\0\0\0\0\0\0\0\0\0\0\0\0\0\0\0\0\0\0\0\0\0\0\0\0\0\0\0\0\0\0\0\0\0\0\0\0\0\0\0\0\0\0\0\0\0\0\0\0\0\0\0\0\0\0\0\0\0\0\0\0\0\0\0\0\0\0\0\0\0\0\0\0\0\0\0\0\0\0\0\0\0\0\0\0\0\0\0\0\0\0\0\0\0\0\0\0\0\0\0\0\0\0\0\0\0\0\0\0\0\0\0\0\0\0\0\0\0\0\0\0\0\0\0\0\0\0\0\0\0\0\0\0\0\0\0\0\0\0\0\0\0\0\0\0\0\0\0\0\0\0\0\0\0\0\0\0\0\0\0\0\0\0\0\0\0\0\0\0\0\0\0\0\0\0\0\0\0\0\0\0\0\0\0\0\0\0\0\0\0\0\0\0\0\0\0\0\0\0\0\0\0\0\0\0\0\0\0\0\0\0\0\0\0\0\0\0\0\0\0\0\0\0\0\0\0\0\0\0\0\0\0\0\0\0\0\0\0\0\0\0\0\0\0\0\0\0\0\0\0\0\0\0\0\0\0\0\0\0\0\0\0\0\0\0\0\0\0\0\0\0\0\0\0\0\0\0\0\0\0\0\0\0\0\0\0\0\0\0\0\0\0\0\0\0\0\0\0\0\0\0\0\0\0\0\0\0\0\0\0\0\0\0\0\0\0\0\0\0\0\0\0\0\0\0\0\0\0\0\0\0\0\0\0\0\0\0\0\0\0\0\0\0\0\0\0\0\0\0\0\0\0\0\0\0\0\0\0\0\0\0\0\0\0\0\0\0\0\0\0\0\0\0\0\0\0\0\0\0\0\0\0\0\0\0\0\0\0\0\0\0\0\0\0\0\0\0\0\0\0\0\0\0\0\0\0\0\0\0\0\0\0\0\0\0\0\0\0\0\0\0\0\0\0\0\0\0\0\0\0\0\0\0\0\0\0\0\0\0\0\0\0\0\0\0\0\0\0\0\0\0\0\0\0\0\0\0\0\0\0\0\0\0\0\0\0\0\0\0\0\0\0\0\0\0\0\0\0\0\0\0\0\0\0\0\0\0\0\0\0\0\0\0\0\0\0\0\0\0\0\0\0\0\0\0\0\0\0\0\0\0\0\0\0\0\0\0\0\0\0\0\0\0\0\0\0\0\0\0\0\0\0\0\0\0\0\0\0\0\0\0\0\0\0\0\0\0\0\0\0\0\0\0\0\0\0\0\0\0\0\0\0\0\0\0\0\0\0\0\0\0\0\0\0\0\0\0\0\0\0\0\0\0\0\0\0\0\0\0\0\0\0\0\0\0\0\0\0\0\0\0\0\0\0\0\0\0\0\0\0\0\0\0\0\0\0\0\0\0\0\0\0\0\0\0\0\0\0\0\0\0\0\0\0\0\0\0\0\0\0\0\0\0\0\0\0\0\0\0\0\0\0\0\0\0\0\0\0\0\0\0\0\0\0\0\0\0\0\0\0\0\0\0\0\0\0\0\0\0\0\0\0\0\0\0\0\0\0\0\0\0\0\0\0\0\0\0\0\0\0\0\0\0\0\0\0\0\0\0\0\0\0\0\0\0\0\0\0\0\0\0\0\0\0\0\0\0\0\0\0\0\0\0\0\0\0\0\0\0\0\0\0\0\0\0\0\0\0\0\0\0\0\0\0\0\0\0\0\0\0\0\0\0\0\0\0\0\0\0\0\0\0\0\0\0\0\0\0\0\0\0\0\0\0\0\0\0\0\0\0\0\0\0\0\0\0\0\0\0\0\0\0\0\0\0\0\0\0\0\0\0\0\0\0\0\0\0\0\0\0\0\0\0\0\0\0\0\0\0\0\0\0\0\0\0\0\0\0\0\0\0\0\0\0\0\0\0\0\0\0\0\0\0\0\0\0\0\0\0\0\0\0\0\0\0\0\0\0\0\0\0\0\0\0\0\0\0\0\0\0\0\0\0\0\0\0\0\0\0\0\0\0\0\0\0\0\0\0\0\0\0\0\0\0\0\0\0\0\0\0\0\0\0\0\0\0\0\0\0\0\0\0\0\0\0\0\0\0\0\0\0\0\0\0\0\0\0\0\0\0\0\0\0\0\0\0\0\0\0\0\0\0\0\0\0\0\0\0\0\0\0\0\0\0\0\0\0\0\0\0\0\0\0\0\0\0\0\0\0\0\0\0\0\0\0\0\0\0\0\0\0\0\0\0\0\0\0\0\0\0\0\0\0\0\0\0\0\0\0\0\0\0\0\0\0\0\0\0\0\0\0\0\0\0\0\0\0\0\0\0\0\0\0\0\0\0\0\0\0\0\0\0\0\0\0\0\0\0\0\0\0\0\0\0\0\0\0\0\0\0\0\0\0\0\0\0\0\0\0\0\0\0\0\0\0\0\0\0\0\0\0\0\0\0\0\0\0\0\0\0\0\0\0\0\0\0\0\0\0\0\0\0\0\0\0\0\0\0\0\0\0\0\0\0\0\0\0\0\0\0\0\0\0\0\0\0\0\0\0\0\0\0\0\0\0\0\0\0\0\0\0\0\0\0\0\0\0\0\0\0\0\0\0\0\0\0\0\0\0\0\0\0\0\0\0\0\0\0\0\0\0\0\0\0\0\0\0\0\0\0\0\0\0\0\0\0\0\0\0\0\0\0\0\0\0\0\0\0\0\0\0\0\0\0\0\0\0\0\0\0\0\0\0\0\0\0\0\0\0\0\0\0\0\0\0\0\0\0\0\0\0\0\0\0\0\0\0\0\0\0\0\0\0\0\0\0\0\0\0\0\0\0\0\0\0\0\0\0\0\0\0\0\0\0\0\0\0\0\0\0\0\0\0\0\0\0\0\0\0\0\0\0\0\0\0\0\0\0\0\0\0\0\0\0\0\0\0\0\0\0\0\0\0\0\0\0\0\0\0\0\0\0\0\0\0\0\0\0\0\0\0\0\0\0\0\0\0\0\0\0\0\0\0\0\0\0\0\0\0\0\0\0\0\0\0\0\0\0\0\0\0\0\0\0\0\0\0\0\0\0\0\0\0\0\0\0\0\0\0\0\0\0\0\0\0\0\0\0\0\0\0\0\0\0\0\0\0\0\0\0\0\0\0\0\0\0\0\0\0\0\0\0\0\0\0\0\0\0\0\0\0\0\0\0\0\0\0\0\0\0\0\0\0\0\0\0\0\0\0\0\0\0\0\0\0\0\0\0\0\0\0\0\0\0\0\0\0\0\0\0\0\0\0\0\0\0\0\0\0\0\0\0\0\0\0\0\0\0\0\0\0\0\0\0\0\0\0\0\0\0\0\0\0\0\0\0\0\0\0\0\0\0\0\0\0\0\0\0\0\0\0\0\0\0\0\0\0\0\0\0\0\0\0\0\0\0\0\0\0\0\0\0\0\0\0\0\0\0\0\0\0\0\0\0\0\0\0\0\0\0\0\0\0\0\0\0\0\0\0\0\0\0\0\0\0\0\0\0\0\0\0\0\0\0\0\0\0\0\0\0\0\0\0\0\0\0\0\0\0\0\0\0\0\0\0\0\0\0\0\0\0\0\0\0\0\0\0\0\0\0\0\0\0\0\0\0\0\0\0\0\0	\0\0\0\n\0\0\0\0\0\0\0\0\0\r\0\0\0\0\0\0\0\0\0\0\0\0\0\0\0\0\0\0\0\0\0\0\0\0\0\0\0\0\0\0\0\0\0\0\0\0\0\0\0\Z\0\0\0\0\0\0\0\0\0\0\0\0\0\0\0\0\0\0 \0\0\0!\0\0\0\"\0\0\0#\0\0\0$\0\0\0%\0\0\0&\0\0\0\'\0\0\0(\0\0\0)\0\0\0*\0\0\0+\0\0\0-\0\0\0.\0\0\0/\0\0\00\0\0\01\0\0\02\0\0\03\0\0\05\0\0\06\0\0\07\0\0\08\0\0\09\0\0\0:\0\0\0;\0\0\0<\0\0\0=\0\0\0>\0\0\0?\0\0\0@\0\0\0A\0\0\0B\0\0\0C\0\0\0D\0\0\0E\0\0\0F\0\0\0G\0\0\0H\0\0\0I\0\0\0J\0\0\0K\0\0\0L\0\0\0M\0\0\0N\0\0\0O\0\0\0P\0\0\0Q\0\0\0R\0\0\0S\0\0\0T\0\0\0U\0\0\0V\0\0\0W\0\0\0X\0\0\0Y\0\0\0Z\0\0\0[\0\0\0\\\0\0\0^\0\0\0_\0\0\0`\0\0\0a\0\0\0b\0\0\0c\0\0\0d\0\0\0f\0\0\0g\0\0\0h\0\0\0i\0\0\0j\0\0\0k\0\0\0l\0\0\0o\0\0\0R\0o\0o\0t\0 \0E\0n\0t\0r\0y\0\0\0\0\0\0\0\0\0\0\0\0\0\0\0\0\0\0\0\0\0\0\0\0\0\0\0\0\0\0\0\0\0\0\0\0\0\0\0\0\0\0\0\0\0\0\0\0\0	\0\0\0\0\0\0\0\0\0\0\0F\0\0\0\0\0\0\0\0\0\0\0\0+D~q\0\0\0\0\0\0\0\0\0\0D\0a\0t\0a\0\0\0\0\0\0\0\0\0\0\0\0\0\0\0\0\0\0\0\0\0\0\0\0\0\0\0\0\0\0\0\0\0\0\0\0\0\0\0\0\0\0\0\0\0\0\0\0\0\0\0\0\0\0\0\0\0\n\0\0\0\0\0\0\0\0\0\0\0\0\0\0\0\0\0\0\0\0\0\0\0\0\0\0\0\0\0\0\0\0\0\0\0\0\0,\0\0\0\0\0\0\0\0\0\01\0T\0a\0b\0l\0e\0\0\0\0\0\0\0\0\0\0\0\0\0\0\0\0\0\0\0\0\0\0\0\0\0\0\0\0\0\0\0\0\0\0\0\0\0\0\0\0\0\0\0\0\0\0\0\0\0\0\0\0\0\0\0\0\0\0\0\0\0\0\0\0\0\0\0\0\0\0\0\0\0\0\0\0\0\0\0\0\0\0\0\0\0\0\0\0\0\0\0\0\0\0\0\04\0\0\0P\0\0\0\0\0\0W\0o\0r\0d\0D\0o\0c\0u\0m\0e\0n\0t\0\0\0\0\0\0\0\0\0\0\0\0\0\0\0\0\0\0\0\0\0\0\0\0\0\0\0\0\0\0\0\0\0\0\0\0\0\0\0\0\0\Z\0\0\0\0\0\0\0\0\0\0\0\0\0\0\0\0\0\0\0\0\0\0\0\0\0\0\0\0\0\0\0\0\0\0\0\0\0\0\0\0\0\0\0\0\0\0\07V\0\0\0\0\0\0\0S\0u\0m\0m\0a\0r\0y\0I\0n\0f\0o\0r\0m\0a\0t\0i\0o\0n\0\0\0\0\0\0\0\0\0\0\0\0\0\0\0\0\0\0\0\0\0\0\0\0\0\0\0(\0\0\0\0\0\0\0\0\0\0\0\0\0\0\0\0\0\0\0\0\0\0\0\0\0\0\0\0\0\0\0\0\0\0\0\0\0]\0\0\0\0\0\0\0\0\0\0\0D\0o\0c\0u\0m\0e\0n\0t\0S\0u\0m\0m\0a\0r\0y\0I\0n\0f\0o\0r\0m\0a\0t\0i\0o\0n\0\0\0\0\0\0\0\0\0\0\08\0\0\0\0\0\0\0\0\0\0\0\0\0\0\0\0\0\0\0\0\0\0\0\0\0\0\0\0\0\0\0\0\0\0\0\0\0\0\0\0e\0\0\0\0\0\0\0\0\0\0\0C\0o\0m\0p\0O\0b\0j\0\0\0\0\0\0\0\0\0\0\0\0\0\0\0\0\0\0\0\0\0\0\0\0\0\0\0\0\0\0\0\0\0\0\0\0\0\0\0\0\0\0\0\0\0\0\0\0\0\0\0\0\0\0\0\0\0\0\0\0\0\0\0\0\0\0\0\0\0\0\0\0\0\0\0\0\0\0\0\0\0\0\0\0\0\0\0\0\0\0\0y\0\0\0\0\0\0\0\0\0\0\0\0\0\0\0\0\0\0\0\0\0\0\0\0\0\0\0\0\0\0\0\0\0\0\0\0\0\0\0\0\0\0\0\0\0\0\0\0\0\0\0\0\0\0\0\0\0\0\0\0\0\0\0\0\0\0\0\0\0\0\0\0\0\0\0\0\0\0\0\0\0\0\0\0\0\0\0\0\0\0\0\0\0\0\0\0\0\0\0\0\0\0\0\0\0\0\0\0\0\0\0\0\0\0\0\0\0\0\0\0\0\0\0\0\0\0\0\n\0\0	\0\0\0\0\0\0\0\0\0\0\0F\'\0\0\0Microsoft Office Word 97-2003 Document\0\n\0\0\0MSWordDoc\0\0\0\0Word.Document.8\09q\0\0\0\0\0\0\0\0\0\0\0\0\0\0\0\0\0\0\0\0\0\0\0\0\0\0\0\0\0\0\0\0\0\0\0\0\0\0\0\0\0\0\0\0\0\0\0\0\0\0\0\0\0\0\0\0\0\0\0\0\0\0\0\0\0\0\0\0\0\0\0\0\0\0\0\0\0\0\0\0\0\0\0\0\0\0\0\0\0\0\0\0\0\0\0\0\0\0\0\0\0\0\0\0\0\0\0\0\0\0\0\0\0\0\0\0\0\0\0\0\0\0\0\0\0\0\0\0\0\0\0\0\0\0\0\0\0\0\0\0\0\0\0\0\0\0\0\0\0\0\0\0\0\0\0\0\0\0\0\0\0\0\0\0\0\0\0\0\0\0\0\0\0\0\0\0\0\0\0\0\0\0\0\0\0\0\0\0\0\0\0\0\0\0\0\0\0\0\0\0\0\0\0\0\0\0\0\0\0\0\0\0\0\0\0\0\0\0\0\0\0\0\0\0\0\0\0\0\0\0\0\0\0\0\0\0\0\0\0\0\0\0\0\0\0\0\0\0\0\0\0\0\0\0\0\0\0\0\0\0\0\0\0\0\0\0\0\0\0\0\0\0\0\0\0\0\0\0\0\0\0\0\0\0\0\0\0\0\0\0\0\0\0\0\0\0\0\0\0\0\0\0\0\0\0\0\0\0\0\0\0\0\0\0\0\0\0\0\0\0\0\0\0\0\0\0\0\0\0\0\0\0\0\0\0\0\0\0\0\0\0\0\0\0\0\0\0\0\0\0\0\0\0\0\0\0\0\0\0\0\0\0\0\0\0\0\0\0\0\0\0\0\0\0\0\0\0\0\0\0\0\0\0\0\0\0\0\0\0\0\0\0\0\0\0\0\0\0\0\0\0\0\0',NULL,'LocalBusiness',NULL,326);
insert into `template` values 
(18,'Breaking','\0JFIF\0\0x\0x\0\0\0Exif\0\0MM\0*\0\0\0\0i\0\0\0\0\0\0\0\Z\0\0\0\0\0\0\0\0\0|\0\0\0,\0\0\0\0UNICODE\0\0C\0R\0E\0A\0T\0O\0R\0:\0 \0g\0d\0-\0j\0p\0e\0g\0 \0v\01\0.\00\0 \0(\0u\0s\0i\0n\0g\0 \0I\0J\0G\0 \0J\0P\0E\0G\0 \0v\06\02\0)\0,\0 \0q\0u\0a\0l\0i\0t\0y\0 \0=\0 \01\00\00\0\n\0\0\0C\0		\n\r\Z\Z $.\' \",#(7),01444\'9=82<.342\0C			\r\r2!!22222222222222222222222222222222222222222222222222\08\"\0\0\0\0\0\0\0\0\0\0\0\0	\n\0\0\0\0}\0!1AQa\"q2#BR$3br	\n\Z%&\'()*456789:CDEFGHIJSTUVWXYZcdefghijstuvwxyz\0\0\0\0\0\0\0\0	\n\0\0\0w\0!1AQaq\"2B	#3Rbr\n$4%\Z&\'()*56789:CDEFGHIJSTUVWXYZcdefghijstuvwxyz\0\0\0?\0P\0>DPr9Q#G\"S=]n=*nsn^Lh$;Bu)S}*IjQS/qR\n=h[r9G9\n7O )]\rZIZBwL;x8g ZdX8\"E<{SU1#DBJ2v:a\"?u_R2Hr|ZiRQCiTR@pJ1cSY(#e	e#q2X$BBK;^@BG^+\ZR]@a*\"Z6B((-0RB\\=H@bb`9UAh@GV R3w%ch0W^nS}j=Ci22jIH\\`}kjB\'^J\'s8i<9X-2(n<F`#i#G+\"tZy}tF[vt#Tvy2Tiddk(F<oIo&jmnc	w8sVV\n`jE-(Nve<V6\0\0Cu\n[2N0$\n8c\\S[*h8^+Hb:+;my	ZqR`)<+vO.6+MF{\"=VfF?k(Kg5t1[ph\'\n&~B8 ZKiE\"rTZ-m)*c-h3,m+\ZS);WId\nP\0nMZ3\Z\n#\rFfW*GJ$IH2OC[G{aWW9;V{1I!_;~=VngB \0{,j53Q[][I*He:v-\\\n[#L?\0oZJYQ\\p|OS-r!0:ukHi08Y!9/Lu~bQw(\\g<U<[%k.PC5WtmN3@.>GUddd;ipyIb9Xzvd^[7xgA9!9k=5Yn4{D9n~!A<WQ,R3<r	q\\ke]pfIq{uSI0xOB\r*Z\nVGysu\r\0TG3\09C&D7p/~ ehf-*oG#o$tqs8$\0s<Az\Zka\rXZG[=1R(P0\02?f]x{U*(cHq]X2	Qx>-H=R[KIpnXvT\0lcssX]GuJ7Cwk<oatZ0v$0_-*7Et\Z%cK$SO\\\0u\04w9y~nWl	nI|{s]2CZ]==4WN6zfi:d3O<%~^\'s6so#C\"3[:~x-F%dn2Kv?>\04)?}:WKKKxlW=s%Lh`W`~\"dE8oUG[RnQ#/t5odIk``C^\0#7cW^AM-H<5zM#\'+t3n?|7{wy>	#EUVEl{W2\rdD^}kV/XO\\}%oT4v}Z\'wc)@B%FczTB\"pS\\Y}[{tF9dSl4Do3R*\"cz\0GeO^*|%%\'\\Ld\'SJk\0_zDYAzG!+N9^Alq,M]z+hU3J6HG@+tH$gSi\0<Nr\0On5U44G>jFb1\'I,~4!b7qlMk)GcRi>$7,bUxV\'*fgaw$jS;U-ngkGVU.9lod\ZZkh%n3J:\'*0UVrn0HOK=my&m(I3@`)!<[`ASb$\ZD8Z0rH`P;g\nThhBI\0Zy`=qS+`y*@/2A-iw$zj\\D)\Zt{-\n$x+\\7s)>[CUb]-e\\[F<MGo\Z2q{.1\ZN\"I)bOx@yOr%UP0\\)\r$E$aG|~4O5<%GQ_y-&\'z~_:s\r,v$i#v8:VXpxE!\'^~f}Yuwf6sUu=4r&m\Z~\'\r\\1r}8\0Vv#ai6q{r:{7NmD0H<pQ&a,F O\n.9n>[zNg[\\,!\\O@OR{)An%;w`9N)|QH\0GEp+YR+=NE\">UZmb{gb#2y7\\R;8&$\'<g{Rr(+c2KCgXyZ	UOtiiedm<UHW$F1W%cg4FCx9j6g]I~JVDJgsWM*Pd\"jQD[dUH$wHJ{{T<onL>:iD-9g-:Vkm+HpIU9$_W\"JcO *Frx\Zv*m\\9SnZRumkSZ!s5N$1n$0/IJ	^G,W?OMVL\Z7,-l\"YDq+fIjBzZRMKs}F3.7rw9]iraR2K=[q+u+qiorQ\0H\\u%@8JQufo,mQ59D$EU-d/b\'@z}j-S[Y7Gp[BkTt;+PS\"J#zY55flHuK9GRi#%@(\0xyM^sHbfAroE5X:R=TQI@EPEPEPEPEPEPEPEPE&jN`hG2)m\"\rj\ZbeQ<x<5~;\0\"y2e_F\'iw*z:~GUav/;dy#Lv9[[J{AXv{1m|+lt1],?\'g{zn2#,pNpNy~p^/t8,~u^W^+Os\\vWxN	yLYeyDj]%R:5i-`eF9Wwx49xmy\Zd9\n:cY>($tX(rrN\n>=1]QVF7\r!YbXL \\:=p1z5\\M|Om`c;U\'Mu(dYW3J,g=ke)\\OeX4u`qYFlluY;b*@=s5KXKgmieFG<{jVnRY~#/iEY!;Xd7|B0?\\Tw,H-b%c0seI:Q B:zVfoekk=sjr-g`.8j}k4(HP\ZTbxugLnob{y#%zc5[M4p9<#J1ycyou$WOk--D#L1*2;=3WSRU0\\XY7\0H9aYgBHd$Wz|]jSND25Rpc=+cN+{-9L+7w\n7yX6x]b\';pN}Sv x/T+\n1<yoy$`71s=J[v	xC)V@\"),tVgC0\'li\Z2A+;GOn\0PXU&V`\0OjmH[\n1FV\'2t1azfDc@\\9kvfP$0xgWuIkAo\nJd\0dM,9$dj:;1m\01)/|3\"	q2F)#28j6U\ZyS`C~aWmutb BK\nX3C`u=5qu5 @LDdy+x7c3<6b3Z:B3H\0nu3#w J\n7-\0QE\0QE\0QE\0QE\0QE\0QE\0QE\0QE\07nTQ@N8\"7VuOv8l&Wsp/];X^Lc|#lTU_@)!]v\0uO?_C\rcd\n\'\0(\\otxY&$|,fLdA{*@\r:Wf#UbFHAsvf1aMNM@A`G~T2fs/YO65drw(T$tc[<.c	v.#1\"py&mhgc!;6f-%\0?ONj:\nen\\k5Z,BfYH+`bn;~T/[cM:ek_2]*,J>\rQ;T)IK<\01@3xRKtJH/Hzrbpb, ldi_@#Kh\n\\0KfAk\\\"a:\0bX P\0`-oFe,-4RNKIe!fuH=1Y!|._ 9s	!<qY19SzS*Ntddo5GQY08Ui-Eb:ftxwJDLV/EE%A9&y*r0\'W}>k<7P.G{W_4SS)Z D%H*-$nXkqf\00SZ(}NPD WR(s]-@.Fxs7a]*+}#yV-8Me#&s\\4v,]qTy qu#z{MDmqWLs\ZUEB.#\'h:2HFZmv?vXX9.YhLW-jv\n6&E<FUnCgF\'(e H9UV }kTe!\04c8&GD>KyN|:)f}.HwMLQa#!2JFpj|T[9N;V^N$Z[KXLd\Zoc?W0BMUb-\nv6FE{Y+	L<Xd{;Ig,mDsLH\nkz*hJmofKW1JH,KxT1?@9adG\r8hvX^m dj4D~sL1w#eILK\' v\rX.b6ZT2NAO}[i\0%[	I\0<w:VD{im-h\\vG33Rj+HVym0\'nx>h_,\0[n4=O[XO2c,\\r;TVR\0)\nnKKtxKWI$#_UJc)=69d]YkRZ[v1pvp:kt4@LU\Z9-\r	f(&2fTle%\"SkqXIs\ny0XGja{4WwfbpF==\r{N LW cnP\0]ZM.dGZ\\i:!zbF9]xmDEATCU\r;WHqyztg\nq-H-7KO=~ohEy43apq\\VveC-.|	%|>wG[i)sEu$Xa+)\0r@}59dIrzqIm~;H\nT}jzZWq1OlZj;lhDRHlUP^]Hl\0\\5*IHaYR:W\'__AzhY#VF{dS:?+J\"8D;Cc[WcS`&H;x /ur2}KRVR+m/4:{kIA!Q\\zn)k,o68]In.cX0+zIf^fHcRrORqc]4#Rv(% QX==gO[H\0ztb6>h)42F^dgiwmW!\0Tx`3Y-ynZX^M627~r1uW-^mmvJ~l\0.K[lpxz5D~&\"oEoh3K|`\r![S519A\"k-w\'SYZ7te\"w!#8>KO4p%3<=	4kxFYZRw6O}<_g$@iVl J]d9fSwus	9stQ[NkZe;FZIU=}sUNt]H1n2ALy]G3cm	v+2r>ozsUmA9	`aJK4d |8c.vp+<f)Fcoxwq$I\0QKK{Vh971,ZL\ZzO^g{_DV\"2}Z\ZrZ&$7\\s]eV29#`C7^Ouo6aL	mPO#YQAK#\0d}Tk;}e2*H\0cEokKC;KKCccz0\0N$\\;5,JUMgikhff	1\\r0M\ZeG\Z+i@8 2(?VlXK\\p\'=>%X!7Gr3>xQl=C0AkS.cH.m\"[I}	!Y9]6:v3LWo$Hw8YAo\09JB0\0\n*\' i1LVqC0\0qN-*8$15iYJqSWc{$Q!x,jio$\'\0#lf\rj-7Nbd$1T4YCJW.-^G{DeR\"A$kQrCTz|5.*\"8}Pg8Cx@U,+rR&$(,.H?k44\n~151,E89TG\\LR6tr,<)#ZhsL[=F;Vx*W{7\\Lz?(^%%d}pjFxT@Al@89F_=j#4\03 \0sjRrRabq6E7\'SPn(#$*qQtY;/Te^s#b\\c#.ZmHsUw\Z-iG-ACVx6r<UnbxJ`5\0V{RMc]u[yhdo\\\\HAJ%MED b9;r{uFpaq;eNC4Ehg<Pn[wW[;q}w5X#G\'=Ad21,I<v\\iWW313Z{~Pi@oXVw6,rc$@?^[KorCOziv5[{nX\nsQkfH5X)f*dtCI4z9#*\nb-G(.gc6E-ZBa}9Hn\'[Kmus Rt/6 ^NuBI94RGFqX\"$`U4J;1)FKMGiIe{d\Z{ucCbj:R*r!+Nf&`=A=+gW(o:nN\ZiT\'t3a:Gkwu%U#r{\ZM9bpIb2[Fr	>zPUNvki1,8DRwsNSa[ysIekkty`g,um\'HRn\'55j>%sjkjw2J,r08<=kwf^vHwZml2@\0/rA;fYHHL\\\0h8\0Z4d\\\"n+	\\n-wPM|q>\'=yt:^(2\Z63GRiOP(E	;-^;mF\"|\0GWK\0	$\0>YkX.3gxb;,yPEt|+#,8|?6O[8X8ny[u8E9Su?:kWi#9n99kn1I&f*\00Po$1oPI_HLD\0jVxcbFKWIi;]p`}+;nlh/[Mln3 L0+e[r3a%*w	7uF\0+IXHZ(bRE\0PEPRE\0PEPV^Gi30\"0{Vej-$r;P7\'{hyB<tJ**:cSXY_i[~U~Wz}z{WVN_;J.DyJf}*;ieO6$Of_L	iG=O%\nNO]0aL}+dO\'-[z:jF(ildgoOYJ{YXC^\\rzo][SR$\0tfnop3)Z	tGvmC\'A@qzV.7Fe!Q?5 mx8LI5-v7|g4&R\'h18c|?j\Zj,EO.T?\\\nkT`uaOk}:K\Z<\n-Q:)8|(`G#{:TFuHe!cl$z|=w{i!:nII\'k%gV>GY&\0U0#G\'j^<)&%$yz;1y\0+W\Z$|vRJJva94lNI}3qP]jOI?.\ZSi\ZGd6vlOuzm4{Yg,<t\rr9-M-drIc%.|ul|#C^{5dz&Mg]N1+HM9qRXkkjQHmF>h\rJ1NZujEKU!(G0kZbDrn	JEcX<F$p|\\~t,vkxI5\"z{i]YJBC(#y8+<vP\r-(`KMe%=0	DGa{^3da\'%a]N;]Mo[\0sI_6fR*o~u>$g4?Kc%x[qMWT6eM\"JL@<yV<>c2YWQni}i9*:Q{0^}^9u5~DOW!]]\'5EXtHi\"a]`\rRA:\rL-je$[NHJJlpA*(m|IX+u\'_yeeQs\\bA+{m*}m{VZw~\"#D:7GjTzM%HeOAgqfg>14WyHXFE <w,C,+0=*2dED08}R@OhH&+:]v\0>DP;Ux*M&hVQ6<8\rjhq-pQI`eYYSIn85]	0dtCQRHQE\0QE\0QE\0QE\0QE\0QE\0QE\0Qi=(,@NUUR\0KNKE !XH$~N8TQ@Q@J\0C=*M3d6Z@2*,\"9cj#T\\/sC!iq%a,c!Y%@lmU%72Oq\"<#L4cF13wosqG\ZKJQM6A@UlTRV\\AP]irI&?QQ6#ekh!\rGs9YJN(\'y$k2TBE|uRyp 0Agn}Bm\0]\0nU.oLjMd9;:yBzv.f UE#jdw\'S8@\rH\"n`IA9Q#a.5Axt<IqsD2v:DHl.a$70xz\ZG:+hV3j*A$\0jV{\Z{Y\rRS$qZ^G=uO1S$v\\6Wb\'~/$\nss;{TNvx+>\\P\0vU1M9*CT^#)mZ3m<rd=R_2U\\V[J-9sW%hGcH\n?QI4&\0Uy2OBtcvB2I8ERSE:i fB-|oQ9>K$2hH$]k]Hv6chqSum:T3`\0G_jJ:\'\"Jk:vFa5B=*=/]	-\']imchm;m`#J44qanD+o*J\Z5C&CPCk7ZM#[^[%U=\'yp.0F=1S	lV]}l!w0NZHt1,5a)M	U\n?bYeiy9}:{F{%$jE\0,==I[2S<-{UMqT}k+g\nY\0^J$sE\rtmLK>C|IWML5>jT~;]J+leG42=F.&j=-YzuC\r\'n6q\Z<\rVi$Gp9\\]}.	Z!J\"D^7lq^aR\Zz H5xm7G\"#rmkX\0Bx%X7 0(.oC$K$`kGV$kk;:J\'o4D0}]t\0$dUb+\r6F6Ct7qYXs2T*NJ?\nwJ5=qh!seNX(v+\ZX&wp#,x162TZk9j]w]h\Ztpbry8t Jrtrwak,p]V\n$m|r!E}j+<J9Rr*di%V;WrG,h(( <gc&#l(<JJ0G$-Q! VT-AyY\'=EmE7a]x=M;dz[+d6\0<}%7CpI~5I-9c#bjI\\qn{\ZRt%7fb=0;W	\'iEi[?&Td{e%G]iZj9;;\Z|Bl ^O6e\0#QZ7G\ZIqn4rc	i7mA\\q\n<jg9c5oXeg;W\0W*?#.\\IG3kUr&A\"NJpGe]dC<w+k/ 9wn*%1 S%j n},ACDqN1.T\\L19d6Te8mSJfw}k\0g=OE)qH #x\\K$aXu^jd+d\\q+evK[]aV7q]4{\rQ%1DOzbWl9~I6nKgMKpyk=_hnlyTs	]t`GS V\\3%X=j\0c#v*7FVj^Q=kkT7n$9<1?4B(y~hr>n`M28$!!p]\Z||[4LIsr\"W7;/cY\\\r8YX]I\ZHv?R`\n0\05ZO\"XtEB6BOZ\' \nDx#Z:iT=2[-!YY|8\'Z-&hEB$\'JC=[l\0hQ\'/\0<SGI-\r6+ |uXi\\I8}:V9Q9sz\Z71ZJofJhUm-3s}xu.s=2;sX-2`RIr@(IQ]0fR@`\'\\\n\"@:@%Kx$,9x?w8sYi;Uqqr\\8|V~TsWO>\n39C6V+[]c`G3{GloJ	C|=Ve82E2;>Uq.8X<Zh, @HEi,e%QSN&p=@#8HO.MFYqtb\0~fNF-/3d/Sx	|Lr=Z^Qtr_$pr=t,mv=O/ kHmIFDLSatG?CT{n0W\r}s34(;~	U\'h1Un8UZGzp?\ZevrA\Z.TKq^}umZ\"	)L0:{\\y%fjs\n-5KnRFlm#k$Q31uzps\ZW>,y1Cc1Et&Y7T\0:$K$r\r1]B\\~bB?/o(s?B~ g%Tl_9Vx~bVhVNgNKi/bKZ(!;c\ZG^b_C\n\ZytJIjz-{SRVh`#kk1gd>\\OItqN5\'\'zH;4D.p{g|_:VL<V %r\\I$ Hf3eOp+UgA$\\\"!P\\\n]D+uqr6A9\0g(B=6r0IKd`tr7p4nRGOqM5E*2N9l!elzU6\"VdIq9Bd1F1 @<SLpV<N!y[H\0[Zq3GO&}9$k:}^Y:;#`Ja\Z^FGh8 6^wbZhb+`=Al-8vS?kN:\Zidu\Z}omiwqK\ZK$&2w\'HeLbVr}_1R S+wI\r]E	>s.p=yW5\'mMNZ<-M #{`NW>Oidoe,en=Atv\0XKY*aT74}\r9Vni;Tm(O~\\1=Ev~\"A6v=Jd nk}6ik#]Wuz9*F\\:yM%FT]XL\"Xg^e1a 9\0?.+V0K$J\'!,U`knkz(uM6IU\0T 1y;\'YF\'}YYtq,\0o9\'jHM/\0sSz9It;H%2wu52y5c^NT]!(dPHHEY~lhZBU=@D@N<}n]_-G_ex9,FA\Zg=1\0\\a\ZxSx8\\>zdPq8\0:uz;fRsuq\\jQ.V/=g/T}9xFS[DlTN0NGB	Gzck2sZQU4HZKoi9X#y5jkxd:V}gsp GQH&A&hx (\0(\0(\0(\0(\0(\0(\0(\0)u }M$Qcku[m.F!wvo[u/\"Qv,vOlWWiihGy$rqy7xYu>\\sW7	1as4<]4:6milN@e_L\ZcCh_93U`e$\nHTb`#?L&]J52`;F3ouI4[{\r>?7(P[ |;uNdMInLbSOYBQ<q|%b^tz%Kc!n1n}OJ5{thmdc\"0O73CUHGRZyku{2-1x!\'~Y\noMH6:v	I1\nF$cJuK/hHVA,8\0\ZMET&pIwF:7c>6a5Hrz=6pwwsFms}jRx<Mman<S>/O\\;\\Kr4	~\rw)n9W^9\"`<(sGl*$X+IkR|)\0on=e%ru$6W|]S\"h,\\`pOzd1Vw	i1Rz^f- >Zl ~_q;)\04WuarcNAya=~\\2ZAJay^sXF\"\\yt^oc5c2*QJ;O7MIt,\r*eO~H*H8>C\\1$d;\0VOyo6`~u6><RVX\Z``Q^G5 q5/n1E#^dl`s2,f27E *w$qMt6k}JvMQ\0=oKU3VvQSh?=i/_Nk, }#J,pY2bD#vP)1,Sp7S/-1+3pkw}uzX.V!T{S.gHB]Me{ZICE+NM(i33qZ* EUNFt`3jw	4lJe%X8w709X<^6./n8~A\\/#+?09AFn!GJOw>`(hkPZjk(p\'U-BsW\"vqWjWX\"Ub`yaaClRml~YI\r\n+b$Pw\'+$\r-VQ:SJ)\0\03lZ((\0(\0(\0(\0(\0(\0(\0\n(\n(\n(\n(\n(F:aQ#Z29ZT$xTFnPo\0=MRa,=u|-7MVcfMEgp=QL\'o@	N%ykUK)Y5f\Z/m/N+2W7scmv$:),BqaUIr.+CzPv{\n-a9ZG~5}`!;RX(sf)FQZ,^V]u-ZmEHw47eLz~X$\ZJ*u-6%m\r |=?v6SiZyKt)>qZ2j2eXs3ZVm*gK|gepH-FPNEz,H{W;1Z9\0~wkAk[$a!zfDo)X=G4#HlekZXHD1OJ<C\rpH\rTfM&G*&Szg\"2;}WWE g{iRx+	MwY/|~a\"+j\ZL@@Qm)x\\ZA/BNr?+~\"SHd#q#*5vSQ&Rg$HJ,\0t5k6RBbC$6>a]te49.XtZ\Z	=ugSajXj@ST|V.<\'6.Ync\Zvv.4c#\"@e]zdSH;@#rLrk\0yWmM{cUEY>n0PmOm5Y*QGc&uy\"|e48{C2!a\'q/4w&1[A<s|EVeHo8\'q5W~9!vu>R6z( v5,HkZZ,&\'c?Q^Q\\RqL^}bvr?Zh^\"KZ/|v6ko ):osW>\'$iY1\'+FRk~,5ci\Z7N>9;{+o50-zKw[h}jpU`k+Xm\nl}19XAoy\Z/[OkkNY\':|cy\'ViUki3\"5_Hm8+\Z\"\0(>oC\r\'*[X}+FV5|,Cn- >y\0\\jT$JM;F07-tK\'$FL{[{)GOR&D3RIp#/!|LzX^i@~\'um<[	ffXk`JnmrWtbX{SyJq}Z5a{{#Sek!|9V@$s5{IKO21sipzm)9!=N\n4NEtE*6roo[]ooN+T[v\nq5a73[.>wVI2+TIge4,R\nzT/t\\).u=q{#a<\"C\\MGU9k&rt9hz08LLK9Rd\\dv8Lc6vNM8pbocj5i7#T\ZlE/n	;p8+{op(>\Zf.GuG26Nz~\'.[$4ss\ZKPm=	\0|k_U=Gov,\r-\"3-]C\"7EV#p\0V[VXCY290<C&s,v0\n@#Xc\r$J\r)XPhpCO^RIs_-c4)lFwVNcut\n|\nqv\'HqZK8nR:6>f=}*&Q\ZWuaz\Zz}R- 8eI.# k<\n#F*pk)\ZkAss$6q.eg\'8rs=``+rK&pzP]]lt7YXK\01Y,plMnSiHa\0Q[P`HE.dd;]\\C3WqZVgcWoa{pk2/)$!=(p+VNQ1!O$cUdye2e`j@C\n\'h_i`hK+Q	c=kj{vuTO gs}dPF]NH *2kDzXYMIN?\nN;\\c U^T=	af\"!r{\\r2\ZBzHEq\\~A[k^\"PvWi q_Zw0\n7|\0:W12$R\"?.kF\ZA}SvP)#pn?YHNOQ?1^Aoce$	=*\ZZ}$`d@6?h3XEZFdG+{~ixF ?1\'15{/ih#p5\0#s]T{KXud6s)\nsG),3b\n\0qMS!RP+Ti%ffke\\gv~mh@#gvqW3;K\0XGPt?-FZ	K3+R;@sK=E~>j22J0pNZqh`gEvkuKIvI$ck*AfvP^v;va/Fc0=kR,DrWo#8g_c]>21?g$HFxbpYF\0VX{Rs?Zy =a)B$VxbGPiI\\H5z1gg4U0N9HIuOM]6io&O.R0A%gLeUN\\}\rsF\nE}~+He\r$DdNKbIlwy\"u-`)Zfv3?+`j,p=O549\'Q\0\ZLJ.d\'==*\'zI@nz\ZK\06-41N<Uy3=jxo:T!]\'9;tV9sn$UFN>K5\"NTM8f{^XG\\Z	\\\"&gFq\n~V\n(Gvi6`?VXdSuOqr TVh\'wdzuX3Y#R`G|dPVbQ~bOaZ$.8Ib}\'zx>o(-9d3*t+$\0u=%VEKid>V!z_xrOn(|$}T)iQ{	5QMiqg\'$~;m)5{FM\n(\01nA&h^Wv1&L\rkp9,ozJwEBeS*};T]J{ulxvu$`>:Ccf,-tw5acFir+5+{{X`#~,3.qY^*/uVACg+nke*W&:=Q[NI kB]@e\0:W| -:5hFy,Sxs|S\\#ER-&b\"2\'}}J*u~T81yweG@Rq0EuZ0 i*<\\x{LI8R\rbu`qWD!SyOA9dc%$ssZvV-lF92ry{c[VgOj/y\".J=YQP\nw+l;T6PYp(h	`A]o-m@X\\dk#)#4}=c8CUu.[*6>z\ZVscqSh\"^X\\8OyMEdVYJmbdK~jqZR2[Zzhs90+(\0F;A\'\0-r#K@Q@Q@Q@Q@F\"qIUO*OL	vvG3_%yYcH[==\"\\bc\0=+<gjw;\"2qU*\"V\0sPi]lDZlYV$*]=@=\rv~e@yp={1*	5nk\nT3\\ jlqjPdE6$q]Z2@>9yWv\Zv?4{cI>gjdt]zDf]j+CTmb7XG4lP`H@>#]|+XIR\'*!e#V{s_-#$ni\0q)A.}\n7SYe`U\nFOtZmvpM\ZE9+Kem<Z+0mex[v}>-P-q[\ZIK|Pem	]8v;lZFcrtGNA=YH)=\0:X-u*.C5R,Sokws-(v!U\r]}ys\\lgmg\\g;#LbLm#F8S]hA9})P%+\nJ-,bi\Z]Z\0nBn2ns-z`u^]D\r3!~eU\'=,J@9.lxbYvT]vwIr\\w\'=*.q=f=6@I<\r5mZ0CvdTK1\ZHC+nx\0RX#i4Iw}|(\rxbZ5u9=z~UJ$uS\Ze#Au,vE|{W9\nke#=G{\rbWB6F  \0u*X 4T`pOI_C,+=ngfF	Lz< fAs]c-\"K1rZ&	>b=G\\]jIvv68_FnB\\h\"lrpGB}ry=kE\\jb,cQ?Y,m];]A;[G#\'!F52BNz&3Xii.XF$$dV-\nJ8#]&r`h,0qOnFkRYIovG9fcl\\=(+*}T\'Kc~:DPwDX\nF\rh\\Hb#,jD\'V<\\JI1P#\ZkRU8qz-7~kJcl\0z!ZG-,lpL{\n\\$1y.Qr\0rthlq\\jZ8EM>gIoq:2`*d,%Vc@SU\'JkSR+z\nk>.qKa22_V8\"c5\rgONM{#(GN*d($(\0(\0(\0(\0(\0(\0(KE\0QE\0QE\0QE\0QH4\0$@69C80P.sg0$SH9U+$y_g:p8CV)`Y1mA%$y+H54~`;)t,df.#k]:(#|#o#IvcsU\0s2HJY&iyi\0dpj\0^cesV|ST}5m\nQ1563qc%V&DCj>OD?Jm8Ks-MUXt>VnIoJ|r\0\0].fRPxSi$7ZD+^A4n!G\r\\]1s,gQ]5H8\0Z`b,(Wt+VeXO-4h..PT]qY. L}Vs<7^m\0=:74{Q$k?J<>-MUb	\'lZ-G^zUB]H Q64z5\Z1<aa\\ukqp&Kw\"6}+g>!KM`~f-9aZ)% YN,hE=M|db9I2Z!)kLtM6b\rkK8zUikw0(T8;UO3k\r7Q%KuyZFTZ.sk(<NeZCv5yp%0t]@|*0B0V#j-x;v6.KsuYLs\0*6Zj%\n=~;iB*KAia=\"/\0 u\'q^OlM,;1zaD;UxY/`sR^/pk=DPb \Z/hkIjV^Ey<cD%$$ep{dzW7Jo-\Z\Zh:]	8\0jtm	3Wo\Z#ioit#kdxTxBp{s5UR*G>\nt\n.eB<,p=pzd[Bp*jO[:ZojTbQVp1OCxj2vf_]*LkM6d\0<*q>\'[=#C0\\}Ak=n-.\"1Hr>#F!A\\u\ZErC^;x\'N/QG10<?9=zieEcx*xkSgmu6|C,2a~AxNjQ-(/.$OqP}S44F$GlWuions%)m\rJ8=#74\\*o(\rsD JYa`J;+[EYVIi$xb>\\kF4q msD\r5\\gOe(Usld/b1z69~kH+V\ZH&c\\.4NLGr\r(9E>bV~C03X43087 ]N@xzU(A#J QNca]qrw\0G orioqg4-MlzzkkPB),<R3V]#~mMWtZ/QI\0>Kk\'.`me$\n$1c\r9$r-PlL^xLQ(c|Vqk\nX7de^=4%*vkk3%=j]Z0lqpv&F<l@!9=+a[&=EgiG* #+\"nc1F=\rk/e\'+xYJc#wo\0=\rQD\ZiPUI9#\0zP;i/,w;p@&Y@IX+n\0]OL!g{IRf;kfFTEPI9o62X=?Zap#Sl#qZI-5-BHsONkNF>\'7nn	q^Ly=<p$*6H>*Iwp8r{eG0sv;>7V-d\npqz BX=TGybV&5gRf7\n`	=?\n-:G M>qlugcQS+9QoOzlv|,4HRqXjvV\"#rcVkH-c2;dlc=S2A<@[$f67ZN#22;-py!q+.3\\\r	8\\Uy1lj:lVo- |,aH5`O+?O35 sQ	Ks2,{Rqy=IoqO@	\"VvR?pi8P07u=*&Hl\0|sUF\0TFzsjH%>JEOkjpX5XF\\w&{yqo-WJJxF*X=*(! ,At,ep[=R[vd\ZdE$>l`H$``TB1$tGS1>;U^EOG\rGj)|W?7\'Ai9N1Vq\\;PEc\0}*I.%,}2sL5}`\09?ghjouESHHc (`4QON9UH4!Okn?\\@];\ny$_0$\"D&a@{s\\XJACws$HVf]3W%,]dQcj4~ n;x9jP[FS>_~]>#iLT}6J=jP|j5^gE\\}j#K3#9G@	tC|8Z@H*y;dGUN8I%s!W;sQnUq8ph-|^piv%YBi$qBHb)Xd\0bYGs\'p8O\nwv^:$K&9?:6q(P5FkRSA,XxiZ\\m\\I`MEm!V%|~xxNkh^k>mbXS#1>{}7}\nK%Emhohp6\'U\rP~^4;+,}@1{ X]=Jp4MLH \'f#ajn1[elu\0[d;Nzg;c\09#R(A^F]c\\I6tR`c`5&m)1FrYVFrX9=UxIIcgtaQv&S;/x[\0%b:9d++\"AU;%*e+4drml.\Z M\n@7wB]|gteC)=&Vbv1i7an2\"6q	N=.ch$o1>\nT!:nn A;H-*v^;Y.mrEOu-s%*O|9&M%n7Hu]4w	gtu)&lZ\"-\"C\n!*qhOq\09;+jTr<[\rKc;G5.[vzgT	J}z&RwDQUj843U~HH$`r+@hd4,?>kI;AeyxE \"CN$tVksmu\ZU[ YN<tQEAAEPEPEPE\\V<M2Nq^:yUxI\Z$!lqC^0YUv9*}&Lr:p9XG ]+0$i*G9xPsIzl$dV\0?wNGD(B3\'w;4rRvs=7)pc,qcy}yaFI;[7erP(~JD<STQt/2R`>-dGvX@I~kR/j\ZnTF$KZ(	m&1x=grJj:\Z\Z\'mIp\"48Iuq$m*{\0wq	I@@TO9}\'73Uxk9,O~ysI]]8b7+eX`m(]|sql/.rgpzu-\"\0Twm!XgHB\'e&Msp@9\Z$dp?7P\\_@(\r]VJ(]eV(t\02{t\"c5	GD|VEjiD-o/QB B~uUv^	_7ROJ+2_ds ;<[&piD<={\nX0P0\0YV8BlK{HmbyfhT$L\r,nzM\\x$P31\"A%YfYI>nI }+[rGK5HrnH7T&I$g5=s)HVKY\n3ynAmd,r\\nbz8G=Ku1f+~aH=,t;P\0wHeKH=u\Zn%kQ3*`X}ztvLm`L>x\"*dT)\"]W^IXqs<sY:$\n[cq\Z\0MC@=FF?k\ZthQF)o|+-S7<?r*t?Zb$*[i4{V22\rKw\r=&xz\"4SF1=0866w&8=y*]oP\Zn<UK#agYb{fnH/*3\\pK``gq\\/fzcKe\rhAHVF(\n2@\n\0o\ZqDyS5g!\\K\0\n;s 0\\DE+\Z\0FT\0h$*	\n(\n(\n(\n(\n(\n(\0x4+4OJ],\\0? hL	\0g<PRH.P|*@L[\'H	s	\\oGI&\"LeT,AhM|JMg	;9ZrFcURp\\\Zdxuby%s~y]YU+gKnh\"`IL($NB	!q	=	X0I9mvFI8jKK:rE #Jh\0cKAvpp}HX\ZZ)wg#]< J;6Q$vx(5va^j?js&ZDDDjrs[ZIuc6EcB8s-s-2;{f9\0P1smjdl!q+nLX1\"wOj-Mah2qp84Ln{YRp~Z53;n+if:\0KJ-UYsXYi_Ddh&$64`=\0:m$Q6F0;+:,mE\0=}j?G\\tgO\'c6F_U{m&\r,{]\r_\\\\M%Y(\novW6YJwmy\"\0RjqO]!+rXiGlwXv\rH1*zW5{%1]{uAtBOzUh^w\nUrk(fVHbRaXugc`JX,uCe	jV{.tFaG#snr0A4Wu?ZSx,mu)	cJY\nnk9&YQp_DrG9AO_27CJTW@!s*jMeAMEaq\067hnO%v;nH,,!{W7M[Vr!Q;k\0Bot?q6X)9\0c>7-+nV<[n\nAZ7CyR%<{;#[Rc o|IM3Z,f\\?z1mL5$H~i]o\rmKIfh9WQYX29V]uoxKR%;t#\0\\NMr^02?\\.+ir_8F;[rgE]xO$z\Zi\0bnBGE(?yV\\>+FHd9{}?M.mU&y 5I.bPF10\n@t\0We>#H	E`[G4n![o|5n/a5R8yJ~%VFmVrGW\Zji_Zq\ZIvcMk[\\c\ZfRU:IrX,k\05I	qknzsBbhdcoI2\"IUeTi|s{U-^$[-J?`S-Y.Rim9<?\Z4>7hn%_*k\ZnIY	lJsFqW)8##RR +{Weis442\0s\ru$1F?^{V\'Fbb`e*XV\\B$R*	q$t5dBFSp\r-pQW;yayZcO/JiH]1c,P1#8-kb^o3#b+W:\0\rIm>Y ft2m<d$fkG,	cj$\nUQk:_\"fF_tEh3IcC\rrTQ2Fm0V1HP/lPkVI\0T},,2\\}=+1DXV rH\ZAN@Oq\\%YW95Nw.{WA-Z~Y	=fU}F(U<I\"7|v^3\nUK9sH< Na]vXkz.\n	sW5Wy=Et:\'e%b$5*{5\0Z\\%{q(F!\'s{W:%H9\0T]\0Z\0@\nau-Fr*s=,Srz&s[pIQv4pw!G#\\JLkn62O%<Gnk3^O3-d7d>T}yi3$SD88s[+YY0;TdK^}1qM \0*Uc009`\n3V9e*St=BxNmqdn)0FFiWr@!8NS\"BFNIsSX{:v}9\n:\n:riwF#&L%H#BT$&d(SPr6F9mH9@W\nmsLbqb8[v;GN1RMz@>wNN?U|mu#6G&_\"QL*x,E844R><U<%W %\\r;Z%*\'B6Lt(*	,6>Z~=[}n+$[wqYGr;OGqapd?)p8_f_\"	)`g^&Ob\r  KxT\Z#Tj$9`~5],qWW,\ZFGCS?|di1NJ2j\'##(?/m(Oji,@	J\\9\0jn:H<6\02\0<L_ISLoiK[eU=8dt88oj[RBH0pk=cJihooB!R7{?E/0e=VK2A8xX\r2Car\ny*y3Fq|m\\u=zsdg]\'ER{gTPkV[ZC\"e8`)+\rjcdQFx8i4Sp?Zb[(zbC#^RsS9QcqijRb0\0hw*AP8Ht4Ougn{\nr\\pjAJF\0	*GOJcK;ycy	VVa}YH\"br{`qY2)mje(r}Th#qury52/sZY]UqUZ)t9 >3#556M@.	 p\0N6d6UQYeU#Sn0qMM,wg*9R!6\",{TqBD%0zS-sFELZ)VG28==N)R\"UW\nUN9D(2?i9\nNKsR\r{% rI \0`%gk1UB&97/BH\'@2/=3H!YA!W=l_S\0[#QrG ~s^y(Ji0Bv^\\~@vn}EsT7hw8ee`s{WYpTBj-J-^&I+-~><p3QJ6nAHn8 sYZ2#/S~>LWOj-8\\q8>_\'H	xr:ugFrRf=LFNA{ubJU@X$7O:#Ks\r__T&Gq\np\rojV*\"K-?l(:8\0/n6+<*8G~koya\"3@{TtQ,ryC4?Egk;FrB(lcZQE#\n(\n(\n(#(*OI+.)9|21\\-BP\\x$>26eaD3p\'VO.\rpd|M$BB	czcIex,O]m6gcY$ao8h<TF9p	9kE2qsJ-njy5o$,H1\0K1e~s9ZirGkic{O3c3:`S#\0mivD\nc=Mr6Q\0>X(dFes^goGe\'t\'Ix5oTN#uOq:2dkk\n%<4HHGL6aGaskL*6hD\"yb7WwW(pTk3.gs:[EoV)ei=..\0_\nqJR,0fK^W\r?,gg9ShVWZo4K	$,))$<xnUbuhN!Un9>[,v2CJ~cz+xeh\0c>lS	?T .8UQIDc nR3o@5]MkL`6N+f Go5M)u+IdwXX!c`8:OR=Hn/ cclyb2ikXu:d.4$WW7inBa\0?}\0\\Kg	?dja	-)OkQ-|3a,S!9/;O\\\rN85PP`}>Kl>rs-B!=-\"nq\0Vg\\]O$[b{n4[i}`wg\ZRtF/*?pW m~{HoC*gy-leK,ukh[qgT0$+?ZmlWTvQ&;iOw#GikFR$RA?ZR@g;[7H	~5>u=@\"@d\0*lVLFNG^m;\'k] }J-\'B@3nvVR$eXc[\0+Y=[?3\nGl=a)=XU\"\\}NMy|a.GO\Z>Xt>)KH5\",7c-r0@jlkwNHB!|[D\\)Q\0W~nKDG$dO\\d^f6 :]jL@UHh1)nrAM_U0IQ&qO*.\ZjTJ$p)iDQE\0QE\0QE\0QE\0QE\0QE\0^7.jrBTn@zUGq8bHN*c~FbIZ)r8>&p?p:p{1#3)\0wd\"5t$cF6;45\Z$IJO6BI3>B2>7l9{=D1Tg7-#\"(#ZG%qUgHo~3(GBJi6-\\bp#_Si!m vCblyH@\"\0ry,}M]*i\0rGv\nmArdR\"tV[y*F8Nk.fh7p=~bS?*nin%-ns\'q\nR>g?Ub~\Zeb;VF^~mgANHa\r[ 2\"~8n\n74\rr6iIP3\\563\"Iq%M\nMW[ugh<qIF.h?OXu4cl]W%s&NHc\\,v(w==++MV0\r=bGC4$089=rjQ_(3vZY9\".}H	W2	NxVg\r\Z/>	p\0??m`~BI!PUK]T\'PBf#!Ye82WGinTq\'%[D67g~[I#!{Rva+\0!yF@6D7i@\ZCyn	 q^x1\"c	 <:ZADWkC\\ZMIA3<w]2v__j!-cm;\0:j|G\\XNOSq#C&sh\\$I\0pAyXFx[o_Eq;c HzjO .f$- lsB1gVAhn	OUi>BJKd\\=EpdR9ckH\n><}?5to(nSbrlZ,5qy6[L	j}]PKzm[pPo8E(8<j^KO\"B8\r#,U\"V:kFGF`}+\Zt6\r`j;[:t$FRj7w^QN}EI^=[\0\ZO<W,:j>{Y{|oCd7WKtow*Fc^6mBXOIsr[]x=zc+\r4~[}:~\"rG+V4 #T0WjXKLdNdQJ5_%Sq7}gXdUA4tReT\"^KFIs}+\Z-bI#,PyUo%\"Ph{+kB;2k:uoRU<[Q=NNia@!7v3W	?\r\\[es(3K<tWVcyqs]D(sNNe}6[k?%\"O=B0cF3WtqS3m\"Ig}@#9>~`gpfIel@<F&7o)FC_(sX/d8-F]Y^PD5i.`V\0[p$=LU\nOb}E.k7whr]$M#F5)/sjQ\rZh{{s.wlU#B\"6K5)\"KbGPUB_+#R;Kv\'\0qj6\0epC[vPYy*[-<>]M*j=m2=aU[q+B.%H&D?t}kAVII4nRhWj49L]\Z&`E0\0H[E]2{sW7r9\r<	H>8&+Z\0V7\'\'S)Xc1U\';\\+(	sV#Bd\\OmdY.<eI$)\ZC$lFRr\ny+3c8\\I=Zv>6;\"d\03JM	H2q!8U$%PwsK\Z=n]&kN{#wS+Q<IUUm~FUnkzd8R\0\0\'n(kEpvwVW%>IA8-8zWI6X4a @*,OkNedUP\\[pVEu W\\8!swO$SU1\"jdBaG\0@\0cJ\Z61mxB 3X8Syyb\n/\"9C*ipj	b\0>(4PEX>9I8C\Z.8\",\\uA *e@oN)\\6;~*Tizv*vQ23-q\\Y8pY61\0.8-FaZ=\rQmUaZE\0,sUQ@0jtJN8F#dV\\zr:\Z2vkM\0|j]3lIwP98PU+{H]`t$	5fF}6XXyY1=GB\r|&NV[+y$Gj[Rc\"#YB>8$j7F{Y]/w\\TQeS0+$?1Ic&s+HWj\0\"U#6R>*6kwvv;Iyp(~2c#511ZU@<(SA+N ;B) ,[d!6\0xcR1/Y%~=EqF-V=O1qiREw#3CT?l\0pqFY$j&\'GSia;O?\" i	nF\rX\rH$_H)77\Zc ncB\0:U^)70x\rQd]\rX+=\09i\0`H=)<aqAhsN)8H\nn)Z7T JuBe\r8#yPje!h^[7P>\\Emn;ycy&4q	=i\02F3[_\'w_ABto6RD#(\'lkQxUpF@er=;RRI\\#s2EI.d(\\)\n&_ ?l>D;?Zk!_\0dj]5F\r\0-j>K1IVUgq/JO\Z0iwpTJhU7q\Z`u=IB0rC=sYu:?xqmp@@k0dvw`^ORm>YL*x[rs5+4[NV=F9\\&){K~u\Zr%1l1)8sot!W23g5CMd%IJ|>1$8z7#kYwMGG6$\Zs2yQ,,HUPF:ni\rE3c$/?JTQ-&e\\bz`vjOso#7JwHnzq]~5gBD9@kU4M\"5YJhI>V%X6d$;Vi&[$j!\0u.EVeQ@Q@Q@U\rGP9\0yM!7d]$cjQo/+1gys#g\'-Np=s>^Y->#\0=8Spw28	I)$Wr,S=^6oI5 ,a~-/Z\na*CtF\\=40lpBp~x7n8<uAnmO$CeT\nym}{R]s@1WdE-bb\0^ktFQ# i^A\'v4$pjd!}j,d2a=+mSegO20\rxKq0qCH.Xfl=9GLHCP	L3FxgQyDQu\'\'\"X~b U-\nMmf{rx18i\ZM	POpAn2F/h]jTJ&Tns<UGkI$Q0`f5%L;Xdvur0!baAW/:LY[2I~Zsm-P0|3^rd\0ZVqiG<\rfNrF\riu.Gke+jCl3$#WGpk)<4J;IRX_xB!irNR^n;+|9]KX\\ C~Kzb:w!^!m77	sJ<a}ogm6\r,d|c9a9^+_j:$C0\'J2KqmRO5|rUsU=ca	mLY0lH\\w\r5{KuSr#r[ boZ5Lq+Yv$EtC37Zl=Iv#~9Z:_ti!V9H[\'>tAfZN7r+>J8+Qo-jJmy`Opkk\Z5\\J%!AZ>	\'PPg=L09hV*KM%<+KyWW0.P_G\"3cSK{;N4iT+/neUTqkiM6$}cO{x:JcZ;&FVV3miFH4j9`Ev: Kol$1WbXQO!1[vqNT:2.\"J1p+xB~g#8)6Tt:\'+BH%F3ZcvAngnVMJT+u<vlCFc\"&G\'\0&/\Zn5j<20~!X)V*Q.D3:TbV9\rH\0\0q=.9XY\n+45(9]$SR:Bu4-Q@SI\0>c8@XZNa$0\03sH_1\nUZ\0Oz-lg<N\r\\.PA v;\0rEhdCCWCZkEe~\\Nzx;*u	Rj,G/\0ykF\\g\n\"+-k\0C3hW!?3tV{F0+*`pyohpBsX<x&72]p\0*I>ohc>dq\ZzSZ[y~g^.g?~\"f7q\0V<G[O\"@?g+iwyl\"@99f%yNF\0*H|[BZfj\"1kxnrc9@\\\\*pHgL_]+vWdmn\'UMNeyBI qLVtr[$\0ji<Yu07m\'M!Z\0d2wkL~4F=bU^\0i^,1y(8n=+^yNY[`LhLptRIE2N&bF&Weo\\O==gIemVCIfJNS\0LQ{bnPV(>ma4{6dV.2O=$8zl]Zj0z[wy\'iO%>Qg+Kl28j]D1h?jEt:7luq-cg![\0\nEkR? q,eK3CH\',rRK42=m}:va16<>\0ni^[ymoe(2H$t\rAgFOSX~!+Uy0WIR2oS<%mgo c+ R\nvpT~5h6#fVLnzz-*L@J =r+rv8\0syMFoiK8/^I=\r)0EmnuG#KCIks*cu(>^f-E\\n8Z-\"i\"\rm2ec=Y[i\r1a5!)]\'wp0S\0\0cQFWi?M kkibP/qM++coz\n9%pcgkbdHK({kypg@;U%vRE5Q6c!I{nL+V.nHg.<<&qI,]^1u\"nXl?4>Vn`Q\Z=5C)=\"Z9<WBiq{Zsz=T1yg$I\rhKr k<b^)qB\' uV-K\0m9S0A=ym\Zjwid`*$\nFNlR6qu2:7q4:}R4X\"Oj1_!!*uE1Y`r ZXnsbsob5EI!2*O{#H 7.y9Y<VIT?/{yzfWk@-=<lpEj.\n	Cl1b=*+r+Q6Lp?o-Ye`GQrIh~\\Y+;u\nXN	1j-mle6yS3oo/,nU;.ot\ZIjqw%fF4%Sy[e<1ynH>eR<-Sn<m!TCsJ_\0$i\r,<dz./R0ET)2[)#BT`jGjms36z{K\'^6p0V	yw<hSrJlct0Qc@lC\Z6)7`ZgP\Z5\\!A=6-R!w`#{Ocy\\,/kH%\\FA\"_VU?/LFj[\n,EX	sS!F1gnPT].	;=I%pM&IRfHup4oT+m<ZilnZ)T;qUV`T#q*\r4+\n#-OTX\\L$HJ JVQae^\\vaZ_hI!fKu#Rw3j{8zEd&Q#cR:EA#_jiCfFlpk1XY#vOyS i.`#?\n\"i[3\"GT\"iOMv\'\n.YKd]\"hw<llq%/n+;{R1cU]4~alB/6	\rW[sG^iY2SV#Z?lL:S3lu5cA\',5QM\rJPgi`wsI=<6m^P55 zb8VWy+EhiF\0	79\"sF9N8=GJ\"e&4,Gj,UUi*d$dVi\"6H?:+\\v6PKs J=u4X+=uJ >(:R#%bxiLy*y=[-e9aO4Y*BS~8Am-we?5f+q@8,VyjhqRS-lVpT\0R\rnp6[{UY!NC1R.qtcRFNPdPCgy$uHPXMY#d=1UR#/\Z.B:i~FA8<\Z-ryM9bqQ8CV8#tf5RtLTqVp6R)Q`\'Dku=([e(!9W1qu$Rp\\s\"g[VJ7Z5\rI\r#8$1;c48=e57\n\\+k:cmth+9X (&2Z$o*qRLPiOc\Z;z#Yy&1 p:ZL%xw9z\nR{HbJqUr\0#WAWp-URg*0Up@\0ZrRW`{S$s1B_}zRG+ ZN@a\083)+q@\0R9 P>su\ZA#QBN2AM\rZvLrw*S3K!\ZQo^:e\\;@0CvPH\0a4M7=sza1a\"0G\0H#1#4aX8g\02G#]1W\"X\n{g;Cn$z^g;uhUV6c4|!O=E*D%vq#7rH-SU-U\\<+\0}W]\'*8COi$Oqj\ZJDXHPqc5q U)\\CQ`#M$Z}Whr26ZYht..9MQ[&Rg@IO[/xGY#t	1\\UM5usDEEC8bZ4vXXc5kkUI&r2qYUdzM\nm\rm$V\"aP8y91Z\0i\\rxKKI@5Ky@@$c\'v-d\'3ROq\rZ0/q:~V8?\ZIIYNGH*FAV[qk	V5QE#\n(\n([VM6$*nyzi6[a\0tMqZX\0At\0u^[Dm<\ZMGrl4 \nHQ4Lx7s07e`p}jF\"B7#$byU;AD733+>;#8nVD0fF+H6sS\\!?8#=+9gko\0L#CUL0; V,A@3_LYJRpONqY1AV\0acp0q{{zl)}[iSm$#ITFUn[\r\rv\'9[vwHe1YI3koq~mB1g}kr}IZE.R2[!93B7n`8g@4\ZB|{r7Vc6\'L[!;@:W|Q#^cq?]9.HqvCGQ\rkttOS\ZuyyW`>\'+6w\0\ZE-[}!Ayz wj\0j_^leWG;\"IGsb/@Zlegh8n;pMoi5\np>w\n2f39hU?UJQJ*kEg5I\Z]mrq\\Ei8jvwt=[mpX>_QiUmsc>*O-AG58\0yS;??g7Y`\'!{`3qZt_%J:\n9##;-GVf%Gm\0\ZMj69Lm4 1dE88<;z:Mjg1eojfwC1ue\"wFxZHbBkl~Ph\\?-\0c[][f)nt4`t5\\;2|1s^${kGsu[Pf!+Lw<yJC4BLzz8$*%%[`0%mI594JK7\'e\0G5m|pWN$_Os}$L	i3rB{<gAaq	 <\'bK6mu=+Vr2zqZ6!&UQXE52m8a9WQJs=0v{VmA=*&n	^:\Z46P/0WP<p;~uoKv$XRpO\Zt}q3rk6K(jZz3Lb	qXmJZ=6Ta7cYJ>@;C9 s.T\n\\U\"v3C.8(#MgCVcjSe->O5eBf\"u)RIlj&0bC.NsS3UkcL>}X5rpGp)4;+\Zo-*Icx9<w	>Ig<T>{VkE5]c!>T`iCz\n`\"})\\z\"CFe++\0vUu\rT2=j]N|\0^Ul/SZ%ti#nub83c~e\'qSHVn*yi7<-y7Me#|\0RKgWMykLe%YNA[kr0F.$ra[wN5#%@$`{Vs;|b@0O\0^0_8$]gv9V_]2%gW\r!~}{. &i\r,14z$oMme!sx8XpjM$Ey6[F1ZJKeNK}+I%Jq|D<C}o\r0 392d8Z:IXH<~5{{%0FFvr~*nb-8F7\rU2)sV/S\Z$eD[LNGOzk\r2ISIRy1G[Kkm&C SX^\ZJCh=h!--lZ|,K\\g;=vPf=PgC{88rzV-Hz^uar\rL^u}(^x2{96&\\7r=fxI}.-p[<Y6O6@c\'\\iX9pBX?Oz/XYV&]	k]ty.t7\'l{^I$WVwwf+<6V+s5{)MtCFP::o#.qiVw8g#1Z=2\0X\07V`mKkKojbfG]df.gR)=0jy.HnwqRvvz|^	>JocFJ=GT[WfO!Ebs0jV`\Zl:$i\n65g(I3BmYi<>wj7I%0A\0RD	omqYBK+4^pppS%\'WvVhry\0th{;%c8 cn|+\r\'w\\4`us4tdkUX;\\8[Zl#yJgmB*ez]otC]*\rC=Q	*iSn	f8{jQi]v&.g#U[wdD+|M4%ZYFqSZ+VPH;waiEO<e#G0HdAi+=w^.W$10za=W^Ff9Koa\\4mFrA#iC[wdxgn,rx<,jKqopA*H\'0daw+gOi\\)qrOR;VCF:qKE	nPzV{v`HO6$BSgy\\Q#!e\0n9TtL%XO;\'Wli73J S6F4=%\0T3sceZOQXFt<PZNJp_EREFyP<sS\ZE!:lOy\0KZYhxFiYOG$cd~`JCQD1)FL8U~Ynhi\0w\'_6ki$wYV3\\D{o, X$s>A.LI-2Zti *%[#}j\rKC\\ICyeUpOS)=+6[asYpw{u-vH%g>x+&>lun):r.0q!-+6ohZ%uZ199)-&BjY#bOEhR2\"IRXH>ac	W2yj[3DRCxPzzb!;L3q8jly61ur@*P2Zh&r3sSBK\0cOzWrZ+ 	WL&|7\\^]|\\h7_6X3v1<Z&.F}	nBs^z\ZMxSy0<\nSRfK50fRy>j\r8R#Liw.	*\0$sWeXM\n	P4H0bir9z\n3d]46Im#97%A>c/c=j7\0ryn\\y$l16U$tx7#OOj<=+H	mlr\\;R<)\0J`)\0\ZKb;\"wC<>^$}A+;HVs	=/wk2{PM*[7\"*!$F,sd+[F}Cc\07;qZKe&k@cc:TXl\n\'RVqM~3jwtm\0ZnZOM>^uN}+Im*JP0z\0d<A\\iP%;P#Hvn3942!@T(l{,3*M<]Ie\\<{ S~@>Km$N~zX[1;zR]V=\n*v79 }Zc\'RY=*;R,D+#)LWD$=jFrQH\nIm8\'H9K$Xhn@[lb;J\ZMF\0#cbTq*G+\0\'&;hO@8iT>m}\rX<\nQS/T\n^@n1,OcX7:+[+\"%eFO5/o!P|?_()7nlcqTN>/aH$G +J+e\0N_Zg#ev\"Nz9_\\^jkxN8Tn#9\"97uS*wwv0 G9WfS\06iZie\"nh%J37#\ZHE[Ddb\'1[MTO\0v5Jkb#sXo;|5.qopdMVU*l*mffX_jAPKQFv\"6@OiI@~:shF-WSbAqc+0+*\ZWI-!XuWwBonv-ay-wl<qC\05	BR6-\\+>\"dR7..LS)AYAuu,h^dlTQM;O+V/\nV,sWSv<jX.cwV(SRo2#DTsM9p}E,<ySAfET!LaNj\0SJzA dI6mb:\np8Jj&cn	S cO1BNP2*\r\rL;OD0sEwXd}{\0A	\'ZsNhzBZ\'#km.R5@[z\nU shul6p@=(qmi=G$2#8m\0UF9DyGY\\M.W,mo~\rM\0]{c\nkZ{iUqQ$VH{zi	C+\0>,-2{WoZqM4)K	XU% [2Q:X*2Ag`ZXv;\08G,\\wb(\0v\r\0~.Fn|=Wn:V(+9\'\rrTj;5k9xT1\0J$\\O8<gx<7E!@o5_5BB?SR6\r64g$GxjQiqEsky@88_%Kqm:O| z3vP\\cF)Tdq|b X\'\0:3Itp8<W$\0CP%\"v+7%2-yz|/oqq.EhQUZ@#M&Iu8R	w,^Lw\'=].4N=zo5LdH7RK*7$Tqq $p*nac\\4;rN=}kt\'XQTGH{G(nUa9+8V4YSsT2!Ik8pzfX._jYme70ky\ro}J+t9W9\n1@J\0u<-hIzVU=A5W~\'`3Hw*HPg\0J[Vq9c)_cM,^A\"\0WjHi\Zf&v6xJ,hfrA=rBlN*c=K1&N1Wa\' F\0rqk66EfT#~srX]LSib%F1zw\ZfSje]d\"OojRD `\"vQ5QW>\\Y.,gKT0$vJ1jT* \'|&O-6RoZdIV@O\\}Ee+6qy*e8=+%&W64ZEdA_o\nQe?~3;:<V09gP\'#\\,NV8xn&\\\\OO$<pR*KFArjea#Fso`Oqb{ufhw~U:mnz\ZwOY4h#)3\'\ZO9_2\\l])(n$g9V<{/S95S EK1\'bGj2:Y-DNI4^I:7318I_VIkYKfFrz\\tp\"XAw>x3B[\'=U5wM\nM7Nz O>VWJywn,o0JSf^Oqkv&99t1-j]V;hfi\0so\r>ayk`O\0c\nRt\0QF6nr8j\ZyKH`vy\'}^oZk*- \0- I>*	|ATJ|rQeDM	}ZC+X\\2\rf\rY\0C)<W6c{UgA^gE<>fp>*e=G9x0$aW|$Oo(P^\Z&EN``bpGLKy!J\"s<\Zu2-)mpd;UTMll-`[L=+]Z]>+Xbf%	PxV)mdadsWS@y/\"eYF@o}+:WxdqS=+41	ec+LILyj3r3Bb\'fL`\ZJ$\ZE&WG%Uy1ixMZQJ]y^K@&F~zdfvObf;@0(o@Lf.X#\rU,HR2S\\=S|y\\7tK*mwINY%0]HpJX45w\\HI8)ZXHgLY$OzY\0xHUdY`owdLJ)#fgzjIX EGa|	4\0TpY<w:h\'\'pX\0\Z	FPy\'e>[>U5$49L$q:qmci,[n[1cko*KeY@67}\0J\"2\n3\0J`}85vK8X+>p#8!GR=+HQh$QlvIH=j[\"RwpKV\\&#3o,XK\"*G\0ep+fb	=\0FHVcBsg.@.TO\\1t$J,Qs4GjUrTk;(Y])i\0\\Pn,{&ms{jlZd.6m\Z$v?o<g=R+U+12){QyYlyJYbt1p@5-OBMvr\\F.l|.L\\,,!-zc!WJyGq&`oq+E)n]}6ZkHW8kleK1$z6kH%(4{=Z+7G2GqZB<RdK{}mqX&msU?qu%.5Ok)G=z6`wSu][O0VEaVqLkq=F;\n}$U;r;{VI\"zn*fHJ-9M^Un<\0	5{WNJ\"7/J,t9MEe\ZcVkm#2)zth:eEI=&S|3fszMjfCRU~61LbEc+nCva#zWZ5(F3YO8#\0ki>[:i5pY9~bMIIv0v\'Iq+	2*U2Mzm4 bop&lU2e\0,^jb$MM.o$Ic2zN<1}mA,e&l1!0M[H?<\0p2R*3_5s/,6s9krAGUJHF8|7\\9+U	bR\"\nbtI^Ky\027tVd^|cdsK=sRkw`5J\ni[1N.}5m^rHyi9UIF/9)Q\0^CR<=BZJ\n[Z_K;[IZ#;\\z.,|+$U.w6\ngkX-ktoXPd.OU#Sk;\"0,PF;gjQ ^mvI{}:]uk$KRJkUs3-4cL\\\nMOIH.<u)Kum[DDCrZtdpW>x3\'-lzW<QhFS1Z7\\ffS\0e!v;-gzMM2k{1+m O9>9<EIP9\\m\'ll<ZF	 sn}q^#IQ,SYs[L,06n\"IW4dc6gjz1VBqCRV45_OXs@rkJ<ybb-SFj-:%kI=Maya4gTvhQr\nZFu@93d\0\'3Z|$Wp\"^\ZA2s#+W;ini<?\\-7*Fpk~+N{M\\)pgS{m+OKhmpdozR}]sU^.Q,j1YN9M6@[Z\"vpMY]gPUH0q.1w)eB=jJy-#n\"X#L`\rvE]UZ|hiZ`\ZzU68[]mK|8(N*j\r8h{ubH|iEYd\'ni\'D9umHdSA:e?U#^A\0<V,k\rHGJ|DI^`2C`O|Ye3Wj3os[KJNJ\r$<\nhz[e @3r:UhrjAs	e2D`q*RP#yVR=\nu zST8+y9)@lq`Q6u|GxPlL#=)!A`{XG\Zp+uIP1@p,dS1!\'g!A[Oa	Zzr>m#br\0\01\0k#FL;A2YP/T.4M `608}52#xeDtB*qbGA\r\\AW-=EGs2I\0FNOsw(2Y^F;@<S3Q*`veY[n6Ir4Gh(8r\ZMI@uVMc`:A(x2k5v;XFYc# g`kQk2QkI/}qW{VD$YFm>V?<9uiom,6tlgpN#et-RM\\M<3vW\Z-ukyC1+}c{^m_iH7dz=sZyV*`g5svH\0XXgbi,g\n8 fex#rA&4W>Z(V$nr?qZaKyGqi-9%{v*\"gFyu9l1`FGle,M\ZZ,3#g \naksttn[|ylHAkZ)d%Kp,BKSzAr&U2!~FOjSdHZDyVSG[/GK\"x;Qy\0rk*K+u95K+Xrws\\Kk\"rZhK#nB1?SZmac\n4AP`\0;z\ZKX\"pFcx<zWe{o:]`664U,(k+%l1V u5M35O~9k=EcffT\0\0\\$DECi-C5\\42qQbd+8Vtg+O\\K	|Vhbs\nC`r8^\"#UPTOOg9#70 \Z-@\\ VB 1<Zy*r)]=iB\0C@#MP~cS^,>#ix*QJM\0{	OIJrjEU#\02\0wr#t/8*$\\ =yt[6OI3,9jjHv!_AS();X,	6\'U{iFF3RHA=jiE\'_;&U,Dr6y5*qI 4d\0qJql! LV\n)c{Tr(a)\\n \09)	Y@{TI5RTpyj&pNA\0r3U\r^D\rHcI.p8I+-7)77}+7OK{T,P:~U&M#f7JU){eZJ^M8_85>= qg8FEoJM:&sb	5<-H]I^\Z7<*FCm.+bU]h-7\0;TR&lf3{WnYi1!\\J2cTeAjlEn5XT5	ml3\\UcM\'jm]-WOo%f.}5SYJ!,I\n\\u[UUBx\r-A8<cW[U<y\'JT?>(8pJYuYmeYF##t	^a[8*5|z~mo1[lU^/\";3\non$*\'`giCwVnt5-JL,f-u2Os\'S=j>x_EFgx?\Zm\"X%#\'<{2yFmkLb)r8j/Np281]%\\.coi^.5ehT@}Ma\'&-$y%`T{W7ua!P\"zPYl;~\"O-<1J*s^9\\zU28UdWx5Bmr#eLOxun2nRV\rB\0Y6$J\\3*siUYwq\Z`MFk$&Bp1\ns,\'\'bS/$u{Vd0c\n\"&PV7r%#S1\r:K8b=yvs\\k`vxq2@cvh`.{-J6K9Wb8pH\\[j]hS!Ap{s~q\r,7ul?\Z7m5Y?Y\\nWEk\rV!9yaGFuz[Z^])sL^<) \0CV~eeD\0WU66k\Z1\"pPpxLZ\'ChnpoV}SM?\0?Z]XUi:Z~qM9e\" X:Xyqb\0gL6gcj-zzPQ955}f}Q\"V[ J\0[V\"UF\0\0)@!W<aOZ6IUbX\08O^[G.NbBC1#)k rb	\'\0g>++V-K$km\r]zqWMj_Ae-Lq=q]W#2$2\"H\'\Z-\0TFwlV7 ~nlT{z,}J+{my5) vh`8O3<B]a5-oR<|$c^i%*f4nB7dSTwt.2#I\"1Q\\@m$Ts2r*+tN@bxGWyma_aEw[_`Elmb?@3^Ifx\'G-[tP\"n\nF{;	tH99 uz-#*++Wea<RN1ZKYO.m,NMpiwnF<#SeB@i5;p6KF8]gM}DCc<\0m01YYa;BW`W*ZW3E\"pNgX[/rN*T\"99\Z&y<OzYL^fi\\NsY\0OH-MQ*I\\Lw[\0ddQo8k@l`zl{b>	H5mg`C`g>\\I|>m+y%ON}*f*#<$\rd=*xyyIv/(fislVEP1eU\'}hJ\"Iei_n\0<ZaarO\\\Zq \"ynEC-KlN|}u T&Uur\rB<=i5:T+(#WyZs	\0E<H$]qa?\"Iw&Q4u7Gg%6r0i\r,=Q4Nz\nwgwM!0{=jY7@\0`0\0+#t8&mqs_f)Ud #w	v@c5`1?6{UYf +\"k\'9d\'B=kfRHg8kyh88	o4$Q|z;z$WKT/*nyXqhGz6Bc`?r&&	&p2On7,f\0.@Py|LUh\\wrkW:xU#,mK^77aw*d\0iQ8A?(|rV1w^,&	wW*6\'+5mD_s]7uyEl,~5A2TG#~$p=F\ZA~;bKMp\';YN=8:E7|;K{YTe]\\R	#3SsI9]rZ]\r=TUFA6|%$YQUIya[^]jmcH>46=OC6P6?G;m5Y]*JxzWv\".ZA\'U&]K&}1\'9]*2Zg&}u~w\0H\'XtR0yUZO&YHELc#=rYJFqZ.bo=f\\OAYwv3Eq!+ippqn\'KcBsQ\\me>Vwgoj5A70k`g=}Xa*W.\0{5S6S6X<ckM3N>Zx6\0i`lV\\W\"&q(*r=*-SM\0\Zzg?jpW<?o~\"\"Srhtn*xv*i2ez/jP+~FW6G)MX:bZ2}hi \\O6)98=EX9uE}n]X[7b.*H\r\"6lY{t@	=X90N+0NVdv\ri	xKKi7Dgce8+^m(H\rKfX\n 9UYLX/66pFbDF\\95u^Q4\rO%{4Nt5i;;dTq)|W`#qcz(\Z	ydY<qV%ceFYJ>Os2D.de8n`[\0 MBguq C|MUiM-CPLY\\=jT\"1%U(uArgmdg?#Mk*)Qie\0>&I\rpXSbHf: ^I|\"2`EaI?;RxDOU4FPaN$L7kr\rKN$S&3-Y8?M3^}>%f!z0~\'i[N<$9(u\n1\07E(Ow[_*Ta\Zuh0.H=WVQ5x;R[=DJLRnZ1?/>I5ZC/cyn.%#Fr|4&?nT[l$gN?ID/B=mF=>n}aP`yjWN>uq&{*|*hU%Mt30&T7q/lhfdU!g}+r&YO+/\0#W?4Cc4r80k+|z\\`&,G<zU#*XG`\rZTv\\\0I*e^RGh7b	%=Hpa.H#jU0.>4kHH5$qEI$5Lc=\ZL$r9C$ArHEsFV\rFfVaI\rbP02sE;[=ihhdbAtg8F[{nD RSr|*its9Xdd]S{4#%v.p3(i@&[#zW,!(+))2ao8^n,PQ[)|p=@wvs\ni_S3#,Hc!:\n@4qLU\0.8@3U:(3jr9c*9;l#jg$*N3Vx\"0UnoO+Kj6		=k0C(Q5)\ro;=^~)SN/Bo%ima$R+1\'38v3ar2?UbSk-\\%Bq}\\UbKi~Wew<`0?*\"?,v9NXG*[:R`k+ZxL`\nH Q d*\\g_9hr5\rO7S@ce0/1y\0T)v)UqR1Uj4FvvlnIxlp:uL;+ t9%@RXRB8v#VH`!cd:8:U9TZ2\0g=0	xA\0n1X01oG2\rq)mL@d#\0*V.1jP1c6wSJHyacSsS].{)|EAVolb9|T{%U|#I$)~bk[$ak\\hu{56tPpOR]k= LN)KAUYAX[Q}ymu\n2.9wG88CjcvI zHQ]J6i$Ke.io{W_-!]O&m%:,	!\rJ=At<ieOr9-t3ldlG(/T%wXJ[h\Z1H9JoCxsD; -JBbA\rnIxa=R+{GrFY2=\rTY,*;<i!r~Z<\"B,k&rFN~MAM q4bR qwr\n+9%F:Up>:6\"iDE\\#0$zg=0i(DNAOG\'),rz[zSZWH3U4b3Hyh%~&J\0c4:<+g9`UEny\0E\'_LHLw\rvSf8-i~xMd.6IZd`0?l+~@UnY$sYKqF1Uaf2:n>nLPIbxJ&E\\SM%RXX\\Be61ph)lE6K<r|~<\\Ca9\0wJeT/--dU{f1j(H[\0Jm]4b$UF \0;iir\\Z5t_Is\"},Tmj#*F08\\kM+-X,H(_(8&aC#\r#JBVbX>=J\Z.dm=,^\ZZ:rY}\\N\n5Vi*FJn# W$1qvvSlh%)Y[y\"v/ISt\ZiTR9|=q]uh\"kv=KL\nC#61aVGbCj%5	{`WR2p.nm]x%ELaR!swc54dMsH\ZHv_e^L)C3l[\nrVHg^[9zskG!m)xlp:dNJfX6&bd=A5WdtzUVV8w\Ztw)Hk2]:=/$c=jTL\'+{<Qa$mUNq*y&n|#*$9%ELr1=k*k/nXYcMJw\'`yauH>_\ZorZI9rHE5o4\"ml\n(;\0w^t\ZY.1!\\?S]{#+%}G $tcTVf\0`*p3/GD42<#6\'v1&AJBr\098D\"qW;&R`VV.${u}GkVEOu+S/	iE%}	?,Rs$$dKqd\'FY$yJTY<\'WcC<\r^:CQ\'eqE\0G.#\'H^;YYDrv7M/#m`?LS*iVbxF	\'\")+t{3e\"D ~oZ%N,4ek<Hi#Zb14G7SEa=t\0f*0A=Jo1<`r3F++Z%<P\0r=kO5Q\0\0<(TZHc:[$nfFj\0$:r}eQG\'d5\Zxhw~u\'oZ]n|9\Zl\\_Cn;ud%c:^u	ycKAk{|\'=?D4[YK4bsWJAS&9D=v7B7r8nyDPc;&	|1[S54|0`\"Xh6e<*weTOcJ		;oxKk\ZV\0kZb0C[\nCCK\\& d9Ls^W|pZ,hO!zk2\\- f]\Z6OB}9Il\\EJEq\\~[7:[53iXA{l\Zl0ive%n`Z\Z^gaal&ei{Y]7sC*D\'g[$i,$d5Y9k@,B`nBI)jmr.RoeRs I tDlr\03HT}!9wy.@Fsp$ZYcx3m07\0SZbVd%[&GLTBnK\ZS\Z,@=\0]|-5^f#V9QG5{,hTCr:5rlZ\"z!x\ZqM2TstH2K`-e4#$`PtpDc&*G9F<wQWXYrp\0^v%M=-\\g.,!<|szzilUB 2:J`I0Z&`#$TR\"b~YKbI!OLnMd7j#\'2i>n0h%U$7Z`y=F5vviwsJ3HRcM#Tbp9\"A%B+,GJFjvSHCcNj\'}r\rN&f8lWu{TS%[/vU$bH\"/tMtfN1njE?1=XQ*\\9U!G}[x3Z}5y{=6[iA.=p*:S^~:l-(+b]c_i+Y #3Kr&w!<\Z)FF:Q\'?	iC`J|U<b\\tX:\ro0\\<3^;G+\\GK8)\rjrodtS	^F+H(s*TMZ(sq#tKI&hu.,H3l7\"|AFV\"Y Ap,]P\0)?U*\0v*jyF}Oh\"uySvwF^X_@Bp;WqW){-1y$1-kH4bs0MMI}ca*9&wgm,1C<r%-qp@>M\ZsKnl%XBJQ[Szen.n#M 9CkLea8;40#oZJQl.nQY\0&E;biNCvPlWa8]HcMoJVN5\rcjYD\0fY:zVbjRi\Z<|=awb|{	%fDlaY&r,ItZu#\r~@r$=A>^[%*F =T~sCZB2M4%@#m.77O+(MRsJRZ0qS8n*`*EC&wj	-{9=*L[3Uqc8R$8)m,x1lhPQEvIG<%+TSH[+FQkv;tu(<yR=?v&DXGZgt.m826X_s$q3[^M.z67cKxa\\?ihsGn@wI)sc-nspCT-*<wzk\\:9jZ/	%-U qXMq)e]#k5i)b,xu@p?\nF)$)l6ig)-pF$*~)E.\Z*5oOci8h$	RWkreM$dOLmHC=B2?iME]\"v\"Vca0R+&B7*KjxQ[+A@&wq+jmt1\\cz7:>TO/\0nI+/Pb>|`\n|/MMbt3\"e\0t>j,uFK|(c-$F\"~2I[LO4\0e#UeE8CmNjH`<uK>d	hYGpZQ2FF=I<=5\"v;6:U1i=}\',gW2UQL`$[|7Jh@IM0s;=VWvy]QjU|cIIGUW*GB\r]n	QT\Z	$Q`#WS+IhA)`:,.	U\0hF\\8=ZI7=&sVH0\r4.#\\xPrkB1	*&GQRDqV);2EXxn)1Cc{N3VV!t4E\n=wv,jWO+n8\rRG ul\nD\'AUi-mD#pj6~3Q\n\0zk6}Da&\'\r)9E$dWjTRB=5o*`@\Z`r-Uuc;PnK<\n[\0Flqm*xWBJ9(IsF//=*I#RIN[HZEcz..Co	rgS\'Wa6M6GaZ{~=\rrxHqA.YilecaF	<%NL\ZyZXvGmbdR6=}+\Zk#$_sYl^^#\r5,;\\}+6O;\0t\0#Fxa,F->IR2O|n?fjAO<r a3CM_2$JyQd >{zxPzWLc5=a&21\'9\nWXr@zqGqVqL :kQwl=	g\"13pK	c@1\0A}J0Y\\ujTz9SdFT_q_gi=3ne_MGjFzRqz6229G@$)\nAMDWhvOJzV&TrG<\0GMxnE>Q7\"I1\rW( 7/ZA\\P0A\'Bg dqOrB$1xr!*&rIfc@bsw%=H\n?	e;17lg*1^ 3V#xf\\>fPsS$&3dY@E(})#HrI#ys/=;S8JM]BI9*h#PX\nH!ri*d`AxZrWq-,O9VOi8Uq\"BH<wD0FI-+$<8\0k8L9RQuxHv`PMip=)%1&rFO<b9\r$yF?:}i7-4G18<JdBE\rb= /k=Xs*nq9\nqY4,R3N69ivf\na5}.d\\\'`U(Ds\\(7ODKHe?6{vn!OirspzXkX9u`X3g	={WpV\r57B:k\"ib^\Z6.}mvK{?*Ze0ajF	mzO5hu=FG\'TGZhtwF\nDzj,4+!95-.Y/-L\0hQIv\\mN4TaLgWKBL8b4	h.*4k-Eicu_y.b&c9.p?0?Z4SZXu(,@[N==J~T w@)!g,\0oRvmpXI\Z6uA5+\nMX\r6w\rww\Z(3na;z6\r^&>\n6$t(]d(d9\rmootEqo8R+#5&w}G]7z}nGn,~`9\Zi&)^+GK\ZtM$BIvs.k3P1$jF8Y)tI~?gjEl#$UwIlRjg6ve`>HsRkCyK{Wr~cZer:t?$iF<rj]M+\0wOzhrM#\'v\'B*{%j*	\0=k/MI\"AM\\+{nsicnnbG^suk\\@v<kkuv91)?qqs5@\nO\\\nV\ZF0LJbLL3k2Of\n(wrq\\=a;\\sG%f#,qE/C\0_Hn\'=A\rQPIyc]vlv8Sr1mZf!T3QOm&k{\"\n4\'d<\0p3R*5Y&DFrIcQ6:SIld;\0sRj>fA*T&;x]u9P\0p*ZRZ8g_W	\0{QNi@[:m5Iwv;=H9>{.I8H$z\nhKYf2(\\\'cKWDeTON{v#~$hi\0-?\':dvm<}<1?*kNpB4R Q/\\\\*).O,KLnlF7*G0u={\rv\0]E	/^^\\H9	vt-56Rm{t(\nR$xfFfU;vrx>PEGuxY3 ^vg N{\n5o|j\\%{$o^Mt\"Emor\ZPym[x?&0*n.6**.TT=:;cCns~CS}{Rb!lFNKrm\Zu9ytw2Iim$m8=Gw;Z[}2p+gGKfn}{$JRmSr&4n[>J\\n\r!r=|L\\|dNG#=u;A-Yy?%A+Oig~o$&x<w6v]r{99GJ0[;Yo-d;y#X+5[F=4<|;mRfE3\ZDl\'&Xa8	0}Qv$\rwe$`~[s!;\\{_5rE ;k)7)]\n&m`uf !IYd\'bK{	t\\?VjGumh&f6+*QPZ$E|6ZG<HQBm\'56pMV\'RYL`yJ y3{. $\r9sc-y\'sP3l<\Z]oT6Y.{ZY\'5M)AP+-8&2g}*C!E&N&j[kGQs3>Kp1V\'v>:xDX!4In_u\rhJIP*Lj#i\"X_\'|NINB=0j&\'RUNin!_9\nyS,sT28l!@v7=xp\'s43UK*Xe95?E?Uw\\,P<@Y@\'55nK)E0\"\r,fFGJJvoOJ|A.9/Ws^@l2rA2pB>n=)NBC5A%*$=wJn|d/)nqOqlT8+Ws<BR1I/@6YXOa&\0JzkF\00I:dpN>/*?\nZi7\'R<1\Z*prmwP\\%Y~{zVd1 Wi~%m5./\"${TD:w% 2$\'Nk{Rz3P^i<.p\0LO<,/|A-6_yjZ%XVi+_kmV8i\'w#Jo*2wnR\0nyXQIGqdn<VBDCi(Vt$i/4ws,<D~eeK$\r=E%}_lz\r7M	QM]XnsJX7Z:	mY%#\Z^)m#qzn=nQjJ=ZXxC/)Tu,Vk<Q0GuuIoAyf/zV,7{.OE&w3}g E9\'7Xt><m,r\'jd#njw>;JVyr$Hn88,ZdPrO|:Tg|GzZ3;KBX$V5<W?&Lg#<{HC*ARM\\D\'6<.x4[Em]dDZl%+J e8zzrP:6|;AP+I|vQl9Z2Hk385yol\r9@As\'/OwA=!hf`:XKq:Eu#%qoZbPDQ56G+UadI8swNU-$<g~4ja6ZJ}BK3#?S{J{d(,\'	\0c+h)zVBCg3/G*ZLC<J]7${TbaH*:KrdAhv_{>B& mX~qZ\"Ht!O].yl]\\FH*v5\Z^u1u\ZKx.KdY8&O/ufdBXZ6?to2~wS\"71<@qW9eq0|*YXdvmtT3`z?JI9sSveFWm\nC (WA*;:2!?w<\ZzvF?v/\0i~NI$>\0hPqrW@W\0%xf\\4e\0uO%zH::gwmH9MFAN#s5TRDda+l[{vP&\\NYkYDwF8.Uery\0V!rS2&azHJr}1V/ti6U#\'W8=>j\'~emalt+l~[F)eaP\nc>^D,r\r|(%*f|$RH\"2*^,j;S\":#dj,v`#TqMilaPO]\0=qcT:\\KO3Zqor\'&XQsE)O<o\0#=kXrDg- 1w8}BOnU@\n<!;	0AJ@HQ?sS*r.*A&KjYXIJsq,ZBKwi/\n~`8Y9Iwijc\'\nH s[c^cQ>em*0qCX1fW!d?\n)\\ak\ZyD!|.{neV`!sHQyad$B8\'bmE[\"Av*NxlX8=FUd9Jp)3wMrG\"_mhrr>f5Y0>)ac.]s+YF$tw60A8Gzp+x>A#w\\Td3:lrs`@sXeXX[p;rj.\ndcumH8CIAc9}}^lq+cZ1MqcXw5${(T#<#9,pGJTcqLvtUJJWb`JGb})q\094;+{l62CU\n94$S<(5vRid\"		a5o!F0Hc \\*&nkK`m>,FNj\0Jp)9z\Z3#Ur@89OW\'\'}G	\'8)Oz1 t=>caBNx5 1RARFU%?*gS^Bi ,P7HgZ@pp=V@sU7894`s\'~\'$KLy3HdO89n(\ZI$R>R_3nriJ><`` gG{Fv^)s\' hK[31t8Xl{du$;J	$sRi@O$FNH;8)`9(\'HPr$LI\0~K	r;\'\r8\nyysYrdcr~e\0Pq%.\\6$NLm8$?#v`cyNOz:)77,xiuKKI@RTuo[ \'8W>r<:qU\ng1HcsX\r4K22Q\'5vOHsk{Dn0N3Am\Zs$J\ZjU\02GMqDei{t5OL#5l g{Wm9;g|RG\r+Yb\0q.4+PIV^\\	7u\0kGYg[WU:dg\\*P1UPD*4lw\0UW3q>7j@\ZN1[lk3]8bR0.tFt9B@M$\ZV7Ce[Nx$Ydc,jK=fk}OvIk1eVC,$6wHAYRy\"e$oc3;\Z&XAhw$U }F32\'d\Z>3!Gr)Eu4IN\0=L1XVC,F3_&OEs!\0g/cJvH\rqYvC+cPnKR8Y2I)Vz{y-M+zwf[]iX\rnZ3\Z;8\nm^:M ^oIjwm:nAbNGOuM@<rs(1>H `!l#;q:~}rjwsRC#,3SmE[m\0v\'\0JT.M4nLTgx9\nkE-1|\\^K{[8<\'rQ+M6wd@EV\0@HTw`|s\\l-%I\0S!5dv1HB V|Z(B\\`=9|sL<U[zKM9gD!rr\0}zu%c\n;<*k]^Io\"\\\'=S\\sM\rNR\\LwZk )U)0^6\nC(M_{M6k[o&6s9^$Q[m_]Q\'1 \0V,d m#i<g;FKWsN/Ka.=~iZsgrD8=:Z^knumGa\'\"^cI6x|oP=n&u-6S#\\.sjnT;\\c:opBp=GZxgG,~l~+T\\\ryc[3#\0+M~ExA$k(tWR\Z0D0GR:LBO=L1O^1\\Rt#JmPH YR$x(m;\n\nC\\veX/N-U\0an:Ypk*[M\0)4\0|vKfqzU67eD9$@\0%b|I-=rj{;QF\\+F%Hl\'=kVu>e\\5xQCZ|+=2\0\'4{{pP1%H9BwHZ8sNpI4_E7 iA&^2rj,jU<j#oZ`LI904#$<\0bne>R0wg=FFjR0*EK:LNj@`J_TJ0y;;Ldc<\Z]NH5	+aHQ<R996{/)w~4KvP?!|})1#I$9Zl8j5l\0#kAl9vDK*tQ[\rertzU6EV J Z	?2@U@[8(-&2wJ58q	RDl[^qu$ 2cbR\r1`OJKz#pHS5Y5vBP?+=_WuhHSv@Fw> ;&COr`$vc[)$SfvVntv9&\0)Jz}\rq-{]+\rCyw$?\niv_C#	i$wcC^ Y\rgdv%p\Z7u\rRF nkub\'byv zzughH]Ae\rX4it%D-}o\ZNq4?]yf$(yd,1^i>Q0[|9l`J,`5Q=[N0r8r|4v,01z=V64JH>94dzG4R`bJk%ZOw+e6\\/?\nK;[QN	f,22Fjagx=Z5FT\0EIX95R$\0\Z4tRRB=Cpp9RyNdT>6Eh$1Z8@=*\'emp=*7!5r	\'84 W|;;\Z52+e(mR33].GgAr!Szbi#eDJ<z:Rit+LzGU`T8M:N&kewD 9&\ZKsA:3cq.?v?a*QRKy$]ZF>s \0Ne#}\rp2Gd` zi1>Ey(,\\pW(\'d8p+jlQ!F*:pzk-YQd?\"G?ih4R&CF<q+m>XU	I]CI2iq<xY\n0\n~d\0YwcicN\rA|G#|:f_i;\'PJPZJi\Z8Y,NvkiFq_j@&nF0:-3KhE}c`y\\v\05g)\ZX1-#ds}+$(?sUee02c!JEvgr#wzi\"#jKk3q*	5qiAn6|;V[(q?Up-MFyS\0\nKxf>P<\rJk.Wr\\i?,.{zmtJ;kM@L@x\0h7bEkip.~*t;rFjkXzj&[9e`vQzsSS&h0Yz3u{/Lc	-h^6L}).4lA;cqK}r\ZEv&]K;pe1g~5W8{wN\r,.c\\e,*2%%7U5&h#g5Zw/X	:shQ>S!_4|U qPv&Sx01]|g+f	-Q{9)!78#CN]V(qattousR]A8nl2ZuUneV\',5p<9P%GMs1BFk\\%Y[C9\"$ok^06Ukn9q+^EV=W\0\n\"dlVl)-[;SQ*}nHf\rH\040jop#axDqQmR`\nSA_zp\\Sd8-\n+N.TteKqCo6b.3zU+9auo\0!!7CN;HGHtrp;~f-E\Z-qo)kUNc*W9+}F?XhLncra.;8hI\"`3\ra\\FyAG,s]i]H,w$&6v+\\Ncn3@F7\'>\ZXr@U\'zi.\\ ynq~5k	.\\FT`5z\'qQ\\a*d=3XkEAOf\nYt*	\0+iwjjwC$T&Y5/9u<\nTa|,D\"<tjyn;UOwHp#[[Nr<`uUzn,F<VspS3#HB+;sNs\0fvI\\IzKV=KglGuc28X00}6;rzlf4<3\rRHL\"fBH#Die\n>$#\Zp<ILp\0bSs8D)D9yX?g=g+\0 p}4dfry>&xj$S=ds5X@\n2Hc1c[r`8!Why\rQsGQrvbY@f<3\0On`8\',0r0O<J8hGR6c1MFA5Q3FO2R@GiwLu\0@NrsS\'2rI8>CBYuJQp-ZlxEQ3yoO)I7ssR+dP12 .G^)1J6Ny4iy#S3.d~5 d$a@)\\M	)sR\\GsQk\0gVjnVh<Fun>sW)#(AjjZ]%o-y#zV[#<Q\nJE8_%pO\'bH@GJ\\B\\NRQW`r9qJr1i&=k(H9<FTI\\\n6^2FF!zU/d(T7iXRs45rI\'cjv7\ZjQCe\\cV}Te\0@jZb\0QDyUvz\nNMusa9`JTA9\0I\Z8SNMF-;TS\rds)`Z[D\nB0Ix-:;Hl\0P*$B%?(ccQe\"B0r4G4R?9~z=!GVN;Sc}1RIpOZz+1%OZmeLwgN;V8hfPN[C5eFUl\09U._O)m02dt?\\e-O|V=Q<m\0\0@F25V1?Ab*\"9D!I*)(cQACe[x(@~mm;7H+7p{U\'kH0(aO]qO44G/jd;I\0 dW$@!X*DQ:h)v\Zsnq>bUb`=%l\"+~t]iGG\rcf{\0k-\\JVF%BxZrkpzg=fu/rTrMV\nYu0\\w\ZI(JH^xcIXw@\09=a<M\"hx<R\"T~I=\0e;G\0\"m+<P\rhP7QRvK\0EqwVhZ}iin;3:[C\0sO/Z[BAdzR5-MisHhKq\\{-GD\ZRj\\GbE]|H\n2+[\nUN~f<p}	[u01CdA{=>OwA=LQ[$Iad`cg?c{+5mu{x%IHqPFs={\\e4dbI=y=jc%rO#95g*,w:tHFrBfjSI\"Ah $;W\r.Y{M(\"`vS~Y\\9)u\\X^L7py[Q,\Z\ZH\r9um9otE.	 L\0qYcL!_c{p\'v-VA\0%s7+Av`l*Me/|vh?:Y\0J}junB\"`\\Rjd\'[+\rF$lN\0}S^o\0MX {\n$*]6J;DOG;ke.S[2p6V-`p[1?NKgeN*Frw]I{($BF dtU-\n^-EanPO0+\0:/&nZ`\\$#\'#\"7\"R2Np=\nnau%W.llj8\Z}.(-J tclY5L2>K*74[+9J3JOYcDH@H]B09~ouw5-x9VVoa`%YlqsXj)Ie}V+9>F^G@qW9aknL	ULv<c58SP<tWAx?x^2kBQ\nn\0nvz9v$p\'	g]R@$RA#b(my	%UiSqBq\\cS[1%V+e}c,8xrqg/Z	`({Wk/iH!qvYfH{\\7{cwV;hXGq9r,>PHx-le_-&[g^;:I#}}2zO)YgP;qj:VkO${~fFrx>7	XLdJXy5\\VM<UJ\0w*R\' \Z.fH$6\n3`z	a)+9)Y##I,l<m~-+aYiHPzUU#!jd1TUXySjos;Met;ci5*BTzo\"	)C*O}MT]\0@G5h0CV5W^p9eDy9UaN9rcw88Pg$\Zq`.	<N)S]l}<Uv	c6Y4z53hi*,u??W`Ai&]IqjE`AV g ,1bTjY\Z7$F3NAi*T$.PE2	[}FI-=iH=i~)I(\\pzLM\r~pE&^$S{guNK!`*2dS=Y.> VPsV.Qwau8)XW)iW6ZfA;WFY\"nBcm<pl \n;ZsXdh$5n=EWm]0\'= OACPGq!$;Id-y&%6{`wcuHlpZREw~\\\0.%[H,/%\0E\02p8k`{w  n\r-`fUM6>,67yO 2uvZ<Ioh0[3+r\0ZJnc~\Z3!Y6YW9?zA+A@?.0onWwi{\"Z-*/SVS(&%uEaKTnLo+|{%R&q;W\'cMOT6@N)wc;\Z)&jY\\K4{I*\0\\u5KxT|pG\r<{wL\0<	G5 8\r+qtw5usu\"k\r\nqq+fH;PHH:~UJyPC\n:W,t[U<Aon;\\8XP?:*`1{wlzSq	~>ra)L^dh2/v&Y5q%1Ks0U}?Jh!Gjhzp/9>I,\'ex t{Ww2W@v7c.j;9\rT{&y`V1mP$|$mdekbAPN{&$NvlEqj~3H q	Y$7WI\"nr03Q4M<B\rjeHr:U8(\\t^M\0g}k\\rl?+I!!g;qA?dLH@CPVV}k?\ZPv#WOvgHB1<tFaIy&$;L\"\'}\"=)bHfQ$ uI?\nDTg]*vWL vZ|B|rj4G\")v\Z}^,r=Md9!]Y7n!vH8/Z)-%\0?x5,F:9m$c92+,+\\a@oF&9S*U:#-FE2E;_\\!~39**;!<+Y>bBn`EBz!$lFs=KIw\"ldYSN\'bGTM$IVCrT\0AUe=4{{d1ZNntOU@\0J#<x#Cq{!22\\uhE?k$yk%s)O^.3(Ku/SN:n{i5MG29Ftxa-*%I8OZQ)\'Wd],-J9\'8.ft7CEggls[a$VY6{JIi -)o-M,k\Z)2	Tr+qhfx]]a*SicJ6Jp	G\'ypGjfX|G=*W0O9(,\0s4\0+a	zw/<\ZnzOzPB4@p*O\\G&Di@`^zSr.hDTl\06:UAtvxK-YC$ZF	EmzWxjt.aQ<;hT9!\008\\MU#zQfu&a0s^h#!C^83>y/I4gy$dv\ZDq>/S9J.ZpP\\o$LNF!-,&H|z/|visdq*xNMKfG\Z0~mVVWz\"\"XnH`\\Vj%rE]}Rmv.r+7&\'\r	:{UB0\"mc nn2\08-q[9L`#}FBO2ydwAY\rJ/tf9_?Rm687:Eir6}uluPI=<b	o\n@;C4_\\hb)phD\\\\.Eam3xP[8E)Rc~+r;fcO*[kEJ#\Z3jrg5N	5DH2mICz3BC\nNR$:c:8Z;\03zSi#R-rpy7\ZBs#ND:\rxV]h\\g\n~\r.LN1V}rbfv-Dw~qt-B,pgXH\\W]=LKDK*\0{>SY8n[T[=MS[2F3jkJd6	z*T{pj9/(@G*2T\'$]Hpb2ePYG;Qpzn^pyqO;i8 }sWhFd\nOOthm}q[$$8=R<m$@4 >UQW{X!Rx;*k}9\0\r@&1--.	%e,2@Q\nGWkEXYe-9Y2ZG\"L<8=yX/K6scUgZq,$zp18)CDhAX<nS)rcJ4DCy(@U{8\'X[)A$@OH)C?scDnLf008rNioQ95Ky^bX3fXl\'o8usd\0S9VS$HuCY\')*%n?J&`	Ae.IiH8H2SB$azNKPUWn>=-\"1N%.N0$fedQ*OqPI~&NMIl9n\'k\nhV``HKyhW# Bv`w<duC\Zz;cs:Sf>Ible\\K$HTDAhi4N!McGT\r7r~fh<(b>\'?ZT+K9Jf#\"	mSbzggTC<)N1zTQ83(aB9Li&pr\\azl6^c@sWRJpT:~5NG {T`vVUA134G<>W,=F);jOj.aHUg\n/AF{&\nI$Tlkm5$@<	\n	-V[ZCu& `#+<Q{1WMnF9XL%+ W&,$+S#^x4T({iQB\no8r-IG c}\0@ t^p==RG/hHI99$B%CrscF+:e]<UFm;Fm:2Ege{\\F@=hBv%&iUbhaW++~b1+vIdF?Z+cvF-g8 U(i#T[	/1\\W,j;OhdI12HH$rzVd\"XS=x&I%g}W~x1~~\'pY{<>S	n=V6)8woBxi-gqAFqiNZC#^\\\"O	\"yBgb\Z\"Jwp\02K\0wxGSPtKZs\'R|E{i}c66;0]wcW!\rH\"{f[AE\n,@69Ry;kZ-#wcUuNxp;J#s1$\'&KWJcPc[6Y.o..{vV<J3\\ n)>qX4/)\0YF~Rk{Il/:s4\\tp#m\nl,\"@[!sU`I798&E<+	VRV.%g	b@Soyi\Zs^eb<3qW\ZKS,HD(b>lw|MRI7#*OAV-{c#m^Y<$?b[YmYOI!.DhgKtCWFD6?Cj%2c>dQ@/H8%Np	kh=MnG}R(-dANi\n:<mvpc~k\\VbF@Kp\0Aa	>4\'#G=VEp5\"muuo0nO\\3W/2IvTmT\rN95u7[0*/+h&+uF\ZeDI`:~T3p\02|wEgv{g\\KrOK!ie0 \0Zs-\'H0ivv	!RQqV\Z@F:T&biGYv\\Kp4? ^Gi,Upnz;[?d;cD$1XTrfuh|vbX>kP\Z3T0O#{JfNsYcy-BH\'9J5a-#@C*\n[E)BsX47Y29amKz4s(CqZJLia_e<[YyF	pd\05eSI)i.fJ8y]q\Z)08\r]K	MF=j\n(Ug(\'$JXU=+siv^w4f\rP2PH(H4[L@sN9N}}=][DQR8[woyFxCS\"azV%zgiihP6\08U`8(T/ qV@	z$GcVZ!?,VARYS{-/hOq[p\\Gzv|8T zV&,seqykM126N\0SK<Vw\ZF\\mg,GZk0K;<q[HFy8T<h|IXXYJX\0Z^9T|& q5.oHF/-+\'$Y*~*Om<vEW;F.+?2<7m\ry!q@H	<fa$I(\Z1M<\0r00)<]jjr#=9HLgfg\0zT	 YO2VRBP8\nC#-EDF3RT+:w@tXUqJmN^j0\08=*Fp3H ia4RZNsMaH7]0\'z*S<R\0zFKm4q4~l`\Zw}cqeU9dJcB2<c^mRa)d}j\rs`*{g@=*V#r)<:3+T_-`={5~#*1O:tf\'f;[q+TMKi3W\rZc~$\0cV/.w7m=h|\0@+?((kilf%hK3>F:\ZjdFqNVgcdk_Lqiqx]XI{}0CF:[OQdp\0z~aLb(U?\0jKjNJ9z6DHQgRw;7::?3L^* %Gs{S<_k_D!lq}_*	dc5*u4D>S-%%^oJt8tV\r\0\0E*tZ},#\'MJ~Kro()0BKTc\ZPj#EANdVa7^Y6\ZO6qm\"broxbKQ@\r1Z>No\\YZjyxtZMg_-\'Iej\nk7!%-d)\'hIr=+ZYK4[f!\r vebA|Ssb\"qT>wh\nX\Z`HNR|XTZN;ZBYbpr$##>\0h`U/j8PT`R$[W-x,8]BC6.JH$`emPT[=*B%TI\ZD)\ZmCZF:][o5cn#2^f#0Eq#!V&Bc\"Y\r+nRHH8=*GEPnI\'[hp3`m#Z%e:	`Qy{SRNJn~~\\IIh !PAsHc\r+^K\'hfxYu>Q#\r&*{KI IEEq=mj\ru%T6>bZ-d@Yag~W\r5shrc^q\\jrt1\\k1Gv3UPr|<STj*zV%1\07jm%FNHu\n;[n\\[ViW) >I8TuflS]+,# \0c1VU]cq>ZFILJ`q&~\rv())^74WFRJ``kvr6=F&4 pUx$3@6L	 G5*Au=]Ll0X.(R7z0]V%~Kj,\\#\0Vb[cymdbY6Ikf,Bu&SsMtacdu\ZsnWhfw+om0FO#^WvG\0<MIhm3\nXLlT\\Z(K|DA+Ws1ZG(\rJM%d`&\0RlMf#Cb7b U\'e[`_2ISpyS#a$4I#R+`c|T|UUeBe)*0SXRKzWJinEp6OiXze^\0]p!\"G\01#?pF6!\Z2\Zol=g|$7)^1k}q)mK%s8<kiwgfe\n26<Dt#5]8\rHYy[4[_m-hFO__~6v8EI\nSw</,)-&aPni\ZYK3!VU\\j}\nKy\Zvj	JI]d#39@yW+_8N<$,dlpOQ AxMVks!fBRhM;1J\\|),D\'$s]?o-!	<\0N=z/95y\\B/#+:\0FQwz[\Z&=C1fhb;*~fjy{dGr+f99n+LQz[G^{.9r\'*=1E|]}y%I4~YufFNGZU RcEXWuIcp7U)iRv7txTZ)5:YnO+ a<VS^\"!Wv9=U,;bcnd?u\08qLKCj)!l#y=IALzMcbKm=A=JbF+VBCG/z2VKBh}opyeB1r2G(Y2~lzqiip\\N#cz{f#tY`}qeJ|4f\n68UWtaPxO4~|n\ZjVdNY6p9\0\'xn W\\$n0`>d\Z69W\\1M:;xYWf\0HpFGN	7a4.qkOw[{@\r##LWO+oQ|u?R&E19Hm_P\'<%6^B3,4\rkq53OSWZy\n>\"\0aKnN;xcoD\0^:]Z%O3Gn\nZ,\"[iHJH8?\\^u:ngCin\\;vj3H&	SR@F<]I\\@yaL[pjFAGu^4\\!)szcNCBynn(:={~zQIp!X!9h\'	c_Lt=\"xY@3Z80>VszRNLo\"GrJFP)Vfz5VR:qO*Iz~}7\\/\nsu\\xm(qz\Z#VkHDXW9l==6V2dHnI l/rW,qF*O!YBB?=3WMm$8TEKwYRiIV`\n5#*`cDba\0XG|T>b/Ps)\')=jRWv2*3f1pi!HcgOG{91ELcJwx=5Y kk$!U#7-4g UATB-xc\\?Q*`48&H*1zv($Q9XWo\'u.OB*rRKM\0|q0z. dUV 0;LwC`mQOV2@\Z?t$exrobLz$UY{7sWGY\"9:\rX{C(Zz]^td}l( n$wd=OB3nOjp%z@eR0:(\'Q0B)6~SvTS\"Y3=F;5F29L|-O\"e@v0yOdHcsE,oopF#duhmL	\rlm\0aqRL2pA=*nE)qfUqt\\p=}$\0w9AN{eIVU;zG wsk $2gzUf#Smv\0tQ>E\',;Z3u$$b8J9-WO\r!\ZG?/9<v\\;\0lT\\RM%()`+o)\099N95$@~9)wF$h,m#y[4Hp1w\0grp(~-IwwQX<f9pn	](mVeuvomXz7_Or3BrHo4H;;]50rH;9gaQdn`^y0\0T	<uKiw\r&dp}rqUueJpcV5W2[HBsI\ZK$pHnT \0=@-urYs%KL;Bc8NffJ?(\'\'bX(?l4H@@CC<,%];T	zX] /oskRMkW]NmGq([KIbx$rq]Z}b8^Pgyoh>Ls\\\0X|U\' J}oT^eF~UFreM$m&3q;f\nZMYlg9n.Y5 h}(I%\rW3=2TOnV\r\ra$&wmkpLS@Ao8a?\rK$W%2]Lr ST\Z\'yyW&BE9xD[mr{d$H|^:UOEApGW\Z\Z54-luDQFu{^p\0FxmN5cXWy9]8hb1Ii<{ue~h&OxFr;$3`<-!nd#ro?>3GpkqZ<f\'\Z>DmjX<.Wc-}j	,q:~\0[vmwsso&\n#t^Tr\0|w#\\Yk-$Ljiec\"+0HOxia+tHeHSv8n2+X\n-0\'x\0s\\IhZ\\^O;-2%Q6p&7@Nd:m(m5 ZXPMVI9m3+.OwrX8[?<gI35wsBT\0i}hjQh!<^-Xi2\nNAlTm2IX<\'xMa{^8>LhnG/FpM$*?\nZ\\v1P9lvN-c|\0\0+:5VG($3rAtql]s#ssBA=\"q@9(VMaa\0\'sQy3<V8\0(aC#BH:Y><{qQ-E#RvL@a1/#m9T]:^YKaTVfa]d^x[epw;%pz	o{<! Zl7 bw\0GG]5cLAY2.F{W_.a~[u@XzV	,:gUX&|q\rOjp*{:}L!9Q%x*dG:.\n8zViH\n3	9\rpskhfKH]hb9\\nV4m$y>\Zev<7Oj^[X*.:\r;]uK,vKj6=q)cujVIPS}=x2H$g9Z#oM{H3zUwJP\0psNf2jk<ld*`bEGEu\'R-+JM1<$zox9q}*3$1TQcRG9L5X\0~vzT dZHr3TB*,z\nY)&D\'\0?VK\nK/G=rx?x0SsZJb,ZtH +vUF8)Jw\04MOLRFp1l.IC)]GV[A[|p	#q+=LpE/9a8F\nz{aDk\rVw	0eRrN9\"oIl`$n8gN)Xi ;[3H	I=q@\'\0`ue!*2p4A9=\'*yZBdY\0UDTbBxcs=dmL\nO8pw-xcO@hQrs)F3F2jZ=AsK#\0\\\',\n[$cjF-uH>Uww>!W$3^\0XY-r#x;}k-um*!vA6\0H*\\+Evw-jD\0\0=\'gz}0P>@=Mqm~)-PZ+m\'p\0\n[BM6=03]&w2l,\0+$u?.[U`)9;W\rq?Mv8R{ex.>6Sz&!2 \'\n^1;,p{\\OTY]k(GX[OWX`(=I`gsNUO?\Zs##R\"\0A\0r=G.SvoSv-s6s=&0sZ}[6EJih7eob4M?lZXiUv\0Q[$Mor\0\nQ]M\rtJp{J1v}\0 ;Ja,LbN<hWqcW66-e%IR#HN%V-Ywz}G)%3,(G-_g[8I- ^\\w|ccW{zu80I6j2O]/L\"eYXg8#*32dv5ksk*dwB#?Ke\"UnHj9ciLjQ{\ZLy}EE5 9vz-	FJff{MiQ)FqF2-f(|5\\7#[+@^{wYB~=\n&`|f&p}#Wnl	s`98K?<\Zj]~7;X}O3O \0*w(jYNqDIJ~@VM+K+Ei,.[G7PX]Ja`\n\0JR1$7=:MhTJG7?7i\ZeHa,T.Wyb5XuQ9ZiQ\nc|TS#P0ik^o3\\(L=G\'SzkAlv5K[K;rI@qeZHUXj	p4o,HP=T~*) }oR8$MA)Lj`(w|d&*OD\n=HS-Xviw>;\Z!7{2tG[:yQ)\\zv5CHfx\'z$bx\0pGaYM36&.8oumL-[wp/\0j\"2A=[kuowg{-[d$]C\ZHm(e{\Zp\r)Bddud1~6hm=EX[\"K}\Z*>T]w(ZJR\'>,bI~MM	\\	5JxFYF3[vuNJ6v),!l6NqRX)<}U#Y,9pr9U9$ICmMPXk-TYx7XTxI`5pL[QcrTq\\h*yI!|Vl4s\"3\rO\\\"CI\0{U}icG\n	.WsIei#{WDV?.LOQZjvqR~ON{5-D0-<5Amio[IqI/pAUp[^)i{tS\0t\"pWY^&_5mCw%OvK|qgVZo0r0RU\0#\Z6{U	Nc8\'~O|~([+3mDnM88}8s2X\'	-R2!00F;wkn&O<W;1LD~?JumXfss3o<;\\h\0T7q(tvX-2OhqYxvq[AxdI#b\0{6?c&s[$DU\0l0\\1qV][HVh2}jJw`}yNHIha?V%tbZEww%Cg\'83^!76(/\r\0yj<_q\\P\Z0HlS<Hco+BROjsjZS*\\d>n\0zuRWmLr0?@*45sHGzRR$2rIU84;HX\0;FpHk:)*A*`3M\\V,*Kkc,..VS*FIoj]nfX}p38p==(/SC6EC+%rNq#\ZdO|0NG,K!^8(0sXI\Z1*y#BO-!xUm1Q8(B*F!~Vb2O(\nzS*\0yXq*blv[FI-\"U(G%f[_$$+LzS,R28\rF_vZ\Z3%GFy+A5<p	!3G$eI\Zhm;Zu\Z;:TzK+3&sm2d\0;3R\0_y~94rd/MhWpO\'=KZ\0; Tf.3ZyplkE\Z_*B`6>^4I3;$kZy2#S\Zng=\Z^F	A]pUG tu9 .E\0pT;nEug/i6:Woi{*+mF<5#FWd#	FX[2_x[%(UcAX}G?ZM3AVk;3iDhBNO<VXZ$w<KS#nv9\0+.,-_26p]Xpr2~m},HU?w:T#VYE^&2I+q(,Nq%+\'#T{qO\0qOPSj=;2F\0<lw[h 0d( Lq0OP#=M+@AN1{R<JA@#z~U)Npz	G1Z0D	HG#p6<C*9@-G=x#O@sz\"DUzg;~{f20XRK	@s%f@T9\0&8\'}+\Zl{n[#t> O\r[cI\0r#XKQQ81pMu:iG3{#+)}SJRf\'Wmloop)T\\Qcb[la@e]\0eF$BO<i1i),w gvd^,6ik* tXcoBJe7y,2m9b#E%/vj3DQzWJ}HnpzcGnpOUzVdzg=p1N\r.N{]<h\0sHrR6sI*j[\0t|I;d=)f QTULvOJ.$F\';e}i)X\0Q$*\"\"8\"\rXG\Zm1N[#81O(4)	2n`VrW[I-qR	W}qY! 1RG,qP3UFmzB!mQ6gqV%oB8Z2[8XK$%eoOzIEs0Jz]3QuV=q~UvJCd+OP;qp>P2$mDq&RD\0>)A&!2u>\"--;zE}Ao2#?<OrTGb6kT[\'RW$Xws#QI\n<Y8^Y,MJCI!l{Y`8X#/o\'Y+}so[4vByaz.\"HZ\'\0c\rW+[>T!rA=ww15	ZZ\n]O:m.{V#=q^et\",:NB}+5&V$8r>EXD\r>-{7QY.MI<r\"1\0zc6mIz|6\nIpoEpsaXI]EVj7\\\Z@sZ^DSLH\0G?Z8}V?\0SdLH~&QZE7F#2Ud\"7E\Z(\n5csUaU[T4S YGe3d	3@r\"4]\0Np*22JCGUKLCa\'u+R8INT7y}qnCEz8hy S9	\'MWIg(h$F\ZEG\0^+/X%\rO#N}\Z^[m&#1JtH`#*9VM,!s[jlzq?7+=_c{Bl{wUU;AIFz\\<_hy9\0C	8O[m\0\nq^wfwEg@`k<%ii$ef#/e\'5NM.)cKN885gtza-kvSt\n8<}+#c6RT|05\ruUT1.FT\0[>\\\\F`6Q^e!$O+\'F\'\Z9t:w--6iC~w\rVI\'\"cGE$C\"?\\7s}	ULmF\0\ntew{a-Sd0hk@Ho\'T]\\0v~`0fb\'4IM+C!u#&\0pApuk_Md/ m pYj@( gR,bLH&)~	2F?-#-e[n>e\\n12:qoRpg5nWVgsStkHlayl?HD:471M$,8$rE*g\'`Ui[qV$svPHqVC1N9QPw=jLg)3D={Gi;X1@b>rI\\sko\\i>y`QI-8]e\0[FH3h60H{$\rESiLVsz-o07>5/i+,	\0PoN\Zmrlf!mE	)^Ck}V-{9ncaH8Aro.iR}+zbs0h\"A@~u!F(c;rp3)q7+A*g\'qJ#\0Hi&$v5 TlXsLdpAi0\"cvHHe2q	 !\ZFb:HL%F	\n\\G\Z.;gS\0Td? P[k4bD\0pA#k;ZfWU #\0qd\"Ueb8}-s]vA^ u)i&$>XV>[C;[F4*~?*/u#d_`aSj^*4=(FQCz{tH\0#Ursl Y-1\0mV4nT\00jWInK*|Uu5Iodk;rh4RQCfaQ9Of(fQzp(vdtIpI.\0T;Z_M ]@MSLIL?+dPQFyKdngY\"=\rWGKnV#v(&/\n~w7# [.c2&qV8=xC}hR<loBiKS* EM?^3%9`W.7-l5ktYeld/*27kJ 0>n\r:;if,b`m4G95b[C$BFx85D0]o((yZ5\\	=pW#>pb`1f`5+^Yq@Es{E61q!=0-|cOTI\rC[h. &gV\\iL!?}9b-Q|~pIc!H\n(O@Zn.m#Ak6CQNB<W[4\' Vq<pk\"dn5ow;F{u\"n2Iiyi6fn*=pE{k}\'KDRI$eZI/ &m\nO\rxZl6ks<.XjX6\"4{+e9a d[]B@B]40\rB@D	[>!t\r\'O6XH/nfl.sH-KX&%Y=Iy[,n|P+h*_	biHG\')27m9W6NmasohdSY\\`$pb<sG\069<Vb[?)T1UxYZ,\0Herr9Q+8qbs\"Ml\ZA>5r1v.\n*x>)!\'vk\ZAsNf];dH\0T.>?^\0Epg\'*\0/k+G6wY:==kRfqEysU|	:L\Zi!kbkfU%T6jc[BRdyZ:]m%%P0##=`{E&-.%T$sZqnw}NKePKf\0sF%\"#Oj\ZW;WR=j[E.ai$V$4rkH\\\'ECqQusnF1=1WyA<[h%!lcTDHK\"D2!*FCs;QuXW\rOJo%v	Upr-n0>.\nAtF\'kec+B69QdE_?[]bq]ZkA#`:N~En^bKA9NZ\r`-Mt^!UBv\\W*y>\'yY2m\nw\\T2or[*Ry\0ttxl33G~j64Mv:}A8CU:HA@rbv;%7rCI,QZ=.ey`V@SgVY :Q*SrN6u\"f]8+c-5EY#\nWY9q(KLh}Uwx 7*b:S#aWZRDIK!E][\0z\0Q(m/\nV\0U\0\"`RZ+ww$(W$*B?L{gEp @g6)!u)-OFmh<sXKsjy d2\01{toMZ$=7s9B*~+@1dG72nr\0v+<U\rJfqMY9C]X e**Gcbr)\0/5~$0kj/Kb\\wo)V?*v\"6=F)or7\\v*eGwknpA^ Ri;;{	lfyr\\	fOOsgk$mipGLuzJpx2\0G@1WL!	q>KLgt+G#+[?Wf,1,FA<<QT([83\\btS_\0]ft5exjf<	n+9a+7.W9>lvZ\0([#sG9=N}c)9P~H<cU\Z*u.^2\n9\\85BZh>T-cYyJf8dRL\0RcU!Xy841FC,Kp*e\0yCh8&;UIH`Ebac\0`\ZaltvZ4AWHLT4qG*%ec9KK+Z2b YX8+z6}8H?ZJMc!K\"K&kJ@895&4 !St-1O+	=?:mo$E 0V+jNYV.v0qXME{fi!=]?Of[kwCsJB$$gz~_BMc0,Mx(\\\0t^zs;2SNk.e\nzy\Z@Zo5K{U@G1d/!{ <WiL\0K`8\' H]SiGRU94~jae9aAz{{w3W$(rF\0?vw>![$|4Q9>0zs]HIbO!C,@\0:4JIjy\"Nt!GOA5BbZ6QRz^[GeW\ZUn<)H9Aip<4fC\Zkkz[9if*A=TKeHfd0 pxm%iHXwt;jaQG?Q\"DZ[YdVI7m}s{pd|	9:<NK+_ZMb^t6c=GF\0CZ\"02\0q128Co;SY23N=jO.G	RvgLyv[gSx3u<gr?h=!e#JKbpF35pc$!VByKkc(}\nuI=\nvHHC.|kBX&mGTo$xEf^hrUdN0+cqN\n\r-Q\0Yz5;f4rF\0L<>>WiE40>_R=c]^6QBH}\r!9# SkRMu]MEdZ2b!onc-G1N\0StO_Hdz1BK}SfI-\r,Kb>l+:}eU )\n]sX\"Y-$<7mhNRbMb0`\'\'#<-v]|6cjNtoiKasV@6|=Q`pr>7\"g8T<\"@%yG4s+fAcfKv\'=h#,F~UJ<\0HK  ^FpOJ$842A}?)bcZU\0/DO,@ 1)T=lh9,O?Lazr~	BIfBbJ4}ha:\ZQQ-@j;.QWvrZ@3x[(y6pZyj@\'f	ozF\0{\Zy%Id})8.ecH;3?<5H$VwoI4CF2#^%@c;\ZJf!#@QNM>58p=\0Z8.5>cNx?0K%}.7N7]d]$G(z`TTrZi,f\r*}\'cU.mR\0\\uRp~B\0\"v8q]\'}O=LdV2*jOUXH<WUFwE\raE$q:4t5o;XOxbO\\w	ZN\'#h<N8)x.mFw-YOmb\n(hrF{\'[)T8$a>\\l\0WtQ)O0$^R\0I9n}w\r.19OZFHMYcTi	IyyE\'\\H$/vn3Tca1UgSqo(=i5RG-iq_[cLi6RQxY([>JEhI1CP`q<,\\[qO$S\n6zLWmUKHYJ7-I(~Kr|#Y^*}#QM;PJ\\9<sWM-HiWZnXFFiCO\\u0i.vaeJ\'^G5<X\0\Z[{)br+>JW&/Cmda0F<\0\0^jqBBT2}9w_\\8!ph2SAA\\#[yut\r$\0:qlm\r06mk\0NyEueih&_(n	$cWme{GV3D\n^^6uZt:	QX7*^im-?/Byc=GRijZ7&zPN634HQDa99I?}GC5P-8q%d,2KK2\0!hZ4iglrt}+dMc#k+!-0mi!H!2	><;K9qnqvC{JT]3Y|`dQ4HV8d\0h:uw6$i\\\0xk 6@6_jt!S{QRr_oIdvp\0{4temY 8\0K;p\Z)\\9Htm%L,8?\nv\Z2|mY	%nGMrq\\o4vyx%$6)Q}ob1:$^\\k\"\'RX4\0wTf[Yn4y?JgnZB	;\'b5#@=?:cpLkbXpjTWe$s<=$L2;sTh0+!$O8,j\05^Pp|\\ILW|6qYRZ4+Ar@sP+E(GSM5Inz9wu6ca\0dE2#w*A**+&.b>Ty0F*[i\Z}Fu7\\bNz\"=#UgM=U?MixH	Ka&\rqZM(aSqr\\qk 9Un	+bKbXoUOZPu=O86@sJcPy\Zt\'=z,GHDcR)q>)\0j!~V jlrz	4+Sl`0OC# $v5*m#\0pLV6YM>yE:|}3JXQv!c^@#i5}q	C0dqZIK!%ftPq#\'{*zFHq^_3LTe-B{]E-##Bens+ULdm@\r#EyGNHV8.fCO@X,F\riVn1[+TGBFqL\'u`]J-_cL\'=KEXoizdG#L<N)1Tv;ifQIE>HY$U\0zI\"v\ndwl*JPW*-Aws5*/KXrP$K\0zvRG\'Ksp %OH@=j:\\0n9nSE09#xci6#F+{\ZT@Hfj&-X3c$^S\0c<KzSxAkA5fPI\0!3qLV:K[O{qgcSwW4	v9znO<SOZTpwBS,j)Kw\'jn\\O\nH435nMyY]-Cv\0>U\0@{RvK~8[8|[zn\\h/7#zB1\'4RNF\r(#;WE6.=>brBFVvfNpkgky4>C%sVxvp\'\n~H>fj-|%VW0?(zv\Z?m$###r1q[*jWGP`;DkV#. zSaJa|FI5(gxj})?fpr8i\nn\\s\\wpBX/=1fK(85Ak[IZivo4\0ld]uWggY~#lMkAFX\\=uR=kF+\0ntEi]o\rn~?y\nA~	\"FA&gbxjBP \r|QUZb!eS|j@-ZRq*\"2:t>qv&yOTSWV4qrWPF\\w4P:W\0<#n!\\vVW	=%C&bJr\r6u.:+\";\0@;,N;\Z-	h\rb&g5j~3y\r[sC&w<uB)FVcz6.uuziqDJS\0X1!u#M(&\'d6PR{XQYn=qbvEN/r6tDy*Jc}*x8dAw AkrMakr-uSC9?Up_H\0cdc=-fzbiAtYX%\0awYr\0\'8RlKp+w34CTsZu<Wd/C\0SM\nb\0>@wSJ8lF9jq(5+/9dwASoRE1+Q%q+IqU>R+H RioP?Z`3ePXXa H#Ar~Bb<J[;9/T8`yRVfWZibOJ=7QYmD\0@<0\'O&t&I\08V|u:D82zt9$fTO#:\rKQPkCybgcsUE=RFl9Z:],c:~oIYRJ@\"fmlcu\0*O>\\lRTg>Ohhdr2+M]z[:\r#*Qg6bREgd\rrtXf\0A2F;Iofqi@VN)bkQ9@:Sc5iXO\0#5 \0P\"17nT:b\0\'&qej\0z^&\0`[HPI5i2[#W.B\"EKI\Z0B4gr*zwxAaz\ZP06-=S>:fHyAj\"!eP96b<hAb	\n3k	Z&i@Z7\0#Ww[`;+[VEOe\\IK2@O	$c8X=\rLd2$\"igie6Wi+r9\0<Gq*5TIlW\0S@=x0]g)o0sPyR;$OvBZ?\"HYrIpo)ne+$(tE>Ho%p$5KR;)G4jX169JLt[-q#IL{=k+\r?1uZ/IaV\\\'92I?46KeH6lC\0I9>b;R{4-KMv\n.=s]&ST3W>bGRPks|\n[8:UVq{o\\bnI]Hd}xNy+4Y\Zm,#\\Oc\nH(qAI7g\n0J@@B[lS:m$GQKR-vRGd>U[2qv+$niURH.y\r\0t-%JdcA2E[vUd#X4.UwJ}?1W4NKhd$<N qb8r+aG>0}yob^m<IleFW8b\08+fMf%gV[bd*2xfabm`L\0*qc.=W*Gv&Sp8=3k-5=6[qOS~)1X+\0E\0-P4\0j@J6(	5Y wZ#sHWxR%AUP3 DM`r]\0]r y>+sdoqAQC*5MKz\r*2_i8Uc0LE(F{WI@\Z`&(HRA\0W<cr\rJKrpTH:CPd,dNW-Wt.FhP N`q|38Q&mhP<-],U\\1q=Hofg]`vI,|k%%.9no:RXY]6u;T]\\^ H$Z\Zbj!l<tG\0X;g=#z~VN*iwj#DX	~THj\r-&$|*	cZ1sIgU1*2	\'X #	e=3Rdhw+--p9:h]*p@{8SC(2&\n\09~\"xj[8gf$mN\0-qJ[ed>@vEm\\CyvGv:ee9={%{	qS{<,8u}B%OCu-u3hP3R$b5o~fhhbc<Tr#d)_/#quVe .n% `o^(KV4\n\\<*F$pjG\ZL^b(QPgl=Qu%pifiaStC@^77	\ZG/ck7q5B+(WKZyEV?\"]KZ<wgia1,>R6|IYC\0fT ]%X(W>\0V:6KZn}QQ2ax..#``KBvqf	r+[+[zh:hm<*q\\_%Wwcqij\\g4>>QD0eeOjCpeW`4S\0uWyB5\0lt;qAH[;CrA_/2{YfEYih|AFoR}xs-^r8a.@8]{cCRxHcxX(h\ZOI;GOU;}tJ.Hynf9=[XdWOY\"Cyxb)q^7j4\0#U\0\0I1^+t8O\"Lcp5HH$Xzk4/\rcIE#X\rF(MD#tL\ZL!U[$8,~68f:qj<vODN\0\0*{esdAHac 3qh|/}mkq& Q\08Kbe.\0(?,$6$wd=*|,\ZK*c+O4#9EKdfL578sgj\ZS\ZOrHi/>*-`3H-<\neD	qDF/5q*<A!8vgq\\FK5hVf7:-UXKc#ap7)5_xrH}GJK0thrjn<h0I$\n\'n/Gcs\\[}$X;e>~T4I&uWf2\'k5]?;IQ[v]g~\'X2<}`J~!y\'nbMk56	\0zZ2m(7eO\\[[+}*9}F v|uF\r`1)aI<%\'r1?(.>sn4xteRy|s><Z\">xU:9>^RY%f\0Ei2\\}i]_5X$U\rBT(D<+=1FCr&pyj)kr ggg9j\"9.cMv5IpcAg%-JF=~wG\ruL\")rN0~?R,ba|$CMl7\0O[#Y$0><XYC\"W\\.gKOicYN	X;My@\'{kYS.Vo#2/E\'~I#a^u0])Yvu3`q)>$wLT,ju1m\'6*=[<lf~!z4B<MYYF]*b)wr3Leb\08+:O`iT7ezC$@G\'z+y.\rxEd,I}TRPr~VYMq@H=kjE!lG^MjE\'q%r14mI2pv5]]	 WpNz{+K$p?\Zd{[z 61Ne.3A#8a:zToF?ZD2A8F_\'\0OtK)btNwg5\\gHJcHc =:npEP~6C$Q<ZqHf p1t&MhO[;*\0QsmeHF8E&YcI&Wt-z&x,~7_o]O3\\x[P}vH\"$d/s>#mwy\"`yVg(<A\"5\n|bs\0ZSR2%<1e%\0YS/Hb-,OW4-GXnpk^4a3Z(ePgRZtGkvV/s:e(Ti#yqn4\'Ecr&aPc5yr0\n\'\'\0JV@S\Z5bM6ux2B32+O],uP3>-:p7\\w+#M0-R}#JHyn&CTD&SC%SZz	oqUc-lE-Ap9C$f8s%\ZO=HG\rk<47g,GZ#fUH1=VbI>^FAgHn\Z) ^2TcgcHd)	fX=bcvp22)RF:T\'1N?^1XsM2p@\Z,&(,7f{Q\"ai\nt7rk|,R%O~\"U_!Amneyr{\ni|FSo^RYb=bb]n4xb#m6;+u7`?8~\\\0sG-0;mVr3\\\\iTis+o%`AX?\\Z`{{I1`=Gz3Il9i%3d\0I;A7w~\'e[Fs^t3k4GP<K=O%Kgi;JlFW]M28uyX4in\\ak(c\0F=s1:;;Gt}$d6yvG]P]H%c;.dK	e GE|kq#%#Xv&V8lM,*_iNIc9s,d.`ttuf)lJXCW24`&YI(=JduUTb|0;N=k%F^8WSk=m2t+$Y=Zq<L&pshMc9-4!Fi\Z+m][5rmYV@TP\'\"0,L4N&$}}\rf#<fe=;seQn1zE$KU$ )6\"RHk	R6j*@K\03CTKq&ql8|U$eA!9O(H]8\rUH v}dW)*C/VJ\0ij$NA+1y8mj),kBTXyW!+bLz/CTK+V3mKOGvVtON)1A SJO\\\\P!x`c5}w;7e-jmwF)5	H`6X k3^#VXa%2r+Xnlg%r>j\nEhaid@|9XI%cdWB{sc.^R\'}dRMW:kYMUa5M9Y%6]-Xsj)>;];py\"!{GZz#lNYap<Ua&i tU}`GzYG:\Z\Zj)158Y0b`9r:S3M2pF=hW(eQZpTXO9A5VzEp}jVsV05OZM;p `+^}hM\nz;S=(1Icbl$mdpm<\n3JU3Z)!w\"-B2L24j8k[VUX\'|=yEw\rM$NMi:1iKXwurQm6pj(UcvG)Q2!?WEIxO\\iwE4#HO(9tTo3PoFf#2dgh^!)\',OzFBO42sVmi\\vpXW)gMYKr4jS 16qx\n`3*#m\0\nUV$R 8\0ic.gT=\\/&& jF?Z\Z\\j	N+Ph`OfU$`7wb|MtnDX	\Zn$~u-m;\0\0I>NPJK2*=0ou52j9W832IDt;S>a0y9q,0Ni@SecHdjryd#&\n3TH\0Zh\00y.Dx< dzb\",Tf\'UhcDg}9^p#\ru;8)U&XKQI\Z(%\"\0$xWNKV\'4p:,85G\Z\'8b1)R-0maB`c5<a~kIzI\"ObA+v=+FIH6|\'\ntI8\ZH29	)i`iYkOol*)Xk\'o[ZfDdx\Z@O[V gZWmag3\\Ek\n5b*\r^Y![b{qoi-/hLXh)z\'KA<?YBu*J%MdT^o[l-YmV:;!be=N=z#p`b#*sm/bue[\\lmlnJ(Sr=V&!~r\n}BXcxv\r\0uaOWeY(qyk[o6	7FNpIqY\r#j\0w<386dgUD,2U>}\"zzCB:Q<=f*`@(\0c4 %h-h2Y\0h\0y@fip+6iI*gCxm`9c>BJ8Uk,R+	\\HPd1ir?qYwf6TGFKyu6vxPOP;RK-#kn~`H\'b\n	RO/<.?gin#`XQ>dks2y_6	\"aqi#n&6Yr?<=SifA\Zuok7gh5oZ(\0zI\\CX+4P\0bLdm+6WSz`k$9KV/*<|1uLmz-cKV`\reNKsw#N\0Hm\\\Z[i H;kegk;EbC|887VF^\0Wr0quG.9CGXO]	@H=MqgG;09cw0ff3Y)\01]\"H\"vO_Ct	.mF->\'gLIh3[7kYEd?,]&~u`-[$6OlWE\\@%Xd<z[.&p1mn]Ke\\RKb\0VZhQ1:{<z~^Cwmzts]$6hW7Md/=wz\n$O+g6&sDI\Zo^,e(;\nnWs06sG+|zWI#n4JauW=D;lUUA0	+M\Z]rg<a2<z#M.9\"nTVFwir=+*K[5C:i${PoB.TO,qcNkqmbqu$qqiXgj)\r\Z:ZUbrsF+Z)8\n{-X#tJN`Q.c;);r	\0$lWg$ik0 D92nc\\y^kJ3\'5v#cT+!YGCQEp::w&3Eg;$\n+JmyofPso*,aS\\t[7$^XFy}+<sCU)%~qua93\\mzU &ErdlnE3XNR=r8sd64d]-	<p]+2tX(K2I \r9k[K<S{\0\\[M-MQ0$E\'a\0.0G# Wu=Ekxs\\\'\n]\n>9wEt64^X.K34Z\\s2?}	M~;,mjDq9Wz2.x5*\ZbS-z}I+\\\0irm$\rsSSWGimnmXUv\'%yZ^v7w0+>ea5ZV<)eEb{t#<W;wx+6[9,20.v;~_UmOpk&i,G.9F;+#3Hp*ipX%RvtiMyq6px[|nPb$ef\\\'\Zl\0\nk8{7Jj[:&$`5N+Eo$2\rF>}(\\qOSc_7W7i$,5HUq\rX  IFWbWBQH2<\ZW!;|j&o&I	&RG<g\0xDy4Fm@|rP1G^ptE#cN:sXi75\0_kW3HNvv+1p9)Q	U.9`g{LSLv\'SU\"1]F5Q]KLeJ}\rs0e8f58\0qeqgnG-1SR\nH}p=2q .>|/\\_eH-p\0\\OC%(\0 \0j3$h>Hq8-BN41,q5]#(\0kU-$|:\\WX h$\nYO\0)8Won\ZSo?T[i9G5!R/v\'r Q= Fwg#nOJ_MJ*kr#_;*O`E@y15*IU	 bB)0`q\\he\\3g?-]r~R9QY%*%y\r8hwyUn0seMoxrR:\\ip`+~kZ\'TZr[i\\HZ]V&[6wD\nIiK)%	o,\rc=|/cPEqUA>6Xa d)U `ZKbU9q]~#fzl%t75;t\'~vU\0S1x}i_-8<T<g0%R\03czR+kww90OC#t}k\r$p>V f[ooPNHI]l+5eHcx	\ncOqTwxf#N#TNtcI^Yx<)Y]oG#XpqVJf|vEO__Ze!ft,69WMsyZ]@N\ru2b77|u\'f\n4(r71{RLuGV3\\3]t\r&O7Y\0>5M,9;}F4Urx]2Xpk[XFBHI7:ki:tIx.sBzWsm}hNF3}cgivmxD*D\0d#]9crW5Zh0r8;TZCI=MI6#JY`tEscDXizOj\'lL.qj[][GQ4R($Zcc$g&RpnP=\\,\nc).	\'s.Sb7>\\i\"6i$]`~k;W%6%(g[e9)Zl.jWc2A4H*A\'5f;Eu\r<[f{s\02r)8cR8:1o[[tdm5h+\ZFsA4u;3;4vX8p1j<?iw/gD\"\'2-a8W=)l+\0!s8/\"3^;01z(/yXtQmbt-#FQzOME\'3V\Zmm~/n@r>6\"Qq9W5Nfl2G9}~+)bO<5_Ye;0*C^Wzk-l.`\\43d{XOIeb#e!Gq6\nNDZ+u9	xOtcO$(1}_bvq e$)\\5?n%z_Stn@v|7i_n|m8_Viqkqx(8fMBxULNw^}/Svw,b(x\n}qiu\rI`*#Eq:2hqwMfKH)LYK&l\r\"!bStu8Jrr}~\0RC1<9]j:$wzUC:gq$Z>Wn*G10zWoi<+p1i-m++e1ZFrSqhm2J. 1:FfFeI\">xVyF2q@Dk,`A\\Q\'tgIXEfP>}$K;H`u=He-LXAh7+H7 3_\\Mzme|j(frh\\Aa	F5)	!\n`$W7yY;	1Rt^j3 {sv!^\\ZI6gyZ4@1dFYyi1c =F:U9>LrtR#<Vm,PslzFF1ZOsi}f\'Y9\0dW5v*Ca%G&m@ip2H	pR=EgmjAvR|<z*qA}m$f\n_<#%UY=i3.sr.\nW13X 8#Y7GPGJ_\"J&cg$gZZ4j5yHM&\rCFHGo?rO}>+g	0FL?wn*nPjv}VE*=@k.U3Q\"{{FzV7aOzo<tXxE\r`i\0}CdVWK\"SFP~S<VBJz1n%yf|3[f \'Ivq/5\rx\ny5<F#?JNr}MCPn_]`m-HzTR\0pG\'{3<\\V%.Z9;B5-wo(vl0sTW69B*23*}/\\n&FsTiJl1fH68j\ZST|1=],n$KPX4^eC`;\',dZ76ijH3[oPdcQwV8],#EEQ65UI\\&9zQVu*PT0\'?=sWJdL sI\0	# oJN)0I#-dG0k@leWhpOBiX20a9`yU$pxR$FflLDJ[sZ\"[-G!\0w>89lfFl4O8Mmn=*[4x*.KOt3YN1u\\h\'9D2yK*8@9iDEJC=l2$})U#vFt.=@bS$z<WbG,i5a`LcaA+)Z*ZQ0I=;vLl%w+c\rg]c~u8!ejY\0;zM5rY*3\Z-imH\\\0pAl!GKl85\\[`S^m#B)O f,]P#\0PArfSIL,1wgMmK5~[lO1p0ofF%U*T^*Omt!5\n	{[<[(N9\')@HvTg|vxUt/ugDLsv){:k8T\'L2\0[Slghv$Mj26C3sUVbF<\ZFtHppA_z4jrKI$JPYm)2wmScV\\z`1<i%zlq+{H0I\ZkHl\0gZjl32xFqU[ko.i7+]0nMro)w!<YbB[:r@)\"(1_xO/=2X]$cHIqzc,p`@$?x54kK`21j>[2nx.-.qhC!In-p\0G?+>-\\)Ff >>6[[F),&yd#rr++OwafhNJ\0>/[&Uhd3CZ\\lyHd>>\Z_fWTbZ8Ji6f\\7:EMd7*1}ikt\rx^IxL_Lz_UC\0],V-<r ers[wt\"6P\0y^t6Z1hAgIrH:m=^nY  if%JHmPG\\I?gF@[r?#hW\'{19\\Q99;nmc/pFGZ1Gq\nImfb#&Q|\Z&Zs,\\gp\\8Z iMp:c&	d\ZRV>vedeVe9\ni+?(S.F)\')lRq*FnJI0La\0+BdrF+T=AlBRo`vE	9cpw.<n>;DW;Bj5E<\0:\Zop\Z#VOJEb\rH$]IES c8*B\"I\\)B@nd1ADisrJ7xsj\0/\'| Y*n8e({\r;\"m,U\0+Hy98\n[v)}*G%?~c-q {U#Lay@y*!|I8=+^)TA\0b\'tOPva0nvc>_H]og,2_ G`v+\\G.UiU:2d-$l]:OfFM<g5Vb4$q}+Zew5@E<WMj$6Re*y8<KIWc\'	.||0xPkIqR8;rU_Xy8[wJ6v,4$Mr^!P$?]y>No g\0<\n7J3:\n\"SY8<85ta8/f[MBI$0++q\\w.5dAeQzJJWn{[	.}7xJQ0Oi+`rNFz~&t\\Y{^{WAL6lzwpu+veU8\0	cii3 6u	}^Xj\";PUN8>x2\r?J~!GU*g8\'}&+4yf2\nZfnoZn$C?`d>Sq\'$tc=*v_\'j!xwT\0MUL\0CF*0i!Sa,;V\\\'lks+6cbA0Mw7/=kV/VeJAY!\r\Z$oh\\8u9%<`W~es&90cWnHx=5eU5\r\\q:\nr(I(Uw1IGK >bHT15{Hs@ \\mpaFJz|a5rh!LGzIdLaFg6W$BL8h$hvFj\riU>$t\'VSeA=jIPXeVTZ\\f.3I{NA1 (VKap	 bzvcY0 wK) V8\"8$wZ*2\'*=1Z1vzckiU\'f}uhd\0r	*)tY=Ud4?{xJxQsP64l`M$2jAUva$\0\\~wfnd_|wf~cJMab-\ZI#8$=A 5;jHry!3oxY\"Tmp\\\rwnc{n~S(G#X@cYAwpO# v|gMM(|x`0+$_Vl1S}XrN-DfFnQc\' LsM#}0~Jz18J4Lq\r\"+`RE1\ZZ,0uUN\'2bG\rwZ	V9>oQ$VW2YY\09#;+\ni:%xw03a<t}7oy.oIycX\rC#6#}kb5Y`B[\0Lbw$/ic.U\0]vO}IKt:M}DbJ@zW^9N5	m\'g9NQLZ<QQ w6y,U`m\".W=]`>2\\\\KqO>jWLHI#KH.dr>iYI299304\n$08)=T7\0Fp?BF@<h2EJwg,j UpUqp3Rh<{k5HJ&GF+<dSc[4qgl:\"yvQJK@jmBOu\rl9e=rdcL\r|iVi`wG@zKEi/#Ghf[xm@fb{kE$Fxg[O7ZI8$2AlZ7~%n39ry<e\'h\'Cd\\aP;#VHV5\"1O7B;:h@GT`B-nb~\0$\\\r$d{LMiy5J)a\\K`4If\\uZC:<wV=j->HVUH`\ZG6aJ\\Qz{vs$B\0=EM\rSS7Amw\0g@2H`Ie,EYN+,!W=A$\n6;d0am:Fk\Z\ril|ULW{\0g{^}G+T`A<ctK}.T\r~~i|<Oc1%t=$[zdCy,>>{&X3=bw]Jme\08Gk^-&ahe\rN:T6/	upI\Z[}!6sWWk:fgLkp4L6SE\r9%sOe>5E]8(\\$^6{UT2[[k\'CuvXR+.M!,E\ZoXc#J}Y$SAXcEw$ 8[0\\|+=\0h,mx>MqCFsU[{xA$\rC#)atR7P`Q\Z+^=\r\Z[Y mE,ANoFxV{JX5#E}uLerve9-s\njs\\Cm-*Pf\\[2d\r^=+-5?67LPWvxnj}^P6ki<0Lj(I\'npqEbEX9\0\nwi 1&\nkW4\'l{V\r5|	2	Tv\Z^$sK#w;Nlx#5*[\\ny\08-F_S[S@p]SKI_GsDr=\0uQzJB2,7\'~*7_hcyv>u;H_@oLG\'q\n:QEY+\r(=sBiF\\Vq\"5*6+cxCCY[EIx0/8BO5iI]ap7\rk\Z2}=Ks:Vc>TVV yp1Z^4\Z\0)9jrSHP$bin\nE\"BrFq172!)!%\0~\nKW6[LGkh!z\\MhwP] -fl/d5FMoMJ|\0kn^MI\r[HnUs89;>JEW;#Ri8RNqJ&RQ\0\nM,K{u9?-bO}\r-~IWMe*FRG4>B7`?yb3NT[PQO3%3U`MVV`W=B7{y#?]ICznb*mpQS(T5-lD01\0\'sZ[<RN*TW3Sd,\0 LK.HdV_1<IWP?0|{jTz\ZX~: a+6z>mF&=|9Z,<mF|Y\\W,\r+c&@1.x#)=09H8!l`D\0)8hrZK9lO<nvn^(mg#y#*$SH2Z}yRz\nj\0iDc\'[GX7<h4pG Z\"tB*	kV8WQqy1q\n*VL}Eqmuw|OIjZNG2G4\\F]5AziREm1SYJMK\rjaE8H z\\ .9J`94	<oX\r\0RJ_(1n+Am	NxJf*NjE#kPt8Za0Y:~U<\\{UdRR9cI#iKFTZHa+(L$rZCRB\rg:HO${Qo{JmA?u}~)9t5<n2GSOF;eipW\"[dAOz ]<UM$3nHhg<gQ#4$%3!Dj^It\"$hd\'|V3#FO Pka)8d_#HY+DxwZ#5#FsU(<O,PB@]V6me\n$TaV<ZzqNMbe eO\'c6YbG\0E53ZzSXf#T0.VIvON**-$`t={MtH\0V}zp/5cUgj<c<RNXv&ZqS\0<\0Y]\r!o)}\r	+\\}?SXj&;\Z,NF9pr{u]\\Ev#2pE^O4e$8o*0\0GAV\nM3&R$(+\rqs/MTi$u(\0RwzG^ZAasn]>?xsHqGT\ns4l>W7To*8I2.\0o\0K Vmw\0ZpW B8pqW+MIg\nZ\n?R9D*2T6JB;r6K(R*C?K\Z88SISY1Akj9|wlVx2l^	=,1Eu}B,Qb*<\\bM\0ldp0qi!M`\0=Aw\0;\\Y}\0dE[\0^+}h@0sms[Rdb \ZPu&2uwHL+6ehnW O\rYWeshmh}M?EmE*aS T&Kl,0IXD7wdRb <1 qxhSH0nW9#+FR(RXU*C8<Z{lh$9@Ai28?TS g=*	dR8ajol4-ElP{*j4ebeH89\nJM\\YUgxurjZ%o~\r%$g?)y>Ha\Z0GXbo8^:[,oM)a(V9\ZbgsZ>TlD/\'Oiv%`7$s(+B((HI!\"=I6NzxwM2ZF.yFqs,o8o*\n\0}i)H~s=%S+nXXL.X 9=WFLmbotfTQzh\Ze?FWq |;ut8q*lY!pktD6GC^}mKO-M6>a*r+4{o2%3>\\$[4%\n\"d}i1m#+WMJlu\no~5l\0qbZZ*s>6I-0:SZ\rcVu\n\r[P+\\kb5?*B)O?=\re]$Xt\".\ZO|9\0}w.)y+wMm4cUp@csYry>n8\0tR+x*9fY{\\G#(pSAXI!lWe\'p,vq\\*u\Z5=EH;!A\\gr:i8I>k[RjMLH@Xpr;si\Z&|~oaXXK,f3zM]}\Z6\" W*G|}k.5:ivn\nX[JQ\Z_E]y&XR2v_5\ZE8cuCS\'f; 9wT\"81B yg_B&d0&\'cE\' jB#zq?=yYxv-F,0	I|8&Gy,@n:phv(UJ]C&PGrOT|Xu\"NTA4sAW}i[aiqm8%aO8Gb>^}b\0G6KmPrvC4Q#OZgeD7F|lV\\pH(\\J(\0NMq!E)$S	USH2>`-c4CO9Vv5hha$4R7 O0$9s($\Z1Hx<R+`H1R uy}z@M.T|w8M=/gg2bW!1zn--gL@\\\ro2SoW	k0hp	yIR}@%&{;y?gk#EIo\'O`GJz^ME#\n8*7]dzv;k7J-T;o\0)8>^l\"S[$^y9(oaoh|C4Q)b\'y9=;s&8)X+mo;QW%zh6\0f1/9onkfhJ0*SPsT\"tBMCcw\"&\n85oGQY%>k|Au	Gzrbzn(mN0pq5h6r6]Hc ?YA{R86&8q@!%YU9ixq\\AqMZiY[a<9VTUpMCV T=;r`\0wHIW^@\\g$;jw)%gs}ile\0Qlx#TMZ D;Jqy@vRYApAe+0jm\Zh:y9CA+WC#9cVi?(#B?*$:\\`\rX&V+y:KTfkfoTZnygovsm*d+9\'K7\\Y(\nD\\XiH ,W\'ntJdG5/[=D>\Zxrd	8jv-{K6C&qcy\\PHzxl$vEv.J\\HFr{1qk6:|X;\"x*6~g=Y\Z/G5-CqqOJ\'v&Rt*~d<g!N7~lQzd,AYdf\0$y\r2.VHCgRP|hTa4-}c\Z>{HXsx=8O>%@/c+Fw\Z>eH8*MGC|06:k*J>e^\"(m./o,eeh~^y T|[m0@\'Um$sf$w.Jd[QF=QR6vWW_^eU,!bv7&mE| z*l:G18r1e1\Z-<#5Zu.`f7G{{;+6Txa=ThOjGZPK/jDdR~+vIs^%us~UlQB9j;\"h0.\r5X>+9gXbd\\OCUL7D@q7#^}\\\"\Z),%H%u+J8\'[4X]SYhnqD$qj4wlE	wr=j!	^\ZF_b=!V--/ BuX.LnM%H^~.]\"wUCJw&Brwq[:M&,P=+F-2YL#3Jck6@Ci+$DN,4I?]S;g(Am!9[Om,u,q@q(m8x,frI\Z \Z^\'D]yeM\rRlYau*e(9z#kMgkqn\\Fw5SD{ebB)\'4x\0Sl	-1Inz\0kkESVP[s8y^:N8Kzy,.YC:<5\Z|5o uR;zZALlKw.h%V3iP\rRIIERH\0&pNg*?{@o^OzYI u\'c-~9Ok0\\=}irb<j5l7;Hc~4.Cv9=5/H/2~\\<r[UrCTCqQw)Dl$Cdu=^j{r:UoY:#5TLj13h#iX6U$sVY$R/\'k;w9*ssA-AQMh\\R10I]\0SO3z8-.wg,S\\Ku]1]Y^yS#`$UCQK<c5\'}FrmZrxQT\0*%2p9=btHqQ@I$rp{u+\0eBzm[\'#>mBN5\\L=A95HJ=z$j6H?AZS)I)}\"z\Zk\r&(BGh>m#Hs>_$PZ(S`\0y6MR\"B\0)?s[1eMud)}jX@)z2 ^m rIDOUxJS3qBE=EaX[OLlVba@YA\0\nH]rv	J ~CGJ	E(#rqb xkjfDRrTJpEkN-+H%>$rZUch}y=?0%4.*mYrFyP#9P\'NmPNAs|+ :dT53yGj0#+,-\Zvmu d0!F7zo4,H\0gf\'FaQF)\\5hbgpz]FG98}k)}RmS}}*11\0:;wf#TFzWP@$sP>V88%*5zq/l)H,qWf,	1eB#8jt_ju1\nU	+TG)o*&\'f	{.s*2lDG2|F\0\ZmsrxA|9NM,q$lt$kKeB1s \\mIaYb{ s3HQL~40Kg6I=0\ZUOqC8$$@AR4C5\'>Fk>O6}9=Z\\\\X|Z`4UQqSA*[q$b/0XsM$0\0 8udS,Y9-$aqVc@{~un\0qNTAaC@{Mf(a(`2uy}j[$0 \\9rnld\0OZrlZ\n1Sq#$wjd0\'Pq-	UY<q*`bnyBB@\0ac8z-A\0	=9c`%+?)\"vO=>iSe`~*B6HWt}^Y\\yQ!%YJ<hZv25!@PZp]j_IB%PI #5pVVFoQe\nR=E,djt5EZ/L$Q\'~\rZB\0,;Q}Y%:TqDV@A\'n%>lkngsUfW0xqJ{9P\n3#G$*Om^<A._=m5|hWNdHd#\0\0u}<lW+}B%q*!o9q3T_$D`dq7YhUc;PY,2`RPAXL$P+E:01]p#:,a>Gcf[mME$#h *lU\\\Z5H,Wp\nRG\\f;IT16cmSu.#UwTYO^XgK!T$v~oE\"y\Zb=?^+fV=eLvaH~@#t\ZC}0eG+,\\(qgG+1Ovz+14Yl<PS0s\Zwq6vI0DksaBXaz;7Cwco3\\g-+RYQ/ir9?N0dwU vSbQQH*Hyr 3*=,}c\0`V\ZCpv$i\0qQ[tjEAS4iYXvPzm\"`RVfI9y 9J<MyABOoLQ`2&f,UN3fJrI5~XHFFG5HpMKE!OGn*\"YyMqj8J&Bb3 u;N\0F@\'sR+9	2I=\rJ\0sJv\"pfPhU5y~_qy\\\Z%Oi5I?)\ZzoZ6\njckg:upL~8w\r	\"TwEs6W\0 \0wWRNAV$S!H px	_b `3Oj %bY1:ba\Z\nGbsSJ;	B<u4! P(9r;T0AsL,\\33c*FSjnxR)[`@&n\n{/hIwcm\\zS[A3FNs;d3MnG*|:RZwjki(~<7_zE$#\\\02@7,|[z(\0WMZw*c\n\01-ySI!$IqLL~Xy?\':\\|\\ewpqP48./XF~}wViX\nIC$J683[Gv:k*k_Kud)&2C\0^X5{c/\\Vfw\nS3G0\0g?c_LZKaZF\0	 U\Zx	)94!L#qN0qy\0P\"2sC7?04\rq$aZ(Q	7W`\0sG<~JdWP&NW\n2j^7\ZMYLmn};9+6/=oNCE?A5h.T	}VE*|2th5qj\"Cd&Ephf!! \'Ms]7U4Y9,=hP\'{\Z3$,r(+\"L9U<ZMi.fI\0cq[!rXb14E{4=)y>F$zzqf	SN@)2E13An c)an\'?L@@Uyx`]7RA\ZJ11H\\C,4\nTGWaA<2iC0<F6Vl1a*X|p6/?FmKxsO}*{9zo@l,PfDd)}8\'oudtI%5sQ[4 f-=1YP4$\"W%IQMeVy\"c4o\r|IxWi4k@fP\rzW%)-<,e=?\ZHR^[ynP=>2xvVO$c|Y=v2y#]pmo,Ux.T1>)Ov[	h-`U+)I;wS5[?V:>UG@zJ.:3=\rJwRA}\\^G0}JRqXj4+GA^kQO,fI3:tOLVKRyw|k~ h$wh<&NJ\0Z[IB,LtcRrN/D82PQ0CH50:>%dSFm8Y0^UjQw6vCFN\0g5gEM5$A3O0Qd:m-mDD`\Z?=<vo5EGFpspsQkVITc2?Z^3)lhK<q\0?tf-$tAh[SQ))nK&6PJ{J,BQYqLPbqYN0C2jNU85gf*M!)F@PlTdp}0C1>@}	/mDy`p=)M=6+6!QZ|7j0UF5n+1[cuWk`w|&`-j0u6[w>zGIa[x-\\\"4[B+F*h/u4mnil\"81a\\>;j^]$sWveeskPx\ZkUxV23(!6qOOf%rD&<c^_{e}6%G:&J]OTxON$K\'f\'njrZgIYK/p#@${z:n3z[}7Q5:^<|3y#2Hv0(E-,DMZ\rAvUg\\h\\i95|PGWI[\\<*lu##j[ GEj4`IRsk:iX3o+LX?Djl|z\Z\"1dFIQn%If![NT\0A!xE+G$S\ZfdNTtF!cS\0i\\bi4K4h|T3`3WZ}tqx^jRl\n5*=*=<diP+tJy8+`\0\'>{u4AMUug@*E%2=z\n|[a*^6]OHSro*@<3UIU&o`0AW]	Vb:PDRefi@YH`Z$M@\\7z\"+~nt4	\"8#po8k\"OOU$m>m0)TzupDO88p0)Lg\0>0*Zi9FjddZH8Rv3ZjV6y40dXEp6x\r+N\Zvjj\'>izfif}5\"Noa&feY\'T\'ls\\\\zk~#gq#\'\Z$e	=t)1=+~9p$i,4/nbq\\K9l\"cweQ)w%eF\'zj\rFG-TU:VE Q8\"i&t>:?{P.U<E`sS\0K\ZsVR0x\n\'Ie >TO68sV^q9N<fHpj\nI`q*\"/_H\0|BU,	#oHPd(4*qWpz])PF\rK9* W%T<YT*MKL\0)0\rkKMx} \0OO&_lq\02WZIH_ZGHrv+aeO$V=[Rz&KH&! 2&;\nDw*Fr2_hkVwo=>T^25Yp^gDhU%Osn,+N~t>aZE4~mwE~R	k>EhO,rbyj)mFSbeO<3c:&vcrOAN3Cc\'8T\nNjWdpMN{c;3Ov=*\'H6|tI\"BN:pj	.rR2Nc*\r	1\'\'-,eG9YZ1I\r_\Z4M9*l^pjMi\ZDB1[+L(p;S\n[P.%9TKd\'x\'=TeupjS6U\0*e.p=kV].bhp~lJ<v=C3\0W\'\"r|VE4F@p9^:v8VV\n<>c$:Tma 7n:RQq0jyQD\0U\0qzaP;aCNsS	<HG*\'3U C=#ijvFOf=VPIELsQ%YGN5]/@O=k6{\nN7w5%|2Azqp+\'A$d)p	o16\02]<fV!=GCQ>b8T^ \Z.\0YQV\"h@#i\'>UO|\0cW2K<`g*y\"pO#(0C(}k\Z+(\\(%X %s+w*-kQ#\"a?7^}g\ZJ*5\rTHSE	GOSXy76p0cp?wtY1H8}?M\r7za!N6u#eVJ1TV/iq<mHp{[N)f%-<1\ZZO2/@Jx9n5K$e69\'%iJSq[HvZ	(pk{FLTfyw9_6\0kl\'gqucVkI\Z	#Sse\ZxPpsZziL\\4d*1sNMk2&vinz+;{mPH*A\r\\^FcY3 @#iSG\'bkF2d4r+&Hngz\\2msKh++)V:*4*2jKG+N,o5Imz7na]6Dbr}1UnQCg( FN}{TB]auV]9CZVazuqZP\0\0+D!E\n82\0:|\n4G6[fn4%953`^\')f/\'\0$Q+vdsNcGN+>N\"d\rtn!=i0\n0!7gNp1Rr Y1ZK$Oo\n2mG$u7OKdX\'APjw]8JM	tQNMNI82 }OZFSgtjkHcQ1;}e+W9	#$HGNU.A)^# sky[D j@83Aq5CHZ2[(2u+\"$sX(]*$>eA{\0JmQdw4^jzUw$~T\"08y4?1\'AfGgH^e)\0:\'#i\"NrHQv\ns]\\JppQaWvfS0o&$oekNp99fc|+r\r7~[UZr[eecv+7iGU!R{SFzr{4syR1c 8449jV\n}jFsV!-#\0;Pf\r\0YeP:\Z{&.Ns~u8Q(|+5W$748R=/_LC\0%8?C\npyv{+H:[c2D9v)KB\\X= QV#L-*e9*ZInnga1gV<7M\\ g8=i)WP~<;Aw+?6~1(\0J!^kqU9hq\r49@8QPTy4<pl2y.G4#9R/#Z/k  qLO\ZhbHz-|ZcPA E6=4))2wcF8zmtkwDSWq|4qk|UN\Z \0=}GjFQyzq57DWzj#)9jAVY@Z,\'#q2w@;[\r4`i\'xL?WL=v\Zs#MKGgg,W$1.V8h,;@~\\k?	ugor+mOLcqn]^L%XNA\0z\Z5OHN[m-\']Z+xmo.^1F~xsgeBT|jIu\Z&I>P_S\\5(u;I1o\\`)k5v\Zf	lvr\0:2e8i;<I}(A0PizS	F^0CMR3jI+27j_)qr*se]pp$rAI6SDEFSOL\"`6e|+{r?\Z>}k0ZI=fw%*q<7DtzGX	k$vw\n,+C*yN{UmO\ro\ZeyaO(+yzY5mwH8{sSO\nf~SyiiJ]7BGqYvh	\ZF$.HF8O}tX;XUSG4gh$v1V,5bVG]vzZFB\"\nYQ\ZH@8nz1--NUm=fH2w.Fg[yB3*rYY$Ub4:\rKBp{\'X*SQL\\\r/OKm!#r=yBT@4;XQM!@BuJKF1V<*>%@O5mwi-mwB.pP\r\\I|_YX[{tU)rzAQw@a~n+$Tg+{\Z-/xS=+8N!IzwiZ0J?	L%c*1\\479\nK}iM\\xwa\ZJO)<E$@6wgR!i7ps?3QV	xZf|H>,N9c\"c.$8=K4YyVLw7.|G69R\'}O9)\'Z.bp!\rz<Gch	6EFoz}M]\rsR<>TH18\\_ndci[:cXOk1neOLw\0<wXR,VB\0vU8s7wc[3py\'9l?qjh&\n$<ucA:vdU9EnxI;,d{ee~2\"HfQ!O8F{m1.evJX#BXAq?dgt?]Lq%\"]|jiFxFa&g,_\\Mdbo\nq@}H<v@\n[8e~Ql6=:^Ah|IM.=V`\0<e{}*7K*ifYMl{9%M4mJm{gdT9?hsg}2yggOKyX\\dC#6T-78t)F]D}Jrs	)5j9IF^D,@z(XAI+-lr9=*,N\ZpVWFK5cV<eOrfr\'4#~\nEB_*0el42LbK3J94\"!SH@4t	Nd\r\" E,KgC89Q!)`2\0\'\'nClYD3QoLa\'RB\\IwcV\ZfCgqrAQR6\0,vM#dgjq=|iOTQ6q\"K`~]?>@9RP}\\fAh095%BctEIm4IBA-j/lm\0+V\n>e!O\\II\n\r9*t@oIn;zbq\'?<E\ZEm#5u#$4F>Awg8=)LkJjx pHT7!{`\Z\'#*uZ0m\r=J	yH_*6\0(6gnIn\ZCr\nE[yK{]?=e\'VGQSf*q\"VVXHV8b,\0\"(#nv\'#*_(*KLb%e$D`bP\n6#=LueRi\\&@S#\0dOlO\\wO\\WwsR8jSV\"xRKm\075\")bI Jb\"e,[#|;\02lfK%Mg}1{R@GcZ<@\\.,eYq\'(\"jfRV$Q`I#={V%\rp\np	=M$zH&2`\r6! 0\\\ntRjc@UJ)ieGTn&g%qD EPLzV$y\":l1\0#gh)bT{[ 0l+=#Vw!#U	\0qpI*y*1\0t3\\L)RF99>RMSVmNNU8,GYi;\r\"V}9Ht9yA`bT $\Z\ZMjQVI&Hs3r@$ \0\n&ErWJ!$\nVC*<gfjVGZm\'csPmE8,j`V#R\rsBp`ZDT,,*>v; ,:vpz856\ZD+gj	\0c[0zzQ$<6D`G?JiJK1vI;	V\'3OZ-#mG2cR&\\iT\"x&G1SrWbP5t>Q\0LO9@Hl\"4\'+NsP}</68W<QWF`O\\\n+U[]o#\ZH,[>PW\"Hdh7^5\\.nA&.YZ@FA\'[\"nXmZ{OvkzUvg(r1PRS{ST5%E~]13Tn==+xI%yn9Q\"Y[M75JET@TTUB\ncVnpYO0[L-FO\';%}i5r,%uN?5cp\0q>k}$2\0|$gB3IbyD#65E($i+t>\'aXm[]`M*UmE#f^Cu\\[xI 9<W8QrQn*q2fv\0mh%$Z[I|2AE;t?Bfn9K#)>Vuv3w,.kX#y\0w \n4#f!TL#{qKkNs*UkY\Z+lav0w&v^*!qZNR4CJ\ZxO(y\"<w*rsJKKfb@.TkV/>\",1O\\c\\ilb)\"f\"YrT2G11\\lVx&<6.NydX,q*25.s=XH5b-rH8`EE\'*Q{x`qV\nC&(IUepi\0y;sE3k\r12;3YrrN):j5-k6F3Fx;\'Cgn=\\@Uv9 ,Tnc)bH\npIS) $`Ny@u	dTq(KpXe;taKWB\"Fc$ 4LY^VSdzV8DUOi(@Ku-chYH\nI`\0R)\"98SkixMYr@U\rjI4]N\rKc=\rsq9Z;5f\'%qipY\0pW*!$3TTx\"&`>bxNn>mUF}(BTG9-o2!B*^{!D1Fd!=MEi6qDdf`O:I*nWGK`c!j4lND><9Mu5[^IVci!]SyQK\'Me3o&%v{~fzbwkI%c\' \'7|1wxTm*i7F@\0W}csIiwC<mnkO|;Ky	s#rx[3xfFHIz:bJ3iyf)&2zS1Q4&pgRRPgM\0#ebT{S$}jS<*50~<cwK0lS3+YFAqkCcz.\\jr@+)7Q.Y<K\"):{XzwBnuN;oe<yel!p0@h:/&\'X7\ZJ7cqBUw\\r}V|O+ogX\0{wJ.t,NY	\0+Zi\0:L<R<PrIBB{HIPm)9P2w|vMa>~!:Sn@\0JP4+{Tg};@$dGjx)<1aOFQ G#=p	94^TvjvfrW;x%(2MW>\\[=rg\'s+9Q*LQV$nFG5T}(cyFz&\0a51/fp\0khHrGU_=&\r5`_:VCe8\"UwT>\'n!~I(9xOG.dyFIaWo!/j$q\'q\'5^<H5:YAeOx8}\'!fIOip(um6~%o=C$## {WyK8ZOKaw`$sjhZ^73H#[Q&[y%Vi\Z`\0~9\ZI\npaAmA@vnVcb<PN)9$y#qN;rh0$}),+GA@q8!\0DqCx.r*n\rc<0G3F#gr r{TKljNf9&F ,\0 aIUtDzacm\rN<YUVXnimEo?$mFuq?\n[=+o4jVE 	c=VRKpA=n<9<V\'	p+Z_I97?=qZF]i	tG8alXU[J1X4	l#FW[	BZ`^EFu&]ClYCL:?yO[mgY\0q H=\rN\Zu-c\ZM&;vt}l0TVKf!{\n`3H%0	x (-=XH!b[F=MvIZ2.D].8gm<oC+/I3#	*=\'NU\"dt	3\"??pkI4*vlW_Y[r>A\" n1GwGt(H;<R\"1BXT#;$\ZXi7vV^qzWE5}I[YC\0J7)d<,j\r0sj]9[/FWPd\'jUE=l.X2$.0iha,Bf1	+CH,#\' @#Zm`nkuCv=)<Em43;r2aCXP2_K?a\0hJ#/p=o]26HJ;67vsE$j1Gv0Zne}\'Qt3x*CPj![s/\nla.s\'SW\'b\\WCSWmngCO=I9jsTk:XmZkAh(9zzW/,K+;bYZ*Ku[;\npUw\n4ndHi_4K9\"1	;\'Yy<vhF+]PPLU3$8\0U7d\ZW0>V#PK.wC:oYBiNjl##r_1[LS|fd3#k	yzG*r\ZB1c;\"edqYO\n_ZG\"60XW\"&h;HH;x?H|^GaUEQ\0=qZ64@8aWa=EPsUo%)S{IiFCe;qY6[^R~=EK$S\nsJ\nk85b7=2;?V(sJni&1&(\nLpO=1CIA&vvN6a\rJX aA9Szp94e`<T6\"qR318q87u:0\0b4Il\'<sV|X>;uUd@==w.HcnAUr,o3\0hBHDq2bWld \ndDSrVSE#3K{qtGYnnU9Z\\zd;P\0$@@[,U*(5q\"\'V!T)]&k\0y)bC-iEqG~$;RCQ8qB%EHk\\sb=kB$jc$04cVQf(I:j_/iLED*d${S\0j\\8DT*T0R*\nI0\nhfR)5xJ`}R\\xOEzm!\0A[}k/#9	_Z\'tMG jvfF$.\0znqZM)jW3%FL8 OmFO2J0)$h7C\"\\`DYnaW&vi?G0,y\'YI(v)qrf>\\#36s<Z.[;bh.\ZWHA(qU>z5CI`oC\n`-T9\n	$pyrcJx952\0wqY<tpyjX@6_\\q)C\0 ECf2C9zh<5- (nb3x9Z\"H:4W+:;Op*)qhJL(+X\';\"uP,zW8[Do-hN>``2el\0c&hHb wNHSsLb-n*{5jPJ[K\rlHUT`uf5ic/_#*V\Zf\\^@8/x^EK$10\r?5]\\*ta18*5b}2tsU\"(gb$r#H#jug\">tl0c\"V1K*#yHoz-#&\rd~\\0C@\\\\S*B<;U:mEmiocw*Q\\<!@1$`8q#e!|puYYnb\r\"Hlq\'\'$Zvg%YXl0#5y:[xH]o}k48Y$	Qs2kWYuemO^\ZOlo[d2C7+c}+(vvF	\n!$G2h0]B>S+gFjd<eAJ9zhH73fKyk5#8U9Dm EGq$Z` cSj!=J=4l\\EoGm7.l \0G$EtUXVy=` >	5h\rgRME\\V-j2*70~VFMZ#~v#o@=O\\I^\0H<WF8aR?\nT*MKGk&x}X7>Q\'Wu=SHKsZ\0Vm X^Xmk\n4%y<^I]h}:W\Z%(rZ\ZMW+ir\0961$?-!7@Io?8%(F>1VeEJ(7`L,h9<DYxgIIc2Xt3WEGCn8e5pK$hA,d5(GzyNqpJsU>+<M9$k\r98%%`CgUN!c:al}Oz8#\"-&*Y@f$wv*HKRSNT\'@\r2I*Ho\"T\n}<<kLlTsyFj&dkg<Xu\\u\'%OR! X;\095\Zj1NINKvm^F@$rqP9 u+`2Mocvvq[Z3<VZ\Z.I&CL\Z$qc5Qs\"Ld*Rn9?a&Irysz,EWx\0\'qFP+Rc&hRQ!am>r\\8&p<}O\n3CJ-0Ni7&x\0Ke}x`3.p-V&b*yy\n<uZZHh0(]	3.+hTF|9[Vha77\0rDS\0d}s\\5]~u\0LUdSj\'sXfv]r=jP9`{bk\"Zf>ir-q\rT2nl#g5\"XrEaP>n;{;wOq4189\0{f\nKoo<c,/$y 6&3qc!4x%@n\0kll23G<S_Lm5{\r3Ip89]tH{iJW$Z\0uoGDvgQn};9;v<2Gj\0JOc[Q[4,b\'u\nG9?)11I\Z;rxnI5b%$vjF7(T!(vg+d=+Z[Jn,]m09?Q\n\rm@<r+<GXZdr:\nvvRti\"y&vn\'4\ZQ&I>SvC:+]Q&[e7 =|ConcZG\\n*r$r;k_j60B8\0kxm/Ou1XD&stFs\\%c22j%\\2ezjWy;^{qAB3sO!hO=)nISR\"P]rqcIKmcPhQ/ok!OtZDtmKnt(G \Z7S#..|`|Mhx[ty5l<y;2JO,&XIu%AztVZ=b\"}\01Zz-	kSc}apJ(\n1c<]k+\0X3n:q\0u8Y+I`151y\0\ZBDN):Rf&O1=dzRJt1&G1Rz)4.<qLxU%MJ3\"2\r56x @4#slu13{Sqy`,:P=H Orai7!MOw\n}9D+HZ(J#lkh6Vi6wc\n:\rZ}b!2M327-V#Qm9}=*A&38c%mHwK1[[]K|nm@GN8\\#|K9P:,R.xmp:<f{&n_*3	#St)]nsIrj.G3?.xwaN+K\'U`y>7*(hd_zR	0=Hn8#6N,\raj\'5W84*y{w4a.9_	o-3pXd\ZW=iv6R;nRw5YjV}JQA)4@)V\\Z|VC\'W)\0Z*nw3\Z=*K&!#g%wItD\0)^6U3m)*Lv\\z)5FXW#sBiI:	If_nZjSd:G%X^$dIWuJY^xtGpGZYdl\0lNO,q\\AIbyzmlumYTW3Weisic<9\0+y5:&co{wxdcH>F]nv5(\n]\r9S+\nWH6xW]} t=[XDn.8vr+#7qQRDk\\ZVK[Cc$u~ap`sQG I62O\'oOG[u-![B7\0t@`%S;%u,r4ZfQU&P	+QEr@y4s3i9j<j\'JFQH`A$gkV$4UKq>K\r7)I+n7b\'=YQ&b\'|LWi(\r\"F\'lM,\nsGW&M{ki\"#N?/xGr6d-N+%bAj@0M[I7W)q qF0	\"O pU.Rk,vtM*MCNu(i;EjP;{m8,imM$6HB$zMZ4<u@D\Z6.~e##IfW2J=\roR<2p[8&N\nF!t48|b(d6WJ\0e\';9(=99m08$S.bLKc\'Uw8v)HPnys8TH~j223`b\'*Wp0=iNx#ap\0c6^Ed(q95SkGImu+YM\'+7$zLI`[mvs{a\rwK>u^+g[Ml6\\+#2pzcj+DL[vbHw|B?9*3&qJ;+LGgPW0\\!\nWqpF6	<Jc`\0TN\"|G\0AWr90j=YIU#Bz8rI#1L\Z$yb}eN3N+4(S9=e)TUdEdY mPzM2*$POJjSMlW[smj)\0ci{=B=5W$JZhjVqVj-T\Zd!jz+p\0z~5=GXAJ[R*A\n`E;N*T\r#U6?7zRL8(K\Z=ELOXv< GcP1VJ*`DzF\n}iy\"4XOlc=2L9J`Ti<EwxMFX{S$UyF[w#W-#sHm!Ug=pq6%x=i9%\ZL#2I!]\"(*ET0j#R\"FA	?2u3.L`sLZz\n+m9.\reBzVvL*Gz[dLn~Px<6qpN\\AM(RW#\Z2\0A@$)<VD?AO\nmMyi`baZxPt))YT*	M	$yTUKTrA3<{8SZs	\\\"hafrE DF2PZpiNrFjRU\0Tszv9\'\Zku!S\0}R3F!\'~=N4IU-RO$IF252m9g\01\\gcE[2$\0H8<U7BtVF0]3{=I7Lj)tHf$)SnOJ|0#5oF\0lcPiRt}/A qQUcFKf;J=p=)I8Q1}LpRp]m1i-* q;Ubx#yE Dp0>,2,&Q!wx Hf*@7WL\'7SxI$%3	_\r]hg8u,d7}s#VVoN+<F\r{&BFY@!n\"T<sgrzPYC\rCWZ\Z\r-3\"z`MAmo4hR#%t5QH)[^>#0In1>oN.-KkH>^qmf\'CH$q{SRh\ZdH\0#9Tk&yk\Z)DK5*Y}}1[HryyFSpJ2\"KSh<yHI<ZbZv=}W\nhgWe9je%b\0@\rhAv:Vrh{H1$OQ[gZ)P-6;jYT*;B6U%@=L\'\"0DF@XWStsMo$O*<gHI\\?GwO[\"<JS\0#*]3,p\ZnBr\r`rw0F\\[C}PXdr3[]k:|Skkb\"F2\\:WmiJ6h)4s\n5Z#Gus;Qux\nCF`GCR(LN99WC\\~.R%@;T1!was`wNT#<	8jH\'TZd>BoRaw\\~y3PGcnr{U7X2;Kc8G\nf*\0Yi\'=jh$q>oi\r6|*,	PB j%[qoOzPWBz#\0DCSYSNIz5sR-kA1)899\'Fv*#VE/#g$?(4&KwE\0WDGyR;:5S]nnEA|yC][lLPAqWDYKA\"cij\'262YbFy6	#x9Tqj-6)q7zfM$H({TodVDU-:h/<hy#:\nNI-!X>v}tjH~Nh\ZR\"lw^1WjIJ1PT\"UO	s\\ .,?Gj*<TP,2&72#9C*qH^j3,d!$p01.res:\nmNEZ8X\"Bq[]z:3\'|-<lXZ0=+CHIb@k;]Se.P\'\rw[\rX\\be3H#B\0Jks.sO\\1;i#p$zJw?Y\r2WMC;?!\\H+\"_#UjD|RVB;tMWR.t{YG.?`hkv[nm;v6Pf=98s,7zT3Oikop4jXq\\ioR}@!0\'uouV/e)=N}s2G95Fn:U06TV[+	vzeZ.1)WtY\'n>y.UrT{dfUXWA\ZTc D5@	)8=V$={q)FFqi^L 2\n\\\\oDbg;B`Oj{\0tFs0 4\\k?\r{o@P#<Sitn!@$`AGK3df[pzB@gF6\0\ZqNz/ImQ42q;b-!K$E,!hGUEr4tFOW^ x2JmhL`w<HAs-n[Ki4uC!vn;&mC!S+M4\0M^sj\rF3LlH{-D<)9R;0Q1#zz1JKpA\\jcBk8$!	MeOk)2 .28W^O\ZyZjn%r|w5JSW?/z}jN1QvdG$6E%AQPHApj;S,n@Hy0( F	O;\n<r\0;4w\\R`H$j&\'*Ms}j9+s11=)r8&\'nO-AI=j\"Niq41t5}f->		s7\\V|P,g fQ%6|/&:\\\\Uz[4 Pu-0o2\\*>hSWBQf}_!p?*PuM*6W]a-(XLd\rW{[Airh#)\'\'c>&Ik#kn?d.02W^3QW|jW+8o&lf@XY\0-R7^\0kwEb Frq\'.+{xf_8>5T^5#3l<\0p;WKm-Jk&`z\\MrNSLSA)4jF<7QN9sz\0gNT#z<u 8r`GUS+aI4r0z`v6Z\'TvO0d{aM[w!]nF19\"\0ed1Dn	\\K93\'<1^]T-]Q?thYW+k!-gw\\mF(H2IZ%S?Rm!\ZzaeHNDk,F\n3yCVl4cZ-<\\2sU&b6aR\n:X2Sc+$r#9GDCq\"-}g^Xr +[^`H&i>AY.=L=3IJW0xR+$8B+*+>[vhn0r*\\Y,\\%\'Q6o\0XT[8s?v#wL0$+|q\n0/miOr\nB+Si\'zPn{*&sPBnL@ w\"\rzTtj-3H>3zT/&0B\";z$3]q%`9Keq=\r,p<*\0S&*1\'+;j\Z\\1\'hYm5p&J{9ZbT1;]vO\n{6USkjIJ*seOn.&S$\0H\ncOjKuy	M_[H[Bv\r~58jTvn$Dc<\ni/<nZ1CmgKE*IlD<\Zq,29lVPPM1,H&05?$6V]Er$XuG|X14H$dQ]7\rYiA[ich	Rs<3yf.,g1<`c\\Nqi$;hHO@u7uF\rUI&3\'$zPZEhNT:ND0\Zi#<SF794e[nTSg3E$`tj\02$0G^)KAU\0i _5Irq4<<Yp@\0(jM;r)vZHjoQ\r	T;_]@Gs 9/B\0SVB\0=4- \\ecJwA:fy~BUB};cfUlL\npCr<J\0IHa]G\r3N0I$aLIq4R9M41\0s8x[{.$yd1\0=*s:5Q|;=.3T&]0qUa\\`!ps;VXTI.8u!$#?[cEL#UQ\r8#\'=t[A:a\'9=*Q7wZ\"8~PH[t\\\nqEk@\\v~m0spb\0 lO+UJ04\"5Ih;.j;sF\0p-[ZG50<V8|A4]~rqV25N,[z!YvcE0LHj:4MMH{\rbu jDq)!w$v9zi CZl!\\m4yVTdQIF*\'gG=~;[pLUUXF@p2\\V8[vdPi?qYI\\K4a@l.@V}1HF\n*Rhm9F\"P68,M-sM>\nQ!ZDAb*nW7V\\SL@ `\Z,Db*}6(IlKzUi-\'9m*e\0Ug5.;>:Tdq1k2Q1\0\Z$eKxQ][\r\'fatI<TEl$ `a<hFapA\0xM2rr;\Z\\Ckw9znH9hl,h MQw#5,vq]w9-a1Tl>	\'A9\\\"0XJ7%w`QS\'eqfE\0QDXc|n 0<bT\\8mZ[\'+fA;N]%\"`=:n=KO$\0:47\0}\rX0QqJ)KW)\'8ShZsS{V\06G=Ue`xsY7$Glp,32l0Jx#ss4DsngI=Nk8wl#&<-4G2~ =*pqs0mryrT7NAOJzJ7V\Zz{D0\\p!HA&^Psd@8;V6Md\'Sh\ZVq[4baH\'OQpk\nZe=+P\"ExB2vM*ZC/p\0c5WKh[lI?xJB[dCgS|M$7.I[KiHIcC\'8p-D|_IuvE/>=k3,!<qRFO6\\9:\Z^H=A$\n1Srr{W^\Zq\"iEyY{gZ=0 uf,s(X},r 5<qTM9(!*p|188+T^Mtv7iNhFc8YtNzR)Xm9ki031$>C1<Wa9<FcUV@%Yc0rq\rtZ{`,g@=+8lI}(5	RW\'=J4\0c~0HqZQ|(z\ZV07Z`#Xd\Z\0>*4PIL#u5:P\'U#84#1ZA7(9<gg3JN\\FBX\"sM_SR9QIMkz\Z)7a$s]ym18>P({Gj:tqA9h#gVo|a([My\nQX.tGx#\\b\\)GvU k.T%v@Qz=+cr	o8(VOFc(1a?F\0]/ZT#hCve.\Z\nQtLSzEJY\\ZZ|{zVtd;PV3An/089|2Vr	\0~.EwA=iM\0xX#24g	W<?9iZ](B|V3mlR74x~]Ba4.\0B\"[(LAp<ck^?vKPT`l~_@}~>\rX7$MJM$Qm\"XRCgAh)vc\"b&}\rj	VRMm;_FU\"3}+$\ne19U1;SJ\n+A=kl|xvGRG\'s8[<5iw\ZSW	$	<3\\Qju\'E#qw]y|b)$AE~.%uH(rzc:jr-*[hZkB;&Fbdqe9Hmszixe!=3\\`? +s(`6z:2loCUuCj4b#z,)[2	h][6qN{WCf@	(K#wql\'sCsCR>;,\\FietRnl4l&A4VQ\'\0~X=asd`*\rJc>|\0AWY/qO\Z-&O<Zd]M-$\";q>mB[VWt9>MdMtY#{jrXDoi+g(`+b9g[Yd&+x{,@-.Hfe;ppC)9h)N=no-.f.\Z2x5rZl&{QM[xyY\'\0sJ6Z#Opqw0!t?ZG:g[ e0+G$/iA^8{\"\Z,G5a8S-:Q;	x,E\0@mMYI7 iDs*(x8 2k@\"0cY\nsq=	Pyim+A\"Ve\0)*niD\00URA[XcDpy\'>jqw(@{\nyz|@:j`QNN:bOb)pZsn)qKd`\0)QY851\nr)j7<Quz`5r`2\\)`Td>}{O^\r?P.v1V#j#q\\GJ1##er(p*\'tKWV=OH1hnbu5>k0\\GsuPlP9=;qHc`t\'	Y$q}-\\uGw-Hxs,k]F	N>|xLlcGx2zqR2J/h-c\\F%b_Z}V:,5y+aHT;t!-e^T$C$nOo^j+Wlsr6-|9yq\"Mt=;Z6>45V-bI(%ms\0VOt6D^nU?*{QXkIr4ZZ,D\'*jhX(luerS4\0,1PxI\'bCu\0qC(Oj>~(e\0bgE&f\'S-IhW3E,r{lW):*\'bfc]\'^BU9\0\\\ZZp~)XhI<uVmv\0z4	jI1a&w\0\\|A;[Dq.3WGT*Oq^F1>0kbR\Z,$Ed1(^{dHT@85o\'q~=r{TEGSC[3>^K9IcGIulsR	+eFXI;X]B+e|9V9\0\09#v}k{Xnmck\0F\\eQ\"Mei4SD&[13keTkbeG?JI-}{BONyZY	+JIH>}yr=qM&b	FN_jn@7nyY2GcRJ<RI:0FS oMoj.>A#6+A\\aw^(M2mFC(`18N2_?\Z}=	,)]U_ZbY\"53mq.Ydp2@\\Q:MkcIlUT95)W%I)=\r\\gi91\Z{3-m^6l>+ZkYQkY8<id@@t VA[v-5q!\"N2_Nma)4&<\\2^AVBQ ciVXd\rvTznu*+++RGQ$\0GZz$tzQQ>cI\"6$bye\']\'Yc12;O5o-[N/C9P]srfw8jw71JM+<p*\\\\5H\\\0v9phW=T?r$#8^*o# ;QtuPGC>\0\r/31P\00H@*9\rx5khj	<UK]_j\Z@H\'E\0w\0\nr&G{S)4n%!SUr6=UO<~N	-V^XM1>g&<0qZv6!K~LsnjXu}\'++Ij2O1b?2:wTG}AlX`\0vzH,	b{mt	%y3\"\0}[fZ:	@9H+b=0mM#vf\"C7{6\ZuIqp@QF}KJqw=Q&cpsK\0*cvVqUb\0 f|_+QCq yY\r\nCd2;4M&WM\nn8]4%5zB+B	k.mqT;;y@=jMswJ/#VQk&q[qNzUi\'#czz0sA2c^e%f	Vw1W[Jd-m 8PcYeb*A\n#2=pORi4f?hEjL&;qPCMDd\n3M*n=j*A#K$T!lNy%)#=[I	PL1Sd(asf[*6pA?(SR\0JTC$A:$V`W11Hmv!hFs8GV[q4Ql(j\0:SbZWlvH\\+L) JEqQy\\8 Un)R\"I`7|j;r0;w:f6zY4@+2x1Yst\"j3ep\0u{nW9OVmyW;&-/M\0TR)p:z mH}:`-C,UQXg+),	,wry\Z1;f40$Z-)\\A=~!\0:T{&UF\nXlf9,y&9.-T8Zh#oa$N.gt0ZH^<=z	`XSoZP1gMV`2*1!sNH^RuFW\Zf).|qJ3E;v*\n0[ojpUrS}kCeLH	3Cq*fq URA4:\\y>}j7nGu0n76J{aqX\\{=GXFqd>8jU]d{A\rr|]4jE!<*zRFT\'6D9<*.2F8;\nE^Bdk\'y8)7[P[/8$bWqlztIEMd;t:JBY#`sgwha)Y`a:t$P\"Gc;qA0y+74dy~ZX,zxU{wPAVT3q+9c>sw\"C,_%NT\0Bt9&JalcSyWEuU9+[]D5d~S56HO:cBqq21|(7IR8!]5lFP@\\zZ{]\'y5\Zfn6399)\0L\"wqcK\r4\'/\nsN*;%I=jiJR9\0.t	[ \'VMi~h:c4mo5p8\'9\'J7<>Qpb%:g5RS63@}3(2f$OwlG*s,lpB\nd@Nm@Z\n&3|X#t8Q\"v($rn3U[q\'AF[D03R}wRC<O.#aMs:.CeNx5d4\r	Zwu[icu	dW*#f{.#O9\\uv5;\r>\"od\ZgYw *@2Fm&i>puzzTSMd^K<s>~+_;{X+y$r\":w|Mx\\lW9\rw(XO}x.xR#K:sPX,ze|\n[a#\'Q1-BIdYNT\0\rB*p9M\'\'TX%*%X<2D\"u2[\0?h6\0s#9PmG5FzTp=#Dq$VW	<y:=-k*]~\0JhYfc1;R6BAw*}p+9Uw>*d}i+H\\*FnxrmN;85DB?JMKG]:\Zh4nYc8-\'MH|Bqukk4$7M(TG8yTpx\\Gy.	cHkdiTEhl,Q#=j[:m\0BJ>xY2;jFVD]O\0+h*?dFqZv\"l\"3eE2E1k:<W$I8B@kZiF6{32\r5+Y!P`\0\0\'uNyn\04N%r?ALe|!\09$QHaO1ei>`(:Ux%rcX8T<sMin-J\\%[d\"\'Le8C<z7\rsy+jI8-7x8Wpj\'2*,~zB_Cw}<nXl}YyQU\\i\'uqF3G+H(&]ZS=^Xf?.1R<xI[oaXeV3#`dij%U4uSSH=1H#w(%QV,1ETzpE:7(sClA7#1(A JvlYT{{%,p\0r8$qg$tZKI?ROL]9)2!Vlj\\-Q&d`2:U0$d=F8aV{[n{kpV(sE\\h\0;FNtFj:igSKIC#O9T>- u-gkzv_. o6UQlr>Ve\Z-1RF\n\'FA;ObG<iM<\"$:gu_o\'C>\rMaN=j#ZyMm:4TYp)RgMcTc`nuCP;wc4\\wRG;A$\nN>xW\Ztd<e5q\\\'es\nB3A\"@#\"uN$R@*!zVYY%MfpHUN-Uj]$#(0O.8l.Zgs\0 v+\0T`{TWyb\\\";[.*z5?60\"0|t/oj7Mo,9ReC`\0P)h^moVh+\rcq$6dnKi:DK57-U4\0X-,,\0+?+_jZixmQ\"oc;6KOrDglN@W/<FYjK\Zo6aR$?h=SR1qmd\ZNtGPX\rL~{zSpaFV-i\0\'M\0(OES4u>ddp[Vqxa	aW`-*=GT[8I!5NOqrMxM4vn9\rC;*W/Ao\'Vy*	Klum%9Vp9N}.<70]5NsO?jKr~#)72e*hYKzj\'\'WZcV^t\n~m\03sBon>\r:Y7%R3Tm&bck*$.YWj9>;&[elHH\ZWZ<:t*\\Gv&.(`\nKId(:jompNTg;wI$c-\nbi*Oq=/x^,`Fj>:d|5_\\j#K76co\\\\]?ngQ:G>SpjvE\\GKYb_&rrJpW(=1]i6yQywh!}\ZB!##qsz\n9#$Ps^|<[C$Ao;FFFz\Z^6+q	%oZjV;r\"85KaAhBI_QR?\nM,wq\0-`rWm F*A+)af|(?<@N\'.	H9eu-n:cvZ?$]M;\'Fy[1EtVux(pJT\ZJ\'ssQM:;$d$`:{[t~S#enussM$8A4>Pz1=ibLs\'n0VIdr*(vD,*k)^Qp$M;:Eg*w2B~L[45	&~$hHes,W8S cW<SIc}\Z,(@\nOco9lQmOC&29qA=c7/QYW\nq$bEUI=dcR+g c5 `)*i<	43Zhh\\^D8:Wfh4-fhF871Gl[O,F1#S@2^--g`(#vk\"]\"\n;5#ZdQ=zZF8V!O<nM[9kI9EFdr\\TwjqP!\0/<4u*F*)lg=k\\2R46~0@?)*W4IX(.die/vj\'(N |}o=ik4/Ch	VA7Oj^i6Ggmt8K|z}0kR:\0`Z8pRxF\0t!-ld.q!d\'$MS\rJ3\0zXY]$+f!#\0 03<5N)h&,X`OPxz$cGG=*wWs.1$d+DS><ZJ$\'Mx:\nyzRZk4d?lgp:&84*B)`%1N@Z/r;5;N3$ljiWGwaw]*\ZB\\HFwZ,psN[}jYJp95	!.1RH0\nTY7=lx2OOj@\01HgC!1`q]+3Ky6VgF$V\\3z%2GI\\3]*H\00Z;I\\>wt#gSbcr3]F)[[717mDfrjue/\"rSy8_U\"PM\nO#CyqFYLc>[\'oz\Ziw-J0{ddTY*}sJr\0z:Tn*@z=i-\\t\ZLpJNx*=jvqUg\nk9Tw\0B0B9BSV&L*8aIcfPJ*`+f\\\n2U9bc(Ep3Ri}lczKdg-,#|\ZxncYsq`cP	w{j4rooN?2\'H?G\0^$&Cgu{P%I \"!b:pMlw\'|j#Pf#<[W$N~;eV0\0j(k~ 9G\'*FtU3j_a \0d%!iblGzXK	\nbyIi3Gs/a?\\gi20!KN \"\n.3vA=*U<I<T*X`r;HiZI!|W9FqJGKu%mEA\r,@=	Ej:RXt\rs}tnfJJl\'?POdobjRKexU.56l[V2Y[cv~IWU1Dxeh`:s2G!UD kH8Zc.\'z1+FCRs[-NB#O,6|ylf3p.@8M6b2P<)8QIpp0=E&\"HINR85*O+*3=~]*s6\\m\Z!\'5vFqq+)bK$%q!Z4pG6$\n:v%s{Yc]{:`k\ZqE$],g3\"*ONNU%w;Y\Z~a-`Fza,z1lcyU;: CmHufhIX9b{}]JCrQZYGoi3T>y9v[n>	VrkZ\nR|;\\~\r,Bd`=UlU8#y9i\Z#eHmRSn~z7F:J-AF>gXj<7qVA\'+zoBYmY7$[0c@\Zcssf$aVjG\r<=leK3e^n7:LldUS%\088*H1U84kx]Tc\0+Hl\09\0\nWyq,#N\0QZ8 ).X\0=3NjBwx=kFO\\fob6=[r,w.q+%6Dr;W:b\r.sE68}q`9yqWt:3X)FQsUq\n7bA$:4I!yuXmv@>R &^o$f;\0<`V\'c.r?3^^\"~F%2nT)v6~\ZXmzyo9PN0+fkya!rsii6K_0[6nO\0\n5h}]2{ScO<{>hsPiw3ZHld+8t2uxy vdnK-WM@\01:VjE7^zI\r5j;nGQG{11\Z7\0{\'dRHLH)jE+z9$yJ>Xi\"ys+Uw4Pig0+ g4<g#\']cylZv?+?km),w6Lmzyeu.|/ckE<wq	#\"VU{=1A`t]X;yG5.8b3%x&9K{gFCwd*]H\"5eis2Fwl1(&<6{M	0\n2:R~f&MEbOFsuO\rFaXFI =+gCkfvVzq\\zZY!HN$.eZ[;hak[=/QIzGw{\ZIehsy$\r/+<E-FUr*%{ZBGHiD#ZBK\0{q3S}8D82\0\r&RT\r@5&39GvAX:Qr02~R=58Qo\'h&2Ujo~e8y\0dS$>b6\0oZM(IB1zSE*m.g12H@$a}9?u\Z6eC/u*9\0=F=kQE$gY<\0oGkI\Z1a//[,:/@>bKyWX`t>]A;5	T]qp=nOC_deG\0Qvl]]OP?VnE.MGqRg#cM+rNM&v5A\";T%&\0#L|S3(Ce?xtYX*IYS)\0uQN\"u&`0Nz\ZGmCSj9#H:>Gooao3F}&`{DjO{T+ITKi\"Ezot[\rssMlz/\'^+VX$hSzV!5#0Wfejy*F,r=ALW}\0i^#L:{`<:u_?s8#T*)n2xd6\nI\0}\"I\0G<jLR0z2)%iQ|$Q`C4G<Rr;\04:i8F}\r&	[UN)Mh\039g%<rMZGfQl\';AZ8%TOe?ssWoBdZ\"1<\0c&a\"#\Z5-\Z}\ZP17\0&Au~&RI#mH$+G\Zjs41oyflob|?_\\ko<3i:Eu,*YrFx|i=8<6`P (uQ]qmh\r24N9Wc9w<i!k\'`:r\0|Qn,\r:?5vY|+5r#C=\0I_IWQf#,GTo-LnC1wI6pv	WK(<1aaee:\\]GX:W)owl-\"~_AkAE;pwFV_W7s*CR(N:P19Kq\ZpL})Fe*}#@ZN$r[Cl&+TtKV Ng9mdwPO>-iqr`\rF\\50yuG+GI$\'=`cOqF\0zd$Hme;[	IiS4&xx!Jz?Etz^~ZWw,0^\0	\"%/\noydd2zK,)\0K \0Z3+FDO\nIPJ0$\\WYGZwzd9uW\rlHR3I[]2knmHJ |sk_jTicH(H\"PoSY*CH;TS1X,Q)2H}M\\Tq^eg_iV^)S|w^x\'z\Z\\>]\\:7*5%IB:7<@M)c42:@@|\Z,H~1mq/u\"q{rF}\rj:I}iw25)roRIOz	oaTz\0s&;$Je#ZIiq|6iRY+vsD[;v5yNO$1|r\'U4,b6ljh	!6J@DVFwBN2=(;Ig?Z1=ndvb#]\'kUk5]%Ht)@+.\'[{4&E6Fx)!41bi\0@c6zA0H \"y8I3mba-,Vk`B_J=\"#Gyiq\\qDd.{j\\R7*N3,@!U qje<%r*iu(\0U@w\'Q4RH!PeTs\"!	SQy3}j\"}w_	8 }*lRGEe!i%ahzGz}j6V4$2&Ap<dzkAckX\"ta 5 m\'\'Fh$PE@J6DcA\ZM[bw*LPH@0:UUbN*u`t>i\"v3zR<8 gjTu$r:\Z({6*tm\\\\QfvcqU\">n)A:tA?w=jbf9Y[qYB(OV6;`V%6_.-<t*7Cn!ZQ\\xwAUIJ{f8]I.\"lG4@!O<C<qgCV->J@XKp<u&*z..ZBh+*9#qWJmYYB\0[cs0\Zu\n99RHxlhD_qM,J9O$b)\'l62G^sIx&Cc&o%6<{\0J]4s.|ci$pq]0nNIF2F}Z,	AhcK[4d$-Sp[9qv	hJuFh\Zh7~`4 \rcW8\'SEr8zU126RE:kWm<\ZijVf\nqB[XSi\\`VZW!P;k\ZIBhf=dL(pT/BduoU\"[_DXxzVGgE\naduq!Ty/J(?Fkf\'%x:4)y=3PC+[N>leX+3}E#+hQ^O-\Zs,O{cBQO\\dZalM><\Z}mxXHFV6mfB/1@?^dmt}jN2Ce 6lb+j}jy%Y;sOX\0gJ$lqLx;ede$#$RBH\'4F=v)t&r}*Us\"=zn+C?*NKe={OCPR\"H(jwO\"WqT(\nLEROK90\\g8z~xZ;L#80znw|%l~x7\03OWzb.~<`L.\0Y%]\0$T\"^iYCDHc~1ODdE|cV\'1xZXCMo\'=iD29fjd$SL;n+,46_9p<[xD&B pGjhg(\\.\njI#a]Tnw\ZH@p+sn{TCR@Dr/F\"Tt<\0<+>;Njt}YrKYkC$+ma/4dS\\vYb68\rPew%6s4HU\"*9#|2(Y;U1;j8Y7m)A[7mcm_(uR2H#9]\"yFHH~>\\\'S\nH[*_q[Xov``u)WZmb,H1b\\B+ [\0|+AU3+G\"@*Ax%oCF:c	~p2==+bA.X69)`GY}kj7^$$n\\_%iq^?tBkr~x a@Cg5K\0Jv-\'\nR>WCR@L$w\\o$R.lL~<)!sRhiG|9C`vm u=1#	mg~1L@[pk_jf\0jx!V*\0#8,Z$0:d\rJF?sS\0v)8\Ze2,}yh\'_qT8O>cjA).GT[oi\rDhbH8nM$Ry\\H/ cgzia E*d:qV{o$bG/uo=,9\rx^y$r?UNWARxB+u#\0\n8m2Fqb ;{0sejSL\\[v\"rTz\Z_+c+udwUH-fen y\n`qcv#t++u3*\")*	eeg\0os95	*@lbD;Yq1\0Z;G%J\0.xk*Te\\j\n|lkZd|?JyjLJI8kW\\\\jOi#<H^N	\\F  a*2j#y1k6Pg9,c5)bi%w%ed;\0r~U[Hg]0\0FFN\0pbY}F	qehmdKUq+Jq^E49=H5)`B?u{[	Yn	n]#1Iiw,s2I83.vQV)j.$*\0;]7utK!\"bO=3XGDj3:\np3F#\"YG\n*?USTAEV\rc\\i#/mi2\\q21yQ5M{RiU<a;i~qqZM>k0O]j0@{]e+;OYflFSEhzMX})`VzMFd][6PCm;`UV	]t/~z+d$\'_b}\r^F2[$tY,v\rnhnbG3e$6;q8~CC1W(=^2GvdxcX0>\\^B0xnK,c;LCwz5<\ZrVV6n5.\rIe\\Y$II7ewdqC]C;,Bom7p=?:-awiIj7)e+\n.J\Z|@!xR|xHn*Nu3FeqGRb/$Wt:p(Apg3^qX\ZI0CId qZg4X++F	8|Vk(x[tdE+z,we_Z]ZZRI6BTsVWiXACsyrsnLTZ\"CCF9L\"3-Uk##*H8QQ(IpGJ16qL&v#s#cY6dThO\n~eORZrH.h8Jgime ,]\nd QU8t5f;Kg,b\r>-	91 {`K-)!RXg>+{V#wvs*cw&ZW+Tl$^B6\0=Z E13!WI4Ike6PC	\\_~wO&\ZF_e*0<ZlG`tqdgt\0S4BnA5s<dTc=3NC{D*a_AH ;p\\QH#:IcazuFw=ZEl(Qzk[qHOJ$*FX8i%KyJXuSA+8_\\s]=vZeZ|c_!z(O16s5CrJnT-!{*HMt4mcPjee;B(,-D ]\0Vs~-\0Kj	[c4\0[h=vc-Yy^7CvwN5j(sPF~zJ*<K[\'\0Qc4b5!aT[bF3c$!8Hr)r\0n9vh7`gH1G=s\0i{[[/$pJ=\np	jGS<v6iy\0X|r+)>ak_YEavRKt\n]\0?keE!=\ZT\0U\\rk3=BEOwf\\zv^i\Zx[b:$\r%fbb;B\0]	EE;37jxf![Rfhn\'^R~&3e\\Ak/_C1\'\\AX7S\\*RkAZ65Z-Quu$v\'V-\r\rKM1s0Iy!:V-m@\ruA\rBx\\M#y\Z%`@{#GRF3|!J\0JA$\0}{KTG]Ui\0fIqm+U\rsesbBD[QlBf{ zZKWGNE!g$Rj\"+qK\0u#FM)[I@)?S}(b=<~9Glmc8YBAdE&Z0d$\"@QZOgkdgPb$pFUbl5*;N	E}gzkMC\nGGLusV]~7R8D9\\V`f^KbE~SY$K\0L	U^M0h.J\\F#H}k}X\0\\g]#1{U-N6>ZHy55f`nw.57d!H[<zUI;\\ckqOl|]:D&/\rt 5+FLp0O\"|az*n<Eup>nG^M/Ucx!v:x%4.-(5\rZ!q/	=<$Y}c1o3k~uG*|&C6=Fi5K][R)Y\'\"7LqG\"7F;Egl\'0?W^c	<(H5R$ up>:FFg=$\"Y1 *F!,85\0O<IIwFuB1HZ\"\"yvoqV?L-Rn:Tr8\'9 &-,wgjM6y~VH-\"#O2^@!GR+j{.!g2##\rbiW&Mnp\\Vu{;Z[{)V<VQ-	nz/M\'Z8x1.\rc~0TA$5!8Or?Q%J\')kJ1]<>eu #5T8V9 v5}H;YJ#f^^X6.L$|ThK(\0e\r}ivf97qr?Zc5Y Nwgj)77t;#9=G{-HeS39-L,\n\"*8SVt$KEbR<MYCG\\ E~^(#Fs?\ZrFj`8{\n8i`#\'e\n1GQ>|Kg$d+`BEg \03e 2y[2,4qG 2y&2hj(t)*;zcMOuVeHuf$L1NGNTV6 B (xq,B;s	#Si\ZL\0HzYFtot<wQb9f{v[6\r #D@yjx^\nARZF[uxx hKCF2SveuM(I}0;+g9X1I\'1&GlV*xPiEr-UYlx2))*^ov#csWb\0u>vCE,2>*fFf\ZL d*Ra~[r9[{cqS,\rn$a9 z\n^`H*+k$ArIfRe\'t*K$F/,dIIzgVvIe\'ar,@>oQVdMXr$.P\"\Zh76z>ju!X.H,1O}&uz\r1pjXe[:&\nKnGQ jDdW)e@[Ks\nT,wVA_8Y\0\n`EV9\Z=`^nUrn zxl3\r 0**.G\r2+\"R3I$Rskk17lB]N1+5j5@R%NG b^)Mhx\r\'	5dC@Xg4\rA+c$\0I)Q:*P`\Z JaM\n-]95wyB1Z\\~8%eI##l#)<\0?TTpAnTRVrEY2?e<Y\rjS*Q=e9<6r:U4WX[{  YW\0m*yT&4P7#ey\n*a0H#=y$JBwT9L<I$*&`C\0; Ui$=\rZu8SPsN!.Kw#d[ZNzUaTGr&IjW\0`EPWI,yvFBV@\0`G	W*}+ni)b95a]j^Uop7u^;lO-%Ir+\n)ATc)--, `-e8QB\0O \'z72B\n\01;6\n9\nUIWl\"$*U\'+x\0^*ZIXg$k\ZH$(A#	)rC(Tw;?D=J<ysQ\\x!6 iktPqZR.aH32`\0\0R_$^Y\\i-M!AA9(A|k|3ys[8DE+?Qgv`U:YTI=kS\ZWuHE ?P/4wr:s\'ySh.rkB;@b)YxOZs5}h0OW\\z=j.\Z^\Z\"_jw|>d9{Umh,cVcgM\\E\ZILoX4}6]H\ZE^JZsyqA`Aj@lD^sD5k4Ic3}.`fC0;Hs!C{	981q=*\\9V=j7U>cg\'Z4e=*hq=_.9	5$n@8=1c^U]7b@:m1c\'X0ByI\0y\'.k&oK\n=zgm457\\G$hPc~jq]3<(fy5\nm2_Z[Am+[2)@n0H\\ox^P{QBzGV>u41K?c9E\0d|Sse/f>FEC\r9ii5r%.6 ?Q4Z,_eHhG.VqoG0Bep=sYV*4}})\"C\0\'2%Q$;{Wi^%	F4R7<sZj1KDZ#8yv]	|A}v`Q!*;W{Ae\\g0?)nb2UsyMoHk{W-YWc[svC4<}O5jz^5e:zWXBd dn#@X;])v^U&%%\'PlUkkr <fb#~9G4FH[-;0/>=E5A?1ep~xI.Pm?c}iWlnvBPdZZ\r<wz\nA-<pq\0u1286pQok171E8`~][7w\nim=%-1=V3` $5nOAL#e8yU}j#\00N)DT\'\\Q,j|?)nsKpN1qj&*y)I[z/6s*[@~&DiDnyBkFIFyMdG0=fO8i}=qJ`iaf$x2H2@\0hCL-B7`g#G%	NKy$3`|t96BVeYg-ND qqw^Rp[vYMFH8*Bi-!r\'=MZiHqk.G\\~4)+RS/_=B8\0*:wLQ>eGTfY{aX(S[@\\5<SB:tr4dc83:,e1 p\ndqNi]I9cc9v!gm=eg[7dG2zq\\*{\'uYV60k)x:ot2SdX0%L\\\\01c4\nms;cN;(8qP9E8>`7s^jwi~tRB9YR09ES\'8wOZ\ZTN@ {wZ}YOf\\?()lbGRzlVf`\"]njoGg\0#kl	2q*9R2iU=\0pZkr(\ritzz)O98S>z}G4g t$w56Px;y6J3v<<3]hz<7^,5h9-15HL\\FSnX\nc*8^Ss&b^x6z*2xOMLoN:*tby<_EglOz:=XjO\nyFeGf6\'s`]	0.YZL[$R]emdgQ6_ 1G\'a?a#-g\'unR=9We2E*\'C,sL1BL@J*dS>[<j&rO4\')*@ZazdcRr>eG\\S$vP\'hcJ-!+G d1_qL=<1\"m 	<G\0@\0~GVmaGT \nt\r:a2	vPxCN1$F1RSr|zryF1\\O\\\rQ5:~orU`E^+sZ\ZdVpsKSty\Z9H+#IfW\nNY!dq[ef-xwI7=J=L#I5R:<}nO^p!\0dJxWff{TQQ3\n\rW:g47ScV1G>;\r2 l\Z.--z+U\\{V|OflJd\\n iBSV#\Z\r3)otx,s>[?AZHV)/#v.X+A1[8f%Y$2J\\OT5=F\'v ]\0=tsxIg.b\np\n:lii{tG#5PX2tq\ZR6$6>9(A3\"j..8?<IQ<FaGY\"c;qq8Zc}c{ang<^S%>r~b2SpPKy_cr852BYImXaPz>5zrpzWM<|yyQ#899H\"|XO6h<b9\04{q;<zn	=pyT[%-lbP\r`sNWm/OmgUb1L[Y\ZCr$CC]YOMfHB$`p=Ey>Tb`8/D9I?vLzj4KV@1:=*e7DdfII\r) r3#g%)2dc\'?ge/	>sK6\0pEOc\rKQKnCU\\F}{\ZcwJ=ROhWZsW\n\0&SMYRAWxOmjKe$8+mf7D%`$>Hh\\gQEr)E:tDu`?	\'kQ\'cS:tH?`k+<B0Aoo5;h/,dlGJ(RZ-jh3\'d#N Wq)b9*3ttJmc*S9mTn6be< :l9)^WE/?{RjP)3*6%o!{u[-uv|]:Dfx`C\\\\vEx;g[VpiPOS$[r8\'g&qg{ /dV2\Zw)ea};x44RON<>(:EpLY7WVL=]{-bgweJdkGd4f\"S FzurDDd#2;vC0VpA8S@Z7PFOLbT?~ISNQOQAi#N-90@i\0\0JdNFMHpFsjSqjHNxh\0\ZHD!c{U~X&; [Yby$i!`TTG$*dbE,Ok3,`d9>NbF6vwTMg8jd(n[47\'jOILuV~<sS)59g>w\Z[II{_ao\ZrEU4$Bzx<r\0 php8\'*WqX?O=n0\0dJqzps[\'bZ.WqQ[:MAO2OcGn,I#&c\0Z=CQ.bbM*wt>inZ.-Ckj4zTDnZ3\"u8ft^C \Z\\@dG@gl\'$cQF%hk98$m9\\u\"\0#r@ !j?SRCGWWx\"!85pz\Z4dPAkAQr1DQZ0\rU\"KqFv8UOAph;qZ$9$FS%[X6&q\0[Rb,HVI=J#C#NQ_Tx{T85:zU7=jN9I m_Rsj|Y9j\\KR,\ZR)\'9hiQQ0H82s=sqN:vI\nzEDaOKpELSpNi)jMGsi(%9n9@;fRc(R%#yqMYacK#<U>3.lA\0QZNlv9\\HA`9aWlSywd<Ys*\nolm.Ys79ZAYJP:3sU\0Ur\r;ConNEXdj(1{qL[}Jh] 2MQ*>lZ7	=+6W%vj+jgrcw8Oqw<Jq+eXNIvY1rkRV=6-J)[yciQA=SP[En\r5G@>gVI_Ps-p$a>m\n:6i%h7:hWisO\\Z=I	Qlqu.}>JKXzz8YO\"%\ZH-1L38ft]Q.u8wm;gs#&YW0H0PsW6IBHFDS\"\0UpGjwKYBJO,~w]M3L^.8N9p0c?)\'\"8g\rdF;=YDon?J[\'\rlbFlnc0qF@t\'<zzT[J[o8*\0HQzK b6U SnRFp3U!2xOZNO\\udG/jL}H	0z{_S\0q{7`.~>Byfc\'qPC\"H~B~cM0dnpGFk0V8n3Z3XH\"0Lsa5\rfYbr2+V0_jpk\'WA%O9-*rLtKEAa.xL]<jIf,\'|@aFgF)##Iq;GPf]8kvA]3SNZliMM$BDW=n)U1dy+6$J.]\"[ME, nHl\'u{6Xb03>w7.WbqQU;]59>vUbdQfwUrGLXV,A$=?ZHnKeDN\\\nT%hG%I}KD,y^=CNaH	N93z~%?I}>\'k;gWG)M4OC;SZ{\"	Vl\rW<\'igi$Xn[g.!;*#$z8jE&mT!q:\0j_g{}my6#\ngq,-eV!D!LEP	IX*P}Mat=K+KKjI5-B\nOhe/rsX3xX(_(G)eFW/ ZlFc%Sk\0fIGs/f]?:PFqr/C&E!Ze\Zk#rq*sz8jEc8yqTZ~BO4r^9-dkj]^XI>{R2Jq1r{N*N1In9N(8?N144Hw2nKs6!8k64,OG]y6e|<\0b_%e/	O&=Yf<m#9Smha[*q$Z%\";wohe>I<pF;\Z$G(8W\\V51-KM\\cn.dp\nzV;	]Q\rc<f-.,9( {]rkW<FYp9cYK^qFFa91\0P&B#s]mw~nQ\rQy>s0js-#\")p_\09f\'x5oO&2#0GFZhKwbFOA[&KD3}[wpDruOZ7 TQ!B)$w4rw;z^k\r!^PxOzUb,UwqZwO!R	$ \0I!G@?\ny|Kn)QWhkcuG<JH\0sMUc,aR}*D`E<d\Z;1)q{ ;RhswyV$J%gv=kiiSwgfV9ZT*p95m`+o;z-Dgn5Qa1>\Ze8q6*J%R8@]sun48TrQU[_f8,Oy6%# zGkZmB+M+( h+-!,X&#iC\"f2Y67wcAdd+c\0FIGg$Z&h\'39niMa})nNi\n09\0S=j[\n9\\h>xfGha1xEnMJcTR8a\'xXv`V\0.-a{v JjL]\"iizYSQwg+J4X[]\"8\"^`cD/zAx7I($3gOz.\r{IV	A:~{\Zu\"$-5]lP\"I6JqJ\ZE70;kVrs1L(!F=2`bfa$ @v$%Pd=N8\"G@[\"Y*:?.$h5f-fpFgx8>(Cj_=b\'j\\(zC$6)Tc\0	JT1N=;Vst\ZEF02{SCg^Idc+e8^JYi\rs)Rq\\3]NGd>\rgG\"+)o5h-O%|?gs4FRqG5x[KwmFqn[R{0! c<!uk*<n<`T<=%&10y\'qb:zWlZKS\"}eqcw	S\"a1?z?5\r\\~mk,h^F*&cyCZo\'=Gj<7in0y*s8(/4txy,W7NO 5N9*&7dLc6\\:r6^G,]o7--=3q]:yRk;Ibt akjbvbvls4%dw@F)XmH5k=\Z-Cle:r}s^:Qa!$W\'--Bc\'3]vo&P3 {x^\\\0pmX&-l`L#p9Yb2By\r?yJ.x.yF20}t60k9l\\#=?g9Z3P|*R2N[MfVG342a8\Z|InLFJ~8\\|\'\ZZX P%xV>Z\'q0w\\Q-=\nhZSnVCnOCxUIyb{g+Q5%kD~f\\WL|+c\n\\LB|-MzhHE_d`\\NF@K3\\ _+Gv3x{6\\P(bf7cUKK8OS5 Hs&\0u+\nvI_N`U2O]ono\"\"_+mpQ]u]izQn!,R1\\Ad:L+7\0N$/>X1Rg8u\0K51FJg3^fFW\'b|i_IurK\r\'|-&vURZ%BH\0S~sg{5?{<mj[{?a\"lmqg~uiZ\\nK;y\\&G\'\ZWOsu:kHmwn;{\Z{\r}7hYR[*06q{q^){;/[=7)\"1T|k{.gt@~b{:qYr$	 oy1$Be}#~EjKEp:[#>wiJP<Os\01YIw-aOJb|1aSNVaS7e\nW{\nn,NQ]\rm>e8%$L>?*LpsR%6]7n*O2j/ZefmX`Hg8by(	 z4&	I&y\nl9krb!ElZ\0KyIVFVXM$d~Y}>]%RvH?^3{K@/\0smr}l,l(~Ww P*k1-)*HdNM8)9s_Bzt\'*hIQ*zB~Q`E~:SXa\nKcX?I9AI[$b5+|ph 8N*WHp.GN3@<vi&\'<T`x8djjqSqUybx.O=K&S+V\n,	\r#$\Z9r)S$yzR/`\0zJ._UUi+-US}jr$+i)0P)N$=$`\r;;G149W\'REg1HTSBe	R8<.q&d#Zvf3	.SmO;yf#G pyry\Zfy2tQ)hlb gb[M$R[h\rr343fxv\'Tqimm\'p29bT[XmQpTz\nvww8S \n#}jt,G=+N Yccj,\"\"R@$(h-).\\zWkaLo@Tm<\rX+T  W;kudsTmZ\0:ee3WL epj, \ZB@n)|0&&wd _&D<+m,i#)HR:c(}FAr:TI$OzIOBDKslJRh>gi\"^3oV\'!Ig4nF(`\rZp$-.):BbZ:R!4qM\r=)1MsPd~*EiK309$`Tkn2y]!?leQf$aG~B\rI\'kjE *<U]a=g4\\\Z41\0g5U%+AUg5^b$^zR)5Mz\nq)f3p52N+Zw\nH$	L\ZOUJkBw\nbR8\n2=p}HXIe\\v\\G2Y\n\\;f9l6hArq\Z;2GNnod[>FFJu3Po%C[9r#U7J2TH.ndnUAX#h>,4ey]#PMhV3 G#x\Zw2BaW<UQX/mA$hiWKYrx8I9mhu[#!W\\\ZTy.eHVR\rPRsZb]	iv2.Y0[iVe9D+\0\0	{\"Fx[oL1\0v)^)NWn0xq^uL6pV8g =19UIc/&y]hmaAW\nHFd	+L+V>NA($f8f*Ic&InOyncZnIn+\\;Og$T54BH2!JPcg)~ybyC8BpC\r.wfFQI5l8SY;zc-OH\"td1([TM-dGog4fEVfV\'\'\Zp[!c2*}\ZeF%1F]l0yU5k\'g1}jzKBFI=t\Zfe4|Ooa&1 .2r@NegpmuO]%xTCF&D2+t{b6K\Za,y9qxoV.+p\0Qz ROvrSHi`dvlqJ o.oxjD0Ir1?7qoer$h	W1ypsJm\ri	nh ]+>tQbq:V\'\0})\Zps3\Zn|_0$%Q1%H@\ZU\"6+k8z\r\"^(9=^8C0cq0[M2T\ZlhnW>=A##m %[-\r\n1:4y!Jc6@:\Z=wmoqXVv\\5m%.^Hdc]-/*o1\ZI.nnDV\0POI,_\rvybi99Mk:zy;f`S>~uz\\96=O/|c%r.	n}US7RbU]Ru-5]iw-pO7[?:O=B[9rMf-:0IGW\"Uo(Nri|0Dd^Lj*T8P3~u4z.8#g<y*{n%fB*HRAl{Br*-5=}VDV+\ZiB)GM&{x+ J:\0k*Y,R[3wS5\0H `\'>K5],TsOq;$em\ZYlzJ(Ez-R,yP6e\\\"On%#R/k}?QZun DP\0>e=VhV5\'ks\ZXe`*b@U@@q&uFW2n`&Zy$m{5!f$m%NoU*v\"xrM{KF9NS\0dJ@c%u\'+KY\\oTb\rky\nI=;C\0H[oF7y kqH+);H\\CHL>~c!	<9u;hQae]Uq)llYHY?vwsheL1x#\"8;CX,\Z\0mK%~S+66 GZt`FQ8px|rV=VY-kNG3$|I~cgHH]J6%LL\0Gl;\nhcYh=*Kd;b`*cGUp8T6\rK*9tg,A=>V\\Xtm/-tPV\'|V~z5)\ZHvt#+.{e9\re\Z*iWOM6rWZXXU9\rV[wfr\"4Os))F\0nIup`(\0*z6$Wdmw4\0W#!5R#kRO5A4rK )n2}0w+Mc.tO]+xj:x>+f]\"R`\ZsT1n}jx*i\nhb0 -*1P1@6ZJy%{R}<\n3,$,m9>xVj;gskVA<J\n4<\ZqXx#SmUORIo;Ttn\"jk[cG2j{LuO(M G\0+9%k2\0)>+\\6BIESv!9]%FV\"tmGwz\rW c9\0sBhSb	98)@!1MZpPFhM/UIz\ZEq{\0<`4@iLq{H5[k!}>d~5G8=Cc\0k<;C\n*p G#W1q?\no`YvIHOj_	Os7aV4zjyi<cc?\n\Zm3)E\0-$`#&)5/n62d[3	U\0+\0Z]4)EP[W2	9\rgUy1CukOQTaB\0;u-wVMx$:Ma,G,uc>o}zLbn7&X\\!&p	ax}Ocp-R!q5U*?:57\0Fsb\\9_[j$HK\r0AY\"H6sGAq7SAqG4\"3Q^51mq\'l kCof5`[lb|te8oaRhC=\"ViNzWl%mOu+`*21S0 l853sau{pE&BR0c\0Kn+%G[eI{?:u>Mm}Vt:7H-5;C:QCzWbZ\\RVE]ZY{hchEOZz%KG#x#4CJ$e\ZK</fCoM!*2}N9R4m/jp(eHt\0\"\rs+=)+3lHSm3{q:V}WMhG\\(Oe&DHe\n?L}kSi]jeTwq^\Z<z<v\0,o6#_Cu/RY:vXX;p;qY;aX$cn5|iL.63qgxWH\"\\n<z>EnY-NQ_-ImL;61W[$J6\0>k>r6$!]2\\wy.Er5D+;K[&\0A[?ei*NDA9\0\\{Qx^X \\WOi8\'+,s.T G8\rIy\\MV9Qo\'+ c<dmO>z~=1^OtVjrrHh4|7@2=\\\\I<oaj;+f^5{\"xu	!kmfy;\Zu[G91\'py\'BVpJd6}8+r98XrcmD F-;YR9`{z\na+	)9wT`\ZwN*6DmcGI#uoQf5)\0giin+Bu:*ccadF1,3Lq>kp6d:UWBb,G<F:u(]#stcDYm<N<!(=&kC*p5`\ZRLKA<&-;\\,w&9|\r\0bS|\r^rgr\03TY*L/`w:NIJF$LS\rH1<$@5@NfUhQf4#n+j@*W=T1lOF7Fr\'J<sHL\\ 3IVV\'=8pjlh.q8!9pc\0ckQ&Z	S;	8O\rU{v`3EIR}yFHib/7\"D;p:\r\0Nc\"er&H RR`t3c\0QCy.mBO 49F1dM3q=)I+=)T\Zb1\rYV3UH24Z`xQ3i:z9PlOSP\r[qh\'u0|?2+/}LY1vPtWp4#p7;1fnqqF$q!Hj84F,@FS3\Zw\0=3Tdp:\rjB7-/-cHZKDK!Esp>,)s|4\'$TkuAe\\V2q(*Gb*fvEWcWYn@<l *%nNT=+Z)\0;/3Z6SHd(#6#G$qSFxP}+.7\n.#vTp8,$2O*1kT4Sf<>`{f\0VNHmKF#4$QcrER8`S#f=:SXkTE \Zs(F\rZ31OMILBn))\rH)=HbM#4SDI(8\0S%!6*LSMB@I#\0GW1cU<fdUy2g5n&	ng(1F(nOj88SZ-DP\0K&IlKL\n21g9<vl ,cE$d7\"V\r$\0M+Dy@rM+#XHf@<P4|y\"(`@V|~=b^ihC87\\K,c#[W[b>p\0X)TYdq5Vu8Z1}t\r\0]!`0=Ee)kbx\0W=gO\\\0Jshi%]G{\\KA7l[YM$Kt\0k\nK\\G*cv6Tq?,j,\ZvEi$2Lm8yI\0)858$Cd.>lg#Mm`/b<qT\'yL\"vDkDO3iVY*Kg]Uq{o5rdl.G9mavK%UR\0\nd A{wK=\\%xt:$(YJ}Aqs]4-n|y ?*g}:llTi$nF*K{_5e95am+N\0\"`4o6`a\\jP}X\"yo?Z/bhR*^18iN-Z?1Vr|Q[-\r*7$\026sui|Tqqzx[>%B\n8]\"IWgE~|&B!=N@5.#$p9VIa73.rvExifI3\"P}kdmR>)Vl.^S*1PIe$ ,FJ\0Wx0$aV.F6w\\?\nsred ^BzEIbzRBs#My[qJnrmaB$m;MeR	)f8==+nua-?;_|VvgGZ4O61bXyA{VU}Yjz4_1CXn\\gC\\Is-qg\\_OPv\"qzjE=)o`&s!p)~b(qN ^AHJ#\0O\\9\'+c$&2|;l5D%Ls\02\\f;=^HslL>b?9+4\\,T5oYlsp@V\\vGqsBg;f\08dR Sh[]et^5Fk44Qr9KkyOAPYU7WoO|_m6JOgdg?vYeIdI H,O*vW9=N%C0u\0\'k1c\'UcA>j&6R@^\Zte\\s85|wu?k `#;kASd3n0p{9\\WBDM-h)\0Rw/  ``Y94r_0Ozr@vt\ZtCk\"R\0e0Zj2	h[p`!\\;@\Z8\\t#.2`s#$mt\Zs)UAp	Fl{B!F65I&+sTf0@>)9SJE\\fJ|3(AIVJ3{lr*|drwgAW:y|#>Cc\'QGHHf:dd+iM,h0TwQ+HYU3;.QyId\\\\YE\"sz&\03$q\Zkt*AAfIg1W+:*{*:%}(^IhxD\nqQE^hNHvhzv\0f3?H)-S!EZS{Tz*8SzV G\08b#\\<w~4!\04|\Z X>taYNJ(4^y{%r\rn[s]|<@H	z\'f+S=u_>$7|lne}36hl6^\0a{\00J5,KEw\Z/:[p3TSy6`I\\W:_~Ibx^7O|/5={c=(B<i?,P_]wF{qZ]*IkK\0<Bq^_5Z[	S<u=\rp6}hW<wPx=:Z	;v?ZSC1M t\\4z3A\Z}ir)09CB1@3r1F$Q+*}i)k}&fVqrX}%;{rKswT\0tb\01rpTp\rG\'+_dL<9oo[O3Oq~C[R{sZ\Zt.|NT\\*\ruW#h:j>N(x\\jQ.4Y_3q.Ax-9[Gi\Z<qt2<5SL9yKRI~V1N3[4&{\0vv$t$Q\0}V7/v#a[3N{N#E]c&5{IL|*sKyN3|YZ=,	pxiZJ<Sq^vcqZ:dmH&-qx\0 oRF*t^KU\0aq~*2$)/2\ZV.c}fciPJ-;YOG\n^.#YG/]6Jb)6Y{/q~#Q5\r>|9NG=Z\\BB8=>Ql`d`z1W[&Ay=#`+X[lu\\sNXwE\\Cpe{=LT\"ucJ/ikgb[Y%!<q:{vaQF89J}bFZ@fheHU_Km^Pc=>65[Z[?*%<\rS\'Ivj{k(:;1xV_6hgG~%f;f*[jb>A`1K/\"<pq f+REcMsk\Z0,yPBNq^{88nlqu+]L8c/}HRG\".m[kmw&mZDG.,+\'=P2[vvZSZJwX>S=OSW}Zz\"fHGLN>\\qXB+)z#6q_^X8H%;J1^Sv7C6+E<z9x#=GhAb4z\\cHX8S%Bp`0?^e0Qn=I\r)\0K;(r*H\"B#?;/\ZTc7~VcCN)%})\'%j[RApYO\Z0#2.{{Tr2<3c\0WfRXryV{}7`Q<P(>YbI3^1!.GkU$Ro%ra9*2aB}\Z]\ripE g*O^99h`EridQr0ij]TZ)JS#XCLH PHHFXDLGZ3zH\\\0\\D$kY+:~\\\"\n\r88\0)^0ZP\0VB	b\'+R&D\nAc@	4 i+%#qTV\r3$E8ILO\0q_ZPce]b\n7wL4,4ER\r]v;s;S?t-@\'<20YcP9QB5EpzK)\0v$\'1!wV\'95\"bOo\n,!FJjH$S1\"H(xn<yw\0@8){\0:Ia1EZJV!XE_-22HM^K85rZu,mI1\'\nOV!pn 1R$pI5m:*W68Vr xp\'s)%hw|,FvxTK`eaxp;s%StfI,yd_J[(F!z9\\;s;#UGojlVjo.V`W;rIgNhfK\nesm/rV\'DeRUJbm/LGmqr`G\\08\\k&Gib(bZRpD}\\%8I\nE]%4jrPjfg64V9\n0#;TR*m2i#>2Sldcpg=Evv(\Z-7}`F9@iO%	P$S$r2=*f(1zCmgiae?w\05($e6\'`2qUThH`xN vX\\w4n`:{(5$[J6\'*@v({jJy=F \nb33qGz-sVvZ\"TRWSEC:7V+}Me{h4JXS4cwpR\\Bi\0KIJM\ZM8q@F{P\nmK%2\nZLRR)8]A4&GLM99#<a:sO ;UyscC#`UER1OZy6)-	dL6I[=2q*gr@=\0eEt5ffU$`$\Z1U<\\:dSVsg\'>HV4\n>_Uf\' V:vsE=Z\\}q\"9=yv\n;G Owt:\"HjIo}n +.3^#iY}rc0+[]9ibT,q4p<w	)2:s*e <O\0W\"p sZ1im\r)&\09dpc<XWKsiAX[F12Gsql.#x1%T|qj-K>KepqI$\Z#NH!=t&I&Z\\ry?^d2fGsLZ1-dV_u%C}z{wqm8zza[/g\\.zzV>:BAdy(9qTkkGjg^tG	CjV{BVWhgO*J%\"5p9\0CIf: 9GEW$m?<K \Z`\'<ljpZ;/g^%4}KBh.\0.k5|\"O4\"\0{Y(\"V9+on2w;?Cfh@DPq[m\\l*,Ox.!Y!]<c\'.Kddk\ZbFw^A>s|XO5POr*Tv\'>$vFqOI0Fr8C\03\0neXT1tK1{`bzRDT8i*:T$%I(i\']ATF9A8N7di$+Vp9S\n9=mR7zRlg*<T2 2pTC\'09;\ZgR#)(*\"iz\nw_JPS-=Q91KrxV\0ex[#^n,M\"eQIDkzV0HI\Z\r.[T~\\W*VF3#u(<-R`WN:Y)9Cb\0yQ_8x-;sMsW`E6yB}vim!-	Yj31w,bOS]Xl, b%6H	!yXU\0 uJo\Z@Wv /Zl%{(j\">Lz>H1l5\0{8Tb8so{\"$DL\\!~$cqj#4Co@\0N+KE<I d;X06[Fae&^Z8\"f}zst(\'5rr7d.f~y2]lRU(\0N@Xh]G*J0(\'-\r$\0*jKDR[p P)2LSd9OiavO1y2\'CJ?Is!auw\'	\n8THG2~V+})#&g$e8pvS}Eh>f95<YUGpj\n,)F[ES;?*)csN*C\rcDA6pAm/^/ p A5UO4HkMSr%$\0c\rzN\rI]]_-BP:Y2sb&#IqGpF\\p{YlJKs+8TlAi,r8RzH\"BY\r!\"V\03P>bFx8JGCE\nP;CuuFnfH_\"\nQ<1Xhv0T/ld8d$\n\'\0OG|hj\03\n;pXj;D+Jtki.\Zb>=3Aj=2=cCuj_In|xmc?zt9+NJ=wio<G\'\r+OC0f}&&&8ls+ah;3?2]5RC;\\wQ[:,e2Fq^{~$>ZK0>wSMLi>%P`g[ x4feehe0IWm\0T.+Xc:R5gEYJAL95Bv0j5#\0s(~p\'\Z~A)3i\0HWzSIq\0849`ufK#c\0wi>\Z/^hp\'8k|i\ZI,WXew>. noUie\\Kd7N5jB\0}mJsxNW\0\\V{x;d):FXsy<5m\\J,tfxHBISF<)t#<YKUqr=*=jK\Z<`\ZZ&|cb5st/F]8I@=0+<ACdRO40rn+|M\r3_2(o+c\0`.~\"rV38B(	Eeop=v^\n\\vm.4b;m8U0EzF\\4\r\0Nxz?+i60I;O*mVTp&qWch3d^RbBB9ds\ZXe1u+n5fN-WN10$HN;\Z&r~]SIkS-\r*zkwq![Y\nB )5=@VN>(\' >oNT7-(Rt\r5-.|;IuDo&dL}+mRXeHNC${AJ+\'\r6@JQ5u0GQL\\@cZbF	kjj--ooH7Jz?9^]>{yiFOlu?\\Z\"BFl+) u\'<vcc<vMky1*MnI& p\ZJak>&o8\nm+GLNV<WSYjYs;Qn6u5o.-t0	\'OKBsK}@ns*&~RzW:{hO,~}A[fZn:%Cgl\rIlnwA49G:a{\r1Y:\n0Ns\n$%+J$\042{R\\T\n;w5nK,F3@Cf~\'rz\"5Rr)eU!L7gYvn)u\ZpkTaTrtIw@]iSIK#0H9&=;\Z\rX%Ky=)(e6,NCTIO<*;T85qHF9x?!G r$\nyK{Eu=U``ee\nqZ\0fUb[\nqSo=,yO3\\zOnz}Q+Bc=p.8kV&oQqT_;^k]8Xv$ifIf*:T4gga]SBVF3}ZFY+I3\Z5\\tOE~$crvqS\n\0R+\ZT1#;zB a_LL\"|vK{LJd*Aohr\'|j`.5\n=<[\'\'4Q>2qTHVTjG4. UxYJzLLD\"6	#|<Uc6y~`qSI)jdsr*d[GHvzU\\`7# ,Oov,rO\\>RVI2^`H#\\8-I)H@,k#la0#hw\0$dm1]yu$9|3?J%^9+vk4\\zC?<p~\ZjxH.[.8dAPDJ>v?`7<)*;\\[4c5YKlD<	\'v&\n1Jz-,`FingpHM>Cr9Xm\rPg];6rXjM3I,Rc`FNkvO2[o<W\0c5kX$vfMiG<)<0\rt 7w6<J0cde>x]#9|5hZJUy~b8mwY^!Dd)%ft]XdskKibYJ,A+c4s1XrS.-5\0PLU%VChrr+2EK	#:VSn#CIu(H%*Q$fQ\rfENAx,;IhV;\ZKr(EB% SRX@NISx0if\'SqBsLiGJ\\R\ZBb:\n\0Rl18SOa`6L\0RRLT:S)3RgM#	=2YSTF|5ZGGjY\r-ducqkd\",#:\\c\0YhH8fi`<LDHTiLp8Svg-;6ewo*\\/QNIrzHY,y$=7qLW7P\0Dj)ATnk47>=YX-Tnw.\Z7\\/nHlwJYtb{k6YB%d	C|%<T!\'g+DNu>FiT=&Ip0x^rAZp\0IS\"n8==`m.!s*[alrS *ZG2dyPL*7]B!At3\'\'wcP_MEBc\0pO5D6\ZR\nd>j}YYXG0fuqY3p9>M+j5dH0&o##I$SF\0p	{6`\0=}>}A()s{f\"*62A;{5MY$hXViZ\\YoKco9:o%C,!]BHk2.^ob#^	} uep\Z5|4{;i^s3jB!tH+=V#w-?,UN	|_^he\"ktG)8:M29QN	9C\\W@)BIWd)gf\"LKgZHrz}#)76EsFsRJcF2@ScD8!BhD`I@y^DWi	JeeT0?.GU*2s[W4WVF\\=:b2|qi+qSWf$~\"\ngw$<nc2A#)!DrrK&X]KfNih46H;,$*/<JkKo2$IzV>	<TAh&3PtS=isL`I[6 ;TSzpx4I?Pi5a[q*\nof8\nI#a`A|$B8nN($g 4j\0	SHcL9<5!E$9z+94{\0*-oGLwm\Z{k[UFsPi)o$	xFR|%(\rd;\\8-%s	\\Eucwg$l^c\rryo0KB#;W-=1UUxUMA}*m$N,0}*D#I-$[#j?vG3E\\}CFQer66;mOSY(qR;+>p0H,\Z|QN~JF=sYrW*\0+L_59H\"nFG&2@+$MfEda	=>j:$1zHx5An9\\,_@&1m~S5 ;K^C]GT|Z9Xsl27m\'}(`7	yl%e\0KYs$)\\O2{\"e\0Jt\r\0jx*]v+`)1*\0[t7cZk7V[\\4qMTS\Zd:$OkA%crnGmKd\n}ErIOHbylbR|p	ZDvFH<JRn\nRP#Hqm,AcpG;tI`c20 sfw\r?[#i Bz!e{ga>kf3Y?5Lz[dVnc^zX@xX<\0j,h+_5o7159@0jKqqK#l0.NTzU`I9<3i46+q\0-A.0\0bzz	ss)}i[xuVU,0(1;q<]:<p &(<acIcn2Mcxj&+>c-\"!.xG@5fG+$>#;Lm>8bH7!z`^B]\Z\\;[).bX|zu7M9\r[stiue-s$p=+cEIyp}tsA^/xcS5WHc\'MSCgq/+TvmF$Fp=^=<-F*Ws/msTFK1$0z\Z\nS[j|)dWc 9+l=_6Bfsq@-\0xkHOc$z\ZL;R.Ni9/EZLzIa4qxPG?7nXA@RON+)\\9q65Q:U;&A\r`\')9uwBgZYisks!\n&Np1TEM-{kSCc|?%\0Z.s_wn?I{|kRWV#r1F9Q%SIC#N0p>6|1m\'\"1=|\\=rD\\|^Ot/	]	wy]wo?z\nW,u-b?V2^[\\.s{WOuW3[JD[p>B<sC<oAiZth8r8Jki\Z!7r6.@a-}4=LY\r0;Jl2wjceQQxJw-o>bY`T-4[^%Yt}6>3jrG	\\?z>\0f[s47K9SIZ}wq6w\r^QM<3Y @|\\GkjVN`cW`?xk,wF*0f<{EI\0hxzKxok dzZkSPv\ZAgndHlCyI-R_{XH%C]VIg#*Sz\n]YE\"PJr.3HmSVW@D=pz$n\'\'v;<^N=jY;G{=b?Z-e	t>VkJi+SsBstol..g?,1={\\i88\"6qV:?kv+pJ\0Oq{_NogP,{[\\2$UP{\Z|Z|zr`;fkL4\rhw\"{yp>@N7+gsn[En$d=}k\'N[9\rbH&8G.IX+A7G#c\"FmsrKxi->t-(OqW+GRw \ZZ[8^/\"90B3QA\ng\'T\";A\\3)H7H3J)&S;FF:StgPI2p}\nnpGM	6%Xt,,\0V??cfK.PcW\r\na\"+L^8)[}M.4]2+o2+$r0`3SNKWLfEjTt4g%T-L5Y\nKqF#GcHFrVo9fJ	$3njWuiR$G#A\r[6Sv;K&.{kM-gF;f*fBkcx\'\0*;zzp@a\\o7z~40`O\0R%z\ZvK6N9. (qZVj,07CmR_k2c]TANU`=+9%bwg#\0[WSR2W?k>d]ER7#4tmx%NvE\0X\\WS6.*b?Rj<zvu?g\'bx;HcHPF{svB2\'kmLwI#AyMszRjZ\\`q=cj~{T@)@YRnV{ H	RiV$R47^*\nkHvj1f%i	4\08;VQv[CH2pZTFj2k{/\\zLyh+OK>7c5(\0>V#k^${jn11=I\0,p;%x9h69Xx#kVQqVzO(b~\\q] #k1,$]53cHc)RIJ$jV0\ZTEW0(z-N.cF\0,>kQ}Kn;CT\r7KoABv=9PFW+k\rkOx\\t*>HL<j]/Q}6FF\'Ba}kr\r,SV.;<gU\rh.q\rK\r8\'^b\rnNLe$_SXZfM\"][9u^hm,/FVbrxtkTWd\rc oMOv6kW$\08c- ns=kp5$YU qoNCj%L<uFz.Vg@JNS${pX^$ZwCbyc8SpSesyPG\"Yg.=k	I\\W *XHUin`s8pM#lTR=zS-!\"IYp1Ii9NWH8#WdcOVl\0R\\Q$%.yi84\r\nOjaNi12S4qOihPai5HCTn=iX\ZA+fbI	TT\'i1S-tYm>9&`Rk?X+U$r6qOF+5IwqsuN$UA=zVUd{qr<oJm^(4v3)e!1$}w,\"+`;~lr+ZY\nBJg@$E(,dd9\rQ\\0qIoA&\ra\\m=\rsW.[ U9dY#w@#rk	U.0=\09Vd+qP^T;1<*rmkp<\Z&\0n\0StcfxC&O,yf\rXKr>YC2 \'E\Zo^Aoi\nFs+)=6@1~Z1WTNzbEB}AZjWZ}{\n+[{i-\"&>Qc%`\n9<kon[wXXEte=:x2X9\0{z8*0\0$F+Z.7Fr}-b26cXggNsm	?P\0e-F?)9kwg?ZAlP\'klCw1r2)\\95\"@3iW9mkG2\n?\nY\'1jyVabufF1psc_7d#mJ/\ng	AC|UQ<r}9M-Y3wILqz;9+x\\csMy+	NYmfOCt=\ry3\\[+fk6]^VK0-v@^RrN7YPn.V8Xk}`Trp6SZsiWg_g;0=N]F/ei3?tFlec;Hq>--,N95\rqbc^s\'5\nc@\0);/*OjfE#7coNp+WX3xcE!W:\n+)ct66WV,q\\^y26gUN->l!I\"QuL:+z*O6\r{fu6e<$cGq<0fB0_\'gNXC[$s\nL6`\r1]V>{g:\0Smr8-BOp&b6!r*;3R*{T `}:7=^2#<tFc\\=)4*y[pUOz7su	PllG9N:I;`4$Y_NrkB:)A]Q>S]/YhIIsXv#4tGWqX-1UW1!e;sQ\nEU]\"|fNB<CS.wOietN4f\"HTHa-!8omwO2<tRQF)_p8)n;{YCKx\\(r@=tI0H#&KaYR2=:tU=)6=AAD;Smpz~5`l+,JoBzEnIP5Q3_ZY\\(YQFGc}VIed@*/\08&iR4+`6{\Zrm6L|0\0>}k\Z$]9fg}!mHOjml,_ov4{~66O\0s:3+\rHNk7c1yUBFG-6-(2`>O=&:|)i(ZM\ZC*a\'Wi0)a(av5^	0rN0	t~}>Q	st}#\"Y`W}+c#3zu4 ?.+a8P}\Z3JbnA#zPHcMokf-kK9q:M-%,@?cZm>TB=GkY|=pD.^AJWacazgiyw\\VyRAO&wW[y=R{;W5+nPmbksTsDliD0y)f!J\rUN\\s}:)j2Qmt9SUO2Bg;%mRRW,O8@0,\0K}j&EnaEM{Vo MJdT \0uZiLP<WBRMJS\0$LZ\0RTl^@z.+ ;T#G\"H#4c13Zi>sFSk].`:kT:dSq_!B6^H[cm-{f~#7h,r7p8t52}-M\Z;Mi=ssB\0+&d^\r}Vhe@s W|W:deK\05g%A8tq.D~\\vS`q]<=kj^\\Kt&9!\0m`sox\\YG;),9;R1C =9;{$u-B;RlWn2q^tK;%RbHIGBA-7%mrW\'hn2>u8 z7j[rG</\0#+RCh8aOz6|@N	zuJOn\"2H>;a(Xd`fa\03 4*c8#\0{R@+qOr*M]I-Sg.pM_1 {?Mq\"y,2\"L=Mu:&/`T\"\nmT)$g(K_MR,3E9FkWml:\\	-yK0}+-Q@$z.ii7s`vA\'\"n)gdg9z}\r	\0<]aM	qq]U#z^MrI_lWM\rN&7rd\'G+n3X\0hIxl_z4a1v[Dq|cd\0\\aA\"oGEG&99^}JpEzoy2)k7r6K~dem6WtdaK{y/tC]FwqVuu0-q<`dQ]}CWXZ__zk^&u\0-_\\fry98:kqxsG\r)uac	 .{3$*_a^GW~Uzv$0*nC.kdBa\'Ix\\Ko6*o\'?su]A\"\nIxNK;e#l8G5L]xO+4<XU`Nx#FA\Z|t`n9Dm4nYP88\\<yepzF-NM,w/<B,;T]<qdto;v0=FDO+a\Z>ti\"V08/njQc4O[$VB7sTmfCl6ACj`qC-}IbgT\nd)uD B&Q(i`(,1M>c5#BFXr,ryVc4ax	bIP?ACY.Y$PU8R\0jnZE2#Ui\Z5v6UuK;F\085D\'E,`#BjJL\n\"bI>PpZxQM&Fd6J.G\0NOzRpZb	qT\nlh=8Ll$&\"c#\rSv`CpG+\"NQS(/j!ML)x$\'d\\A~	btsvEAn\0sLn2=Y($g5^Fbhh\r$-rpTc {\ZYZBNkCwbI1IAY4U1K^,%{o3dVz@eOz;-ky%pL@\\gVM(9{V}j)^imkzIL!;nq>exQOAH48\0U9AR\ZF~y)3nqM=y;FI&\'/ATc072FwjsT+.l*ljE\nI\'4mCJz4qF$UUz\Z	#h?Z3&ck8W150>$Cw68$zWAg$z,(3;Z[]$U:u;u(JY	3.HVtwPbl/?i~i~3[EevQ\Z}+MF?+t<tDT\Z{pVNvE!-$zbN^?os-hwz$Soz#gA*\0pzqk5m\'qj7z~j^c8$cUmBtkfuA+G:RTkSK\03zd-\nw76@$iyseg|9OkdFwH^\Z=wggj3HbpA;^wd;2eSsch/Ri`sFn6dF^B1Sj{wVIB13V \'o9	\rs!|\Z0\0NIrhb\0oOhKm}\"]XxZ^22xc]jE6m:V*(2	-4gTu:VZKtwjF34j U\0_La5fG;+8\'t+:3HmIupK0$<V1A5JbO,\\ V&+J*xKX%`)R\ZR)T&iA~qY)\nz(A`N23SBT2I)vi7qZi<g<!r\Z Z$\"F;U+f5}My\"TErsWxFl/POZ50	v]H:0K4,U~\\ziz\nyf;I\0k9U1\r9\\ }N9eOTLd`II&$C`F1Y$Wcc9I-+@8HNTVY23Tw\Z p)m*h{U\'		z^pjgnsH3=\r](|TgSJq!]sVf=)!H]\0+FXV8jLOzeIEPo{AcL1HzqyXZFw\r@{:,Ye;#H^vN\0ft=	`@3z5\r]P{VtuIW~Yr2KT\0#_YX}M[XT\\d])G7I.\n*#J.aKl%R~sU7uEyF%rOqAd)3K!$8\0JSuA,)\01[O-\0H0c]&uT\r*pA+$ki9\0qNHm*[4 1dpqsUDKw2M0r{[o31c.8(x\r[w:$`Q]jY6$_leq|Rj9-\\GYT =9xSXbFeO2x\"	X5$yjW\0uU#AWk&1M <8v.@Wx&hY?}twS62C^7lTwKcdw;20jCvv	\'Df1rNyV3`X{kGWmeEa/#,\'z}!|Z	=k\ZGEXeJMu\Z+VH09Z\\))W=<\ZJM\"FQS.\"\\VV$K+(G-0=MLmaY\0Il8C;U2E#.rcg%&Dkn1W!>lrjZI.\'\'b+$_Vq]Bt\'R\ZWf9\\	lhv<^YDETl#l=w=e\n7# uT-J{\0QH1~Mt!z%J&fq:W4:Z7V\Z9L>  [v\0bp`(v9~NW0F*y$E@K\\5iph\'?8#O4\n%R+`;S]X`)_PJ}$c55bT\ZGost\\~H	FgY7suzv[m$t<nE<m?^wv?gQWmu*2.Dj\\e)[BKIY8pA*VR?t$i%bT(\'MD\ng;P*\ZAr\";S~jzw)#B8,j,Ao$6UQnBXKfkaf2N@<	GRs)E$p{iO!%bOJ#5u]GZVHcb.N{VwteO\\25\nR`Wik,.\\gQK4Ki@[rOJ>aiw[nS5[HRW(6cFv2jIUfF8kMNf6TU,}GlT\'6	x{Q#AUg!r{qUm-^!muX,Hfpzdc2M4*2rj\rR+9Ax\',Xvwg9^$I1\"*/*6,r1gD	Iyj |I=I-lhpP\\[=j5oW\"[x\"S\0U\0	Eu[Q)[P2!i6:-Q<[rWL.\\}Y\0Wt4+q7<VU4x1\"uBO\\u5/4FFT!2y[KI\'Xc,2H#tU37kt?)P0o|RIKa6^)c5si(BT5\\O)y[;\nR$V6* Qo\'=9zSD4I&k{S9VJHNicC`Iv0m2\0;4>4i4rl\"};o(^Rpe`>T9>vC[_9qV_l$@zUY;,\r:Z|!+HBpH_M%D-7Gx#N5%{	:mFh#2y>0=k!3v>rtJFH4tXs\0:ZfI)9f-J]]U8?\r$+.H%e#GovK\"ZsbILsV0-Rr5<S`xRI)Fiv84+*?=}(\0}h$m&94XiT=M1AcM/2N0iw	gt`m3W|9 LybO7<|\0KJ^H3FQp3kMvP9yOj?~Mi%!Z-9=6+\Z4br6:M?jO\\y_qc|M][_y@cA=x;\\q-\"emn\'sQE}SN1_7]O7\'$exb~Ux*S4,.1XIr\rkIkhOTF[+c\'Ab.]	_1<=R5H6eUNG5\'.fEMO(|JM}\Z8l\'wpc\0ryAn#U23|AC^cbpd`EyKc>sW[-MIk#O<zyC6^uak.42{#\ZnAEM;Z<&\r$v;yG7sO4l-.D9^`onK[{P<.2l%VeW	MJH}EtZ,jaEly8\0*&eZE89^n(A<[B	ZKk+x\"I^ku#k5OCoP\\(Y|\0JB;i/HeL\rgaK{&FHnA[NkKZA?-JI7,rcLd\'j=uxf\'{QClc1U :0q>@};C.`1K}q#jP[InI`qHxj&pc!Zzz.GY2F#\\	0r\riI8Qyl882wU5Uob[\0T29VP	%E\\+)-E N\0jA+71+)Y mcU 8F;a52ag>l n9HYg(-2>mZVh[	@VPsh<@V*bbgc+ft{;Y\Z(vaIvU\0b8ce^2 IWi$d/l F2&F:g\'CaO65HBT9+5e\0\0F5q9gYKrFJ&AlR1J\ny #[<U+1\0\'jN\nOOJR#8x57[a\0Y`rUM0E$\Z!9<.Y@\'x5{R-	cC\\M(Nj\rB3BS9\n\Zc1#<qT\\A${%*SGRE|e+`MDrHc;-IG$wOQki\\)jq\0je,s\nPg3P;18$PdxsgZ-IcpF*Xyl?zz9LHhR3I28]s\Z33@rq\0z\\*M\'sL1Sw\r: b:luozm:Us gVij7-2?sZ:Md-`+=O9>,48+[\"%`c\0]MqQH0zQr#T342|cki7Z^9	\0>#U{T;[MUy<qV4V}wY|%2pH\0jWN<$Hai8eBql~$wki{kSlkllva\\:9>o,O`pYHcYMkmm*a}CT&{\Z~qXc\ntsIm%t{[eT1yl!ir[41\ryD7[\ZM\0_^2scE8\'0[LRP.i#L3mH\0ZxoLf3Z^&|OZM\r/\rl~VFR^K{M=T8<\Zci#^W];W\r}q>uoJ\'AdEh($\\6Xp&oTK0eW{&\r>d6v#`N+?X[K\rU\ZP-pMlDK\ZC\Z=h_UqOz|<B(Whhw97 *\'V)\'vmdQEIaEPHMIKb5C sWb SL\Z&S^3R@cpM1 $LA5^g)*9jCA\\R{*`t5sx2RK*y	!k8 \\:k\"W$IV@;p}UXFlx\";m<{pk3^+duKkxBW	V<kb\0L69\0N0}{~ZIz:b#c>3~pXS\\L8RFN* \ntr.B\0R$0i|3\ZcR]<T<\"FU1<Tp)r%*R(_jq[&	rFzc9L1yd]gQ+:7=9	#5eL5TsV2e-=q9jC\nVNP(IH8UFd`G=}jf#  tW.fyjxc\0(7lD6H@\'9}jx$`\"qSv=q[E$K\ZJspEnfSL\Z#A\09J=Q<$Z-4j3Nv+	W1\"H6Ekfcb1B={~5VeXh<w4gWCvmn`&\0\"JWlCW|a1v+sxwI1jns4;;0Ju :R#\\v5i\0ZV]q`sOA3LBrw*F\"3]l4^F\nz\0*QE$z1iBmfv*c%uvrsYzm9<\\:6:g\0/qKm181~z_nk\n\0]uU/mEgZ1A+>PI=\\sNy#;a:sDAA8Z@&r;UWln7xLqH-S4\\Hzz){6\rpt<E>QK1V[i{T2+)FwD;9U!`y5!Gw;Kdcwt	EP(1P{.XA3nbNz:el$D18NOnq<1M+upASMH2yXd$xUxv<t=Sy2 \r>Z-s04J\ZxZ\"vm.v2tcWH~Xy>d53X?	[G1^GcV]&;+KL`nnv0U}SIgF{oulBHI\"r)Tsm^EDO.PcT\\)E;A$goV\0MG:i[x$d`Xv74~|<>)F11Wnxh;	SX3[}waoA\0T}BW7VF4^#`IBJj4o2Ja`\0wkY,%c\"ne<ZiYG-E\"fSO9lN14RZPw>U\0)f&F\0\0f6qF8>9\n	_Pljf*,XZ!\Zj0*Vbh9FcUFFGjF5A1Yfz*	fghsw\\{+BQ0jk9\rq\'>Mi\"RH!Sh[J#\' /V]in%M38c=MWi$ac5j5(Z\'!>)>V:C.KKk(#+=&diW%gJ_X]\\c2VE/2/s @99PH9#&\0S||#KdUA;khAi{HTC\"%j!`23jv-m?:`@i/&A}}bi-Yj:f9~Wr[6&C6^,\02*z0oCZDUdwz\n\0Inn$;r8\"7]Z7%]q}T6(#Cn$w83<kiZ>dFPA\0pzT;a\n{\nWv-%GGOa\\~j_GJaPP;/~hGF<g+-[I[@\0F9\0WC;[1 QLO&3JdjGbMlO1Us\'AS\0z5]H\rD%uv\0:JkG$)8V6$V3 w8Xb>j21\0]jtV(~(~!ITX>FI#mp+C)x(GU=-12Ud:oY]\'2B;F\0oZ=w|%P=:S<I<iBc]QKFnZ7WenL\rjREs6UK23$`\\d8!SRa#ieUvI=f ku#*>hA/J@psJALcDKR)7QFr<l*sBOJF#$:)N(:`*\r&g Q4$C A	.j}=^]Y3D8\'J\08i$d=K3(Xoge`K{\'6C\",nBy5%]^HSnQ>+G$Gn7Q$fMpYD]AYNGoK\0scY/8IdGsqz^,![n6{G_%\0{X~~x=XK{?C>F7^HrJLz+h|7zWilru^-D{6eYA<fkM6n#\\{QM[B\0Q\'Ow\\J=ms!TWcWyQqk^HMZKgYL|v	$;Kag0!>Zg`=SiIe47)m]?YuE${(b00 	18\"SK\\r6ygwrTZrF i^\n}j$@\n*@#MR3>0\0gY7?0-\rMv ;N3RZ=ln8KP	40[i!!c\')mV?2Sh\\(gb2UG4>8`eyb+:t\rUmg}\\Ij6 8Y[*atm$b\'.0zrJJx2=A$bE;bB2,OsZ >G*:QNazrB*GU\Z=pu~W!uw	;_kwBQ0zLJIc=>FxYwxW,`ZTO8#F-Y=%alF@l``R`QHkLel@<wah>I@i	Bsj%A&nxZ31RQU;\0Cqq=);N	\'q5n6{fr=+j,Xz+]C>U)NEZ0RMMgv=bnnIBJ3ciZeB`+zRIL)G*Os&y$^H>QX`MDw7I	$&,*1<vhj\nGBBHO@\rg	$dHjQ]\0eCx\0U,Hh\\sS cFac_u4QHX\Zk@\nw0\n|R*\0:u#{}*O&YCt5)s[$+`/RJUkuycuG!cN6:ER\",hwnHR\n#Jor+\\	\r4{a@\\Fw?Jo\Z_9B+j4&hOj8)<uay\'(Ps5jfRU33IES{}M73fgp\rev#xe95<T*t6ih I\0	U~e9\0uUZVI=z5j+e#+nOOyT3uP22;5RITz<>+xqW6go5Ifz5N.tMeKD@cI%m`ck*Nd/y{J\'+C5F	I4j$9J(biTo##:QL*Fy3*7kr(c%#ooUcMOZDM<=pjlmn$`7PszUwQ}&r0n~kf3uycsyVd|W7=;OX[`Nyik{t/e]$`62@#e]Xf\r2b)`uTgsu{hU3U5^Y1X\\m>o\Z7RKC_*ssX\0RSKC<&T9-hI	]|B[O#\\o+W2w=\'/vw=t1X^_FBJ;4b\0gT|\"\0u	Eo	R)HE4\'Mr[o <g7c*:Fg5,\Za4?Q%7Vi\'c+Z6&aAq*`SrOzFBidQ\rIYIK<sQ5y$P-A>jF2ry5,c;Tm6psZsvZVRG^J\rBqP]_\0X7jt{DHcnwLzf\\2Imu2T\n-nY,!c8{?siEbPC*=yL,]moG\'ia  \0#pIr\r#G=+J#|1^>I=$t$gw8\n$;bRZ	T]St]Rm\'P[#I2.p7gTzxWcj#kC9V# 4&Nq[\"Y3|>jH,3:Nrc8=:0*]y\"c#qV~\\;c<dH$f=I6\0J}<Jrv5>=2q-)`InT\"m\'=jSg0$^,M\'{V&9m%qSL4c[%E=}*.%>&:}[Vh<`RGlbu\"FI518ZKqF*c;[`yh=di\' yHAs\"GhTls)1\ZjqS+J3ks?	NIr@W8uf[4Q#/QT64d	(pIRJ-$z.>pZA,S6\"3q9?CvUn3Cx.<W}y5<dCrz^;n23\\78c H[TlzfnI<ysN\rYYYTHxr+j4xIZi7>	\'\'^y5*}{S0\0eT$E2G=y;EB;\nYANGj5m\"@qqJbvJRs4QIh%y`&15(\\>Ak\nNJ$[KR\0.8UjXYxw|q99<SMx5-\ZY2jk$FE#$z#&0y5O$N*8\0Un0lqI7R0tl9P3aM0*P^{\n\ZN.aMhj:}s;g\\\\C6%nmcT8P9\\m2YQ3{>rFH5s)I\neh`byqX\rc9Fs[7w&k4b?Fy |\'@m~sNByNA6_K71D\n6\n=7Gy6*lln9=` VH>LI[su#Uy)J*5RwkRHR tD~z\Zh%#+=J:t3q3)s^M=OS{3Qn g*,nPO\n	\ne$vXM$fQ6;^VC`:~x{sm#J,H+,-	hs\"p?*lt6$Tu70(#Kz(1|vm)*Qq)$	\"V8$%MQaH\0h\'lTG>I1nKs\Z-fN9nF#RXnZ8#<Hn_\"@q*Hrz+d&d;j6iT9=3?JpG8J9^\'j2\rLt\0<fbs8T+RLEN0N=\0yBpW9?\n(\\G\"voj]E*Nw\nI^Wi#s\rfI!|uW`Fe;ApMbUTZS`2Qi^,dg!Pbx\'cMb\rl|0\'85n\rb)xf[/MDD.{k.oR+H\\;sl/d`g3ky{-,2();+\\/&\09?\Zzn(\0q\\]7cy-]n9x~T[h.K*0r6>2cQ\\^,@Y>Km4ypcZSV*i\rYw<MuG+/zDdWv--\\ 5>1Ib3?n9To,@:Hd;}*v/ \\D@J==}mcO<pg|Y9<`SumM;s*PQI>u\'eI!OOJU%	51!>)T`{VCq}iqR:Zfz1#7A?\\	X9\\s:b8\rdXE:}vR&i[k7<f[[Sh#Yy^sw:Qw|bc:g9f+9jaK\ZtoCYA}u98EG4G9l9lII@Q 4^^b=HBcXI#=GpT4`i%@LP7(\\ye\r*ay5IJ3j=K-omi%\\ sO5zYickI3{ksZQr\rviUr4\r4z(PHNVh\\i=>\"y11/+3];6cC870mMf\'cA@XSJ2G=T}\0\'(}#i<#tW\\}_eO+s~.~%vW<\\YL]	\\co{\n^+A\Z\n<zk~A. @4ly;k/%!O~Ek8cMu&;;Dq&9 z4vdH.KGVdF\0=	:p\\UbvO\\+Mhp^xie-BihQ&s]+{[i.4K(6\\L\rEyTSzS!#P{U{;\Z1AF_t\n.\'=o.KMRws\\YezcTx.#x9>U=zVif1)(EvWBTg$TWn1I$LpJT.A ?\Z\nl`NYjxBzPb TFJf@cV}*v2i<\r0U\\GIl|TzC#yde\nI9bp\04&+GaKBDInT0 5Fa+eX\\XwJ#*\'-fX3(lEel^[o-\'1HtpJN:h+.]09L{s+rKId%\'8<^Espp\"c$rA+xdV^W\nEsT\"BrkVt\0S$F`qV>7v%D}*Jj\rkI\':lb|RhM\ZVVH5kmTv\0# K$PF1*<Uab)s88P2ri8]J\0(zpf=9_d\\Dfm($Z1YAy\0#=+\n>P*.-#	+m`pj\n&[z\Zog\n<tv;<XK\"~jg$O]`:L,kxZYFO$^0%^*NxN.>2q@){zS\0qL<0FiGny>\0HzR>(cP iCgiT4sS UV-\ZYH Ra0\0Oje\0^5ErpqO1lr}zVu#.Sc{>*i64B4qk3I$/p\0Y!-FAeH#Gw<;UeBx!NOCufi1$\'=77u)q+>[$wq^\'#xQ{ukVOK4{DhxQ.Tu>Ea\Z\'lr/(G+4+`0V$/F;~[Ax2I\"R0g$W/{DV@$\\Kc	afkc|(\nTqBxPH\'Sq61xoT@Ki\"Cn8zvM4\"Cl\ZEGKiVz%\\%$	={5ji2[uyvJd[LLxnCO\"uJ\\/.2WZeL\'jYWj7ZmFc9iR5az{6v`(1mB[fCp;GP]YuO\rDiMsp:t=!kuCn`V4]!4KZXB	688h5XYjD%aqxrHR{I%f-7bI\'@y<@I>(3s#.qt$?wqs[RV$\r\"\\J	qGN=*X8ROT$g0e08)D9]tr2wtJXG8 lIQw+hfu:f\ZFkO<\Z8=*8u\"MtFd8_cMwj.>	2GZX`bFkvo|I	<\Z3i{\nT5h,m3:lg\0]dU s=~ {I6kmXXnM9*xJ\095<CFaQ w{{9EnW\rx<7_&XFf$H?Jvpapbbv2\0	#47t]	vwniv5~6jt;<V(GD1} PH>_\'./LFh\0ki=i~TrYIBcP#A%\rE#$T3r2=(Dj6*b.$prrqZ,\Z*z)QYI6Kh+Qoq=;4y<~?\n|<UWwZ[7\\+X\0+VRj2Y],&P\\NqzpiC[>eeV	<z+6W2718NG;q#\Z%}BIdq\Z419a1B]]YH6JJ#}*H60e;Z UOpF7j$`+%x9#HVmapR	*f+SP!\\Bma?$.1Gw:@f&!Xe{kt8*VkgPpAV=8D1u%sbrgf:zqKgfdEg]nZ]6zo,\0L/==yznH$zrzOqPVMS!OH(i	*GRzv+,| 63*&r8IM5[nR5Y\"v*U;	iepMTyz`H{0BFsPwN=#`\\\0RE[l`0pI0?\Z}o$\rq\rm>GpS.#N:vNzqYL\0E5_5 8]y;TDw+zM<f&N*hXv0%7==kilGA@~<%+\02$5MrqzVUhij(Un<|3o+<[@vuym{KtDrHA5qtnJ9*1Q)2I08\0UhuMM09`=\rt@u`qx\\w\nRR5<\0r*\"ZUBStEhX9m8NI6\'r}#0*2=X!_sTIX.(\08-318T&B*chjW,eG1sF\0y?hkZ\\PdK78gR^uie\'0BG53?<\"\\\0=H\'e.nJ%BCg_5-qd	\0EXU[v[Zf3SHA5S,9@J:zS9WgEYS?*Rg	Hw=Bm?;2r:>\"(ga\0;\0\\G2+Fb\nFD,ZA{TZU$qcU3OAmnb#\'#.&	<1i\n8g)!\r\0ue-A77dj\'8hQ7U<\rC\\I4d4p>D8RXk$!YsJevPJicdls>iS@*PE	XFZdSp{VUNr<AI\Z@Bx,?ym\\;i5Y<\0<*0{if_.!iv@nk}wA*WvfGIMlj&_ZO8^u];Gfq$z}WW6yzxMl[82#;{d50$@JNHj$@oA^H5)ldE&Sz4nC#41Xv?d-b&6BVF.AvaOjLVEWy>I9={D%:u;-nAtA,&rtI?\nje`#<\r*9Qgx^I+e\Z2@jMl\'x~fO~Ji9d$L<8j<wZxt\\$XI;#f5Y4+~91t>\'xXIDJv#5kS.Ra.$k?+%v2skY7af`+5pOwHO$!\\\\9r\nvYm5,%*ALh-%wl{M^~[=rPh$\r?J$m-<VJ`2A%~a]K\\G=8W2zQ\\U\n`G^;\n<ePd0N$vw+Xtdqg\rsSbsQb$H. (1ztrYOE4piX\rkZV11@c=<k:\\W\"xb>_\'ozira+x>oI4-.tyrAG24eO9[Sn4dBG{t:Gy:u?gVF8CGswv%=HB\'+!s<Z+\0.~[z<hobe+~M}R5\Znnum#Q\rvkgl4cRuE)Y&M2gV?3%IpMqz;LTHmQ\']KHH6*2$z:%D)Nwdc	F\' \nM{WWo<EshDjv5nHp@)dx5H4`4!R1p5\'<\Z~N\r<sO?*i4{5_k1]6/HbqWj6z.JJCm+5s}&fHcq\\OoY\ra~BLS8=)<Qc%:OhDJyogx\rn`f<TK^{)s!+Dh<wu}o6;#R$\'#yl,$)88jk:]YIX)sH\\m\ZLQ)a2B?7Cjux,W*neOAWMwyK\'sfkmlbH@*8YFvr6\"r#V \'<IsVa\nc``y*H\0sOH*O)r	XB\0wgj4FX($<0 LXq=1mVLc%+:U%m@p~<H	Td`TN8v\' sNMDGZgvds\rVc#H	A\r.r35*eep28UG\nTyd%	}\r;CTC8>|`F;S\\[I#O9\\<Qtz=NzE8,#B|ZE\nT~S\\Z3GA[1O|Npy\"HZD6RUYFO<@\Zc\0V\0}mr\"D2UI-T=*cmK\'#\"[m c<^[sQy,k^jT95>7N]JSrY\'ld\Z,/Vdjh*q@04+B1a>s+~\\-X\'W7}tn0nRi\n0iL$geS#R7zS[\084*1M0Q `\ZzJ@91L=P(8iQE\0Bqp{:Sp)c4<sQTdm1K\"&!Tn\njN),@^[mp`\":\ZFIQ]VjFY P<z9RE j2&vOC3Me\\!*a^16+A!eC\"Ii0[X_}N<v5\\4.2Uv0;\nsU%=>7vYV99[kT},Rrd^>5Z=#PqT\rTNV2#Ze\'E#$C9>b%D2FiIh]O&j$F+S\\T;41=G]_V{w)0ddl<zEgQnS??)6Z.m(ocJK\0WWPc\"{\'79Uy-_r)\n	\'VT%zorh^GbGJl.+dcgnXnIDP90Np;{5_[K{\\)u^S3+s:I;ela8~>zy!7\Z{mv2e)!T%0oFi&eVV9Z$(Z^j,kK0=iocU^nTRcA$Qv!szU]KzH-d?Qt(JN+#U&h9#hYj\0K2<n1kFZW,I95~8\0qSX]5g[ip62\ZW**pENA+zT u}W	xLV-JngJ6k^6mJ]={a=z.Y`c XY\\4sGlJI>U[\"b_ #45!%K:jrnPOEY5 \'i\Zi2kr 86+JBc<#xi\n\ZgkBk&\"I&oQ;2ybzFo(Uv>R.\Z$FL^<W6lk(eqYSb@^QV\nlK?@[CZW)/i1(eGqZPH2J{=&ZiNA=kVEqw_)I3]1<dSA9\"H#*G-r\0$F9dsU\n?H,o_^F4D)O4\\?gOpGHkRYNI>MU%z\Zw\njBya(=yZ}.LU)Q$L\'=\\R7o(8oa1wu-YsXHA\'YH+(hV?0i/NP8`p*E4JV sOP;T&vQXj$GH?F`x<A:LoD\0j`p	a\0|YFbxwsp$zV2ei$9==UgXRh~o R+fYzmwN*_#sa)(U2fI+W@2zU-.%eks\0MT7<+E9)I3xE py,hAFrVBq;Ge]0qip:y@QzT,<{V&$S)YA3>\0\n*	$2{{u@N>SNR{d<d5-elG	1og\Z|drXQyNZ&8<?ZzPqs}F#{-tL,Y$?\"WZK?(Sd87@TJ3Tg=OJY]1T0aU{&3\0Z%F[U2#b03zD2T\\FH\0.s0>e?(nF\r!a:IRGE{ivu+{Y:Uvw=*ZD<AmB\\\ZU1z9	\nC3PIGIRGo6	6#O\\NTb_,n,jM|@{[+89:Rcq<i#m\0*<GCu5.4a00	8cp1`@/_[j[]0g=sf{\rc\r\'8%2C[yf7QQG.os>PAFpuH_88 3Q\nwl*;p@yqcC/{\ZyYH?%?Z$>Px\\v\0dCwdt4S1?0Y<Z\r:)H.uv*^;e N#\\=\0*f xxW{H)j`D|}J^rO\nAeLx;sJAq\\HbF5~YuDFK\\U~OMo&a:rVZu)hB?E6kOZxwF!637|{VTycLj(ZTfc$RB[UfJYzwq>\0l\\D\"lq1:>qL$whq\nK\rBKpOC<S7o`3iHH&  Ws9  c=+b4\n}[1c1D!F?C^uyj(w0Qn$cx4rN}sTjWeYeD.?KEv+D|{G*?=KD^Kerk[lX@$\r2{kWQq:dr2L`\\7KwFbY^\ZQC\'6:xmb_iLB+\"Ej^,{*\03zu1jG#\'v5om.Wm(Z#2C@&R8 qH7uxK8X%/`2*SV\"M&[c\r]\'m{Tq;p\\7ij!/]NIjgZ:5\\I\'T@4j\ZDQgf[	(}oShQ).Y\\E&<Fx^4\"w2$[l\0785b?uAY\0JF`1h*-.Xlurvfibj;si(/e#i1Z~|EK-^+8\r\"W#E\\a.RygYiI|2I:?7xy<\0=+{2Xd\0dr>U/zM6h$s9ZEK \r\"Kj`GUvSVn\\aprEgZjS^1Vh!R?*CoaEy]=k5:vZr^s#LFByyrg;`j|kWFhXHFW,\nx*E$r\r~S1&zRqS{R@VY\\i-vehUL\0\"+\0SI.kzr\"wg?M:7|v#Fw_/@>}oqk:5zv%X=2\\-Zx*nx<fQ@JrznD]EbC6dqcX^#[\rmuhi=E]r< \\wm\Z	q6{\Z%I];&j>&]\r>!H$g#:%d.|\0}\rRK{{yB xqc|AY.#ZaAiQFz0t9/Ziz$B)ASy;\n|B2Z+o-5yL%})=jGFO8YbL\'w?(tOaLc0CE.ygK/>\0hNh\0Kj\0_>#a v$|v?{^^03\"JFee8 _Mx/\rYmH	Ttl{\0:*3G>\\m]B%t|a[s5nJ9Y$)^KIc\\(G\\4SdmY/U\\H[\"h\\C}K%Iq;e}	MR-Z[}^7/czhWSZ]MH#U3@5NVkM[xsTwDEIa;9X<|lO5eZgHg\'.tK5@Q*2pFi=GzV/ZmENK|\rFx|c==jUzTiRz$lcwEH\0ij6PZ8in h4v++g[\'\'\"v8\r58UjzN)e6 TbH_T`A&L=1O(,H\"w~4REGRp<2F5+:o9m{i2@Fsi?b^A7jR|M^vx<#c=j*YaTSci,@<kl-\00@I4)OJ&Zc0NvX\"Rs\nvgXqY	zJ)+D.SXOgrOytPaFzT}ZbqN\r0FqRN<LFU?)F+lxXYWRpwwiHvbB\'S\rp!#A\0g1`;`rAyO|=3h=^)Xws\'F;\069s\Z\\i:sLEtW~{p~k\r>3Z-<lB}Qzy/h zWY#A C~KLW0nJ?	xSPF{Y$c$`-~U\0YYRkH2)|r\0z&e\roWZ%mv	GcN7y@iUdUfVURX\\Ka[\rKW1q\\ym\rT%9~xbu\nj\Z^-aY\0PGZ7.d#<1JP$~ZjK,[rs$+IFp#^xp\"HLX4SKS\\DM*X\\=q[6M=+UxzWDS\08c5vvs\Z\\ZI#a\0wtw[0~-_j1{\nZJs1+xi=pr!w~5CUmB[+*)Nn:M5%Kd\n 8R9vk	\0!7zd7CV:O\rF1Hm_ji]NVSHCzUV[. H\n\' u\r$l/Gy[&i<#D+=WadiQvRk,$Yd	Oj|`4a1[o{Vf/IP:3G(U=7*9+UmV\'[{C\r/9Xg7y\Z9	,lHQ?{)|/nP%n\04Xm#1\0frfV7\\a>i;F~Oa{gu(B#^q&Q%~=*H\0;n$y\ZE:c`H\ZVJu7F]Z[NPS9TQ]dIgHP\0jcXA-NLiq\\RH3q\0x;\n<S$wW3vdw]\rVPwylIPU>;5wv5fI&|x\n;nrZPcd9UXs8k,E:4s# +WNidRaE`#oW.durXK85yiMiK\ZE$R+mWQ%ImF89ZYQ@Bpy]MsExe4OdCeurEYA6@LhGf9{V:Ti\"4s:5~vsC[S0\0,F+iqnxO*0kW*jr}ZWx*H8)m+^1[5hTf=EtA<WX[u57c\"T\\lSok\n?NjBl8xvWFnwa#A\nJH&a}9X|sNzytF+apXaAE$rX<5hyW y`nAcj\'vsiK!!2Io3fHvORF?&_0l)9hR&3I>95YF:rp+7=FrYYJdS<dfirqD.25=f\rcG5 \'(rxc:~+ZDM\0Yq4*05[\0\0HS!PN\Z,ocAYJrP=i;> S6% bFjvmO6ss9rGa`w8=iBsc	qpHQ1 O!vFM$bZ	|@A*L)IJ6qFcn.rQ=+A;9}}}*;1\n<	T:^5\n1*{	FS#~+zZAt#?01R*ExYc\0k6\"zWW&ui}d{u`U#8UU A+b&rj$UEon{s+4lqfeFD8RU(j0oR0P8k?HrehG13F?\nwmp8f9g\nkf-!S+$b=Et\Z{@[J6TqCsnJ$U+5`\r\0j8QDT@ #ia#v\'\"D}jD;zqPF24HF]=sP\ZDr;19fL =kVGUI`+\"av3T:e$0@QV-F)$7j\n<F@=\rkV/8[,VWB0uST.%+OptZm5z}B8y~?\\nw\\QXC<q>>;\",o\n:{5:+fU!U4<	+<Y#hAS/$:Vt,cbo#itv[xl bH>**]\rQC]B{qVZ/ -]^^HnHc@8bPshQkt0N1P]fBtZ/#2;dgv$rgp|y\0^+.y&][-1,\09]A^\\/<XwCRyXr{\n|c9V\r\'!rG9\'^3m%hI@@=kB	m&6H2|cZc$c`\Z+dd\nyzV68<b[GhJGBd@52cqpXqT0S<U`&Z!rTT_ji!@}G`gCeq$vrNp*o]nA#T+(`T(YRb<s]N{$kfIcQ;o0n(s\"[i(>Q5\'IgHNI?jX\0F8&CZ~H5*\0^@4g>)K?\nV<@s`~T6<8sU\0MIV?0$t=P;cKX<QL+3Q9>Oau:\0i1^HR]>YqZ\ry-hIN=3\\<(o+EtD%y3#s,bK+Xz\Z\'QdnB^\\\ZK$\"C)I)XZ}.)lnQCo1s8\0e+)n6\n\0.,g{x]1G=Ty3I\0`=khQZ_{tY[	\'\\$V\"8#Vs^pHqqT> {;m!cDIrsJ,N`ZL~\r\\\\\\AXZc8J	$zUj1rU*2\0;n	ot[}23)olEuC\nI-1Frvz?Z\'U%E^ki!vw#B(\0nuK\"{0=OZ[^FUTUGX3p[54af}76R^czz<)j::Mokk)i_#pThG;_;8*WYRj:#3<ubW1-_Cou.x@v1\0	:k[>izloUa%?t	?.kfQjoi?xv<zKE|e+.\"-fT>5/ZinT\\@Np?2\0aJw-z\0%B\\G)o8\'JsjH9V+E<@.jqBsm`y1#P\'I\'<Z\r<9H:SMeHC#i@Lh	8 )csE4A<3<DM$Iui+F\Z	,@HvKYO={)Ed\'?+\Z}1>n_J5Ow5\rd[Rb}Ldv>(UE\0OTZAna!We<1^qO,$5S][S\\\\\r*l`J~uLkC<;Hl$H$+9^a+{<Y;H$9$qp;^.t=j+F#6e=]tOKEa^\ZVl|0P$$v5tW7ZLG sY/X`H[3x^*VS=QP)g*xM#4gr)Xi!\0UAfO?Jn:p)3LRH82(Rh 4\0V<A{rS6Juwp$\Zi=VtK=R\rK Q+Bm;\n}.\ZK{u\'9o)TR,/kqm9K	@V>dx0+m?69#u* \\$Bb\'95`UXc=csag#=jU,CtsJ$x4p3TG$Od!QNHx#w4N1 ~Y6FzI`^r8\'\06W!.H\0&OPfa6OFqRW,^HzD}kB0\0dM2G8BIdc$q)tv ;V`lwL\'TXT;6,!`YqD*Twg9aS-R!I@Bh1HQ*AWBz^FV$hR:zUi2#C~bG4b5=;\0NR#--ab4*9V	{gOk9Ms	~)fCa@,s.$8>=1kdrEk$gCQ%8SgKh);3Pw63W-R# cP>\\H,\0aqpM9cP,H<\"x*c;Jl($YT;\Z38t+14H)i`Q\Z<)Lzt=i).qTchO}*&1ot^%1\"EcY8kf^0jVu70{v.T3R8n$p(:0GNztp48<tC]1)r0-:(85t54!3Pw+J8Fy`:G\'>&0!N/-=+q>2X<ShGKJbu\0VJtpZl=a]dGG.\0y5ZUx|LYy${\rZ\nS/gFo$uRcU6s0\0T\0sX-4Wb6	9I8?NN^	C) v*;QWz(7XwcqVs\rv#)[?sY64I)uJVO{#m+~,.9p*9#4q-^T++c3}C\\ck2N6SZ\rj,+FT6u\0q^t/:4;o8b<215<Pzmvd)O	+-oam0H*BSjl&xF\01SS<{Vic3^)nAV% #C/W{xvohRfbc\nb$?{Wk[A$*;\0Cn\0|/Y[3S`\\9\'|VV]Eeyx]ltBF4+dDHT>E$DKw\nN{eKn`[h\'wkV[M.! Ys[m:nk(\\52=TNUdBg%O\0u./4R\Z\\G^+.(/,fX7F0qJ$K\Z\\22k)+t}Fm82qw\09\'9\\EIX.,7H:[CC;Md>b;JB.c>FX6p0}+)\ro!Q.BIrO 4k{h@\'x;8I\0G\nB\n7yIxi\"u@|SfeKB8\08 ^T]8,o)<<$qmZ52|{sMtD>w1gkg\rHUJIf!v	\0kMO.I@rB}	Yx$fye,\"=\'PO	#hJ#42exUf?Zoii &xIq\'[N*I#D*\n!RO_v<jod`H84]\'9e\Z@lXe9]) +mR@1p~sehLw2e._,!5Z-wFUv}?jw:nuSMl\n6z\ZeI<#k(\nHk8p 45`*G$==jB\0)TqIki+oc0)`gq$tiH\n:;QLzFsqn\"9tt|kv7VGe*e`	w#+|vJ%{{U,z1~V!8rY/~0vzCH#U$1q>x{K\'\Z\"@N~u*Ivwmn&=~s.p<gJ\Z4`8&ss5JX@80>Ojl+PZHdNEOS4rljExve$hr3F:UBpx4(F	xq\0`qTb9\0`}kh,:H)7Xryg5OZedXn8QO?]GKaw\ryj=FBI&V3A7Dj9K`k\'E9x 2[oIHwQR`9\"JwD05,JPd`g<oP\"v0pA+Wi.<+-*V?b~wPVK%qYIPm\Z^Z* Hd2rsqX82\r=+hNTedd1Qz[{\033nn+cL2K$WB /8`NNx,3X;\'%%dDZNx-sm*9MonT&}WqOD7EfV;A:8||2c.2w/{TZH#fq)&0vX`kfyLo{f3Q\0SQMJ+ym1=*V!{!On?hxn\"K{\0\\|AqWJ\n_sg6g$@TwHO^e+>!hB(T)\rxmc8W]*qV3kR{T)Oph`NCb+pQJ=2iX62ndTN3+e%YK\"pTt# \\8#BWLvb9e&d<c}`imp`WyQXF6zh.|96MMnx;Oe+a*d2n^OHb	`K6mfE`NOwe9d88RlS+ ,zUK`<$#l6AY*5K1*\ZOd% !\0C^m$zU4!*K95w3yhH;qYY0>X8aH&5Sm\rvIQ~Mkx@1zPGq?.4\rJ}=\ru!N-=\'6;mYoM*Dk*S~xwZv7\'28D%C18vz\\6QtJ)M3A\\ORLY0m\0#]KYKt>t \\w[kgbeGsiCD>FGFkI}]J:Xm+*\'R9PyjMoOm:9O>N8=\r{\r!-c$qwE,/pC_zqJ;{}di{m@0AN\r#lR<)q{LVma{R6Q8pLSIH:PaLy@\00]h|{\'c#p[2ZO=\r 37@GNSz&(uC1e<5X{MhRju9IisSCi\0i:il)H*rrE}u9Rx<UX%,\"(\'Z	&ZQW=	0I=:-ErviMo4p2\0U9+s Q\\-rO*OQ].3r#dUt\0r\0kv$+H35!saPV9dsQ-\nhxr JLXODqY.0}ESb6\rg\\?P]G`1c>\"..w.*c\Z\';-OKr+e8?PSGk&wM?)V#UF)hdCEFtwg%.`7 <z0@=ySR33C#lc>\0V0m\"ZB[+KvGw\Z[kPIki#$EN1PB^j;zqZ};VSD5Xn\ru1\"K]Bas<g$u9]#JjZ\00@~EI\r9{UO6@$\nHzJ&5I<^%_(Gn$c-ozb4	\"\'yw1[xRPmn.\ZFzaZorH5+#zT+{FV?Wi\Zq\'/R\0;GJ(=6\rlx[G4vdb:p28V&&IY\'q;y\"X-\'\r$d=Zw2r}kJS \\\0%Q3s*Xwl[il7\rvcU>X83K6HYK&>l`tn#O,Hv%P$MX/r7HOqUqR!b0=:([i>kai\\qMaO^A\r40y0\n@)4\'g\rJs@PTkmB%@)FyJ;gB4)(5 Uj7\ZfG6Zi$LV9m9(=x\\GlGm\\.2H95>m&\rWMH01#BO\np2!p	\\q\\SIg!_oZc1\\?0!\'#u?\0p5@j,0H:T9$31kChB		w\\P~$-}?]]m{,C>$<]\\,soEU{\0ia7Z}$X~&nMmB+\n](\"U\0e#Q+[aZd-KPNyW\Z1h\n!o+O<rUn71>CM#S8cRX 2KILGJ\\dP\0{zQA4uLQ)){PfJ;b%9vIc`pU\"si3W[j\"W;p,^Q/4nZK9AG=eUJ#-a#{VJ=N}vMRF2N]NDe*gCvX>\\}Esu#!^jz=4Qr?\nYc]S	eF1\0sXxJ|d=<Cr+eBTa3\0UA FVe%E|#VW !A;A,\0TP~*.ZB3;V\\18i7yc(1=1Ot^DxC>Y+\\p\"Lyn8Zhb<\ns>AU8t5IQrb(0*J6	_hf13kF*uZ \0@i\n;\\GH?4m5`3AD`8OC\'Hx\rin\nz dD!lslF0HPH@<qH\nGqUq\095\'Qy\'Z:qg@` Z6Xc+Mh#\\_	Ulxe42K%K{fG`F5m\rX=jE][q<tBawcD;\nVF2=2,M zZEhG`sUvh8VjF<xAZz;N;RzRFqLV\"uB	<U6Hv\Z<@[2z	:Lh5\\]/8T {\n,d$te#2=h>=(U }FW%1dP@5,Y!\nqP89:P1\ZoneqEEdV \0i	hc)8{T+1B& h@j{;U$qV,)V\'gy9RaO\r!t\'*V#QkeuMvb;lIQ8Z0AS\"={2I;R_iO8 G<^p:gZi$VRydOSjRk0Y)HHN:W&.)h59fPKO4_UCFBq	\0c-gY![|<H7/;k2\")=F{tuxG:wo!n#v#$w$jKh [l\ZPZ1\0\0_nJuQ\r<V5e+tkT$!EYu}*R^D>m+t\\:C+*eEv1.z>_tV2M)l.GJix\nGf4WbzU)s]ElEG!\n[q~@-Guxly5kF+\'G&1]4WO%vf\"`QcI(7e;+:C(0`x3y|S6qcX-!6^=]&XV18$\Zds>G8[OjJ:t./]l2#$qSd^N.[;6ZT\'xwiA7c$)lzbh7mNVXtaDQ9\r+s\nBgO\'9hQZm%K\'1C*$`W#RC3QcAd\r*9WugI\0}{WjW+#ysrCGn_Ifw	Sr\'qkcF;^jK)Or;C\0#{\'[9)\r\0y#9g./$yIx\\vzSJ1\'b$GkVv+aY]\\$l;7Oa9WI<<-r>y&\"E<L%R!i:K\"zk3NQk]6.8B7;pVXk[.I77q=+!fhtI5@_4Y?tc\\_|&YE<%F,rOQ)(3RsP<34K$Ku\rg/58f[^!\rdnWu4O.-a$y 0B3*\0vR$h\0	>NJvty,s\'	`d;r=	X1?!^dsi75#,(v+~sk_\Zm\"P0XaASeB{)#%TF\ni!]@\0)s+gg1e\\FJ5[<e@p7X4Ee+[Q$UG\0u4e(wT]Q}.@X-vuUuc.F\0\'p\nMhKEN0:}iu\0i\"<V#$l\neIL,>4K[/:V%4YLI SK:5n|+`d;\'`r1gIg+qJf&\0H\0=\Z4JR221M|A3\0zvAlw&)8&_9Q6afc8RcdF)@T\n8V%zKtD-~,41~H$oL\'\n\0Lv%OjcE#)G)RzSn^aRH6k;\0jpUkZ	P\0}!6C!<\\}jFIBDsZnI$fLnc}SLtE[wI	{\0OZO\\[.#;1j	x?:DkPt=J6Km@y3\\-)=29 :RsUHAju-/M4J%`0zOtN/$WG\Z!$l>Z\ZIGTv6+FD~`zWM\08B8\0V]6LWT 2r+X7SBtG,nw2$ 9=GNkYZJz{2[yd,y\0UU`H<TJ:tvFI*LejD@Zmit%\nB)Z#gi\"z7ddI%aA\"	@	z3Py@3F!kb@:?ehq#<\Zu`@:;Yw3pF)+c<eax5KmFp%>l:	\nS/IP0H|w#kN6RFU+Hw?<>)QM^EcEg6;% <Z;PqhV!A!{G9C$\0J~R\0:\'&y>23*\'\0luZpDmAiUX*$y\Z7oDV%\0I?acQ,p9CK9dx2zuP*\\oc1	\\g?d>,.|3=zbKt#	|4V,U0uCawp[X`2	A:a*O)^Kk@|xwVFYe32$P1\0\nU	mY?#+mNO,nG\ryj|hzT\n38O<%4+\\3\\.>g:gk[\"6 /1j\"iSKn/wJi5k,4mk_7$br=sw\ZYqu.)<qWii)7QV!dm^%{5f{h-C9=8]8K^N4X;yi ~d_\Zwkml-V2IO\\`:ajPLG!N?kMss^iq\\:*C=o4C8+C0CI7yj\re{If$`7xi7H<LZS`=\\,5SkP$D	q6r]MqPySw^dF{nJOC\'=DPRj%`\rZT8?ZsYl `jqGn=GQFD`0$3SOY$3l>]HKPZLvS#;p=!KmntT zTi{y@N\0&S	l#KL3J8\'\0\0@\rWwy&9azzz:ad_V<-R&al{A<AKn\\0HM{oki`X<_6FP0OZw=fR-$`xjb($cm-+m?Q]#)6-NXo }E!JI\\5Y2\\_cSgE=0:\ZqtjBC4)ujVe}\ZgivAln\Z#/J9	{W--\Z\02|9]+-\\\\9	+m\Zf9y=X +g`f\'L\0:-Ir!v4\"s13Yf{YsbzUv#\'lv5];P{Wqo\"z09~`T\n>5Xc9	5~~]}u\r6K7FO> jZ\r	6k+{-:I*zQ]I@x5?(\Z}z/&-D	4k]iZm$eu]3WjKn)rzV:/Q_5\0\0XB5\Z F65j?4(32qV		Hj;%PVW1P[/V$3d:Kw!i\Zi~|7rabpqk)n(Xee=Fz*G!kvkFG2c`3bZnA=1s9\nj#Pi3c#4\rIZcHbR(h4PxnqNG*ARAq@H|]th5\n7C,lwx_N\0@uU8l}k3U<Go-0h<.sY8kc[XG2a;\0\0=T;+\042FR;3%=4j,wqZfg\rby5$8 \rv:t=s;0<S_RyO=	:3g[wE\\Ubk-5KVC+\"\'I\"d{IMJ]-+7>%^Qwr*5y\'	*\rPGb+a4huH\'D+#u],:|?jIQg=O<C\nw}9\\;\Zk*X`k\0zsZ24RA`\Zy4i\ri1HI(Ms@	@<#8\0HYB<$O&2yDsRW2;?^BM_LA{yl|{7sY[i;%!#a/]mx/R3(#97;2vz5;m2[r4jOn7::6\"DWnb7+LI4mOR]!ffl6zAX /*~2Lf%y*W-uVVdciz\\cTn<U/Ni[]L`z<A$7]\ZyA1xk<w`e\0F{Ff{8mF?&	,OpFtZ@O50U^0*r9#\06\0\0qWU~sj[;qgmShf#V?wT~WF2~0q\0Nj%@R\'>;D>pF=Zzm8$f@W+ RBr1^aUVl\n:M##e$~-\'Pc@ jl8zA\0\00>m\0<v4?\n\0nH\01<TC00}r6<T(5N78JNQGsT,rO\0HG85\"ymb=jUSwiOzO4sQ\Z\0>FMe]LzRamJn22{U+:V(\0M>G\"Yc\n^+\"2	VK4A#. N1,QT\'5{\0?\Za#)FJQZ8dzPk+z\0a[C\0Vr1knN;4x#qQZBQ@ghj$hq R+<zyE0;)Xvr:VWB(#DX`3=F&d cSnKHx Ux-)I[gqK\Z}\n2\'\0Zu=Y.\'Q/e`2ozuY-.~d8*A5\\^i3[\0UrH1\\&MqrWG]jPHb3wH~I@_IPxBY{wE?iqm)Q?)n?fzNm\"zo31rfqurQ&9s.B5gu:-Mu) (<+WH]6`F:hR-1<\"US%O^edOu*G\\`WT\ZB#;ke8\no)i#@\'$vnxrT/..|h1(VYy}:[3D:f\rs54^\\/kmX%$xldd}\\B;X5T\'2GHlq=*r,ox==\rv@IU`}bD~sEc<nJ7uuzeow11jcX(!\Z=[[X-\"\\v{L;aQ2Oc5~-am6y\"e-])\r1[>ld\nH6NyW8F$l6H9=&:)\\V[>BbNYUzJ	dKJ$`]=\\K)&_]1JI4F~?7-`*e[sVu;6K9.	r=m2/,m9ktvln8xm:D:\\%c\nTo*\"$d\0O^\05=]IL3*o\r\ZKm#[c\0d5Q>5i\0:\0GOzK>\'H47J3UOH1mMsH:nUj+;;2	|NvNV~\ZQ-b+:r?9tbHSk*~)E.Hq4F!kXx~bq{;U1\'ma;->Ri`UBzu\ZCFLVf0UQGNG,t&=BL#[8qOO}pvFxhBc2}r\r*`s:&u\"8-%YcdW5_7\'t4qI8$TewMyj_C+\r\0\niI|:R8:WV7	\\i:0v3D[<jkH<r?_L}k6mX#SIS5I,\rk\'@5Fx|x\'Lj9r		Ucy*kCs1#Fq\Zkqb	#8j/E(th[t)I5\'9Jma$I )Fz0SqN$XLn2(&we@CsB1*PHMhiT#w$NB+U]<E_5ru|FO5fbG%AaA4FGp;9RcF\ny]q5N7es[5i&2	X`ZA\'dR3`[u];;\n$>r;O_4\'Ke1<|rw9H$K	MRTW1`0oJ1{&iHb!Z!zVT3=c[\0ZI{Kjzy9 -XqIX5iYnr{Q2 5Ake/bvp<zI\n%XJf?Ki489\0#\"qr#A\'zAZbNBy\'?:0e+1v1MD2:}ZnkQW0.cW`9e q5=Ng~_G,Kq4p6vn?Zu2Ia*kNSlk!p@>*Mr}g^=?.quoo-mye#qRsQb^d4Y\Z1:\Z7220-j!L;7`\\:Mu>&eXd.YW?^OMm\0C:p3W*W3{J!1\'OW\ZE;}x=K0G8LUTb4v&.FPN{TFrW1=\\\\\\,6rF,45KxBAID 7 v3K.\n#;}EE9/Rd$,f/3,Jngq#uEjjQ3nB1V<qN5-DA5r8S2cTE@b\rjHcpF2rjA\ZqL|iNGHL<X\n%\nr\068.Bjb%v>aGt`jsu\"[Oo\"Dc)* HRW#$T.Yr3TX<T09UJ>NzGA`zR/s94\0z\r!\\dxg<3I*fsz\08U*=\r8TG/98<TcrA=zU6NQJL:X\'f*JnU(y:zb[+qumH]yVv)+wN@Rx.3IfN_Sjp@\n8\nUv=F\"Qp#aO[TSuOrFrx0:_)\0=*+DI!O[~sp:.u=Qlj\'zK`V\'2}YBgcs+m6ug\";	($t%\'h#D.!CMP+T^H-nc)!v1X|]5W7X;Of5:x@TXRZOaoXk#4*P\nbzuOPXwIUcmK&-*rA*Z>Xl#g>!\ZtbR%r3[dnG~&\np J>.m4*.:,iu#L}keQ-/G[W`wI gaX?ClZiqpRR6:qc-34l_5[czqZ~w$kl`&A+.Ir}O,ooa=O\ZKj$`|.k>0ai\\C$F|c9?-}.b4cQ})Ts]d,8=*<HZP_A$eK9k^GgcNq4\0+a[J(y	v\\RcNFxe[(v>Ajzdv\r~t8y?e-nf0mOb7jF\nu\0+%scHnuy`Z\0\\KIkov@\0}I8Qf5FXzOXOoY=\rU`;S\"yD]r##Gb\0~>5LD1hF$jEC`>m\'JXrv`1^-w	x2\r^]P;w9q7Z86/>^\'Z|C+U&KV4Q~$	q*3a^:m_e1<pF}G?ysZmufU6r\'s$H+-t	yAczWcq8Z:G{*,6WN;XZ`|:gsSyI&|[41YG2*Hl3EaW~\0\\,a%`F7gzW*6Cm\\iB>2+Xl/ ZMH\ZyV P0G#+% 	8<jVp;JT(Nyu# >251J2	)~p%GL6z61GR^6\0=}AZM40Y\0%dJ2&8<qW/ kw$\nDg HzJ	zq>lu(dlst[riJFd@6zLjpEeGlgdQp$gZ|1TYN]\\0-cW]K]#:xm7v[F{;^%,K=Zd8Hi#\nn/iY@eX8IW#>q7G&Q`e*VB+#*<QR9NV6%3wvji, OT-^N{U0?.3P;_\"\\Ba)=q^@})mID $\Zp$$8\n_!#}a)\0)PhBs=O(fF=	3ZeROd^8/-O%O`h6M6Y\0`8FA\0\nA\r!,Hr9gQ+gwZH}{\\m@}GmxbS2c\r-vQ#8SsZqo$@<Jf?bBWU7V#E|;wmVhFs~9kkesZIwnAF#]Ou.t}D<:18\nA1yZ1$!F:\nQVI\Zwyu 8*c^=+Q6m-!\\d<?)jwq1M4N<His3)zw@#AiT#\'OJJ@<i1(qIS\'_?2H\nS`;]VX\'o8#Ez]&\0hifzI$rq\"}`z}kunt%XIbA\0k=yQMI-LRe-OMHZ602khFOJ\"&o4WC$%Tt?JrZ<bNS88Hn<*4zJ\\M;$zN2]d^]{}=4;cZWe#PP\'%l\n%&wDS.!J19MF-5\'\0mQe8OAuim6|nA0:qZ~gx[^+EQ{X3 `EJqQ\n\Z#$*\\dS\n$e~oQX[|+PGJ3;Ul3y4vces\0jhzR?QaT[W\Z5y Y+<g~0c=ZQ\0Sh\rY\0\n@\0*tW$g-b:n#8T+;S\')P8=\rN9\Z~9Bp/<-*\ruB<cK`\0OZO1\rFZkLyqjb\ryG#4FvWy2pxTfU`j88*f.6JoJ$h+J@A94r\rg:_lV=T@0M28*G|\Z$	?J\0(zm\n8HMJ\0>v5\0b=<UI$AULYG=xR*pE.oRpT}kQ8U6}\\)YQj6\'\nH=sYKgbw#3:%XT\\|~o(M-#3b_iw) ]z\\:kI\ZqVe|zsC&%D\0pe9[g\0]rvX\")$o_3hI\0{bj9%}di<;x,\npG#\\=.}RZ|1+k!NdS?T/IID\"1j))34\'`pG2g\'Dm^!v>+^FV%l?Zm^MNKkkO(WlU_h]GaWPk}b<a|{+]Vi,|E%6\Zrm*|3yvkZb\0G^=K6 9\rrrSU$+zl:6_fY+EW[\\[`P&OPr8_z%T;d#=B~`*sC}:n4R+YkVzk{H=@T|\0=+t=qOWg!/$	>X\09;xO\ZWV]BQs1eW,UhGH#l\\^nw>ki49IKayjv:+JsuK299{d7VbWk:1r-gs\Z)Ys]u\n4 }}s^oYAS\0ZI\"a\ZH]\nS*-o|C#,xDNwovm[%58eV7PrB`PG}.$\ZAZF	m2r=@==	b&ap\n\0{kCF$h\\>I`ss[Y_S	a@X]r!C[e%Cr#8#>\nE^z\0)#o	h\rc	X3\0==\"P8.Geb\\ir}@W99oJ|Gk\\E$snXr]<Q$1I?<E\\W_f|z#aq*irdX~^K,+}\n~a=S[;{(bxq\'k<QzB[-(/+`z ;?t\0\\9-V=>-XB\nrMR;EBx<]\0hW\'8KkTvS,yusXF)%Q@R 9j`\\}k(At+idI+1MX]	^5ZdJyX$E]T}5DRFco$`K<\"%V`J\nJ(-3y%U9\"v\'RJS)Xv}:X1pi( NV@z n-7Dpq2f^s)(]&.<|	Yc)\\M2X3Jk\Z@MDYr.?kY \r=:4ae kHi%v]%6.6<&_-Xl=h	Z5veu1^{}iuY.\"e`XXXXNW*ic9E^Fs\012pWSK4L11=Uc :b6	gvFzcqS5mZ<3I!DRI\0vij_^Q43L;wP\"#$x\0>Z\nKhd$*%^KN(|7kRl6UcnY4xvh=7Py!s?RF+t{{W\nud2N_@w13W5X\r+yeyY/3\0+3Q!GPv8irY6aTm_PH5-CP!GH7d~`,X\0 )8YC}\"\r	Zi bBIxfP7X\'Ho3f?jBY8y+m&_Y9QO$/|Nwy/69J:WIQ>xt,8J7B\0jWVqicr@wAe,1UDv\n`	HFJ1RGL0 i	 t;\'iI\\prqVHT@}S	-14.29e/rGzT[:RCps\\[A>VU,\n=}*/mTF]`<zyN&Oy$0p*]NCL}$;u5G<)p+y%arrxi<e\\=#}M\'\'VJpsT\nLrLPBE5j1dp}0q+<s;;,KYS;az\'-\'ids=qy{n7vUb#RFv[1/2p(m.Zm2\\	mjsq<RdNG9HuD{A#%Ld2|Z%m#\\{/K!v]\'|#P>Q4E$f%W\'$ppFAtpHSLRn{HfKH<cyToK6y	;.i\0}6IA$<=Z\ZMrqH&rH\\\"!3;8\n}wpKO<XwfZBNSdCaqyj~aCyT`SuxY|qzky`>mrQ$FEFgN.{Gu)atf\r!fB9Qk6~$\"3!>^Pxpw`w\\\0O,2~j-[w#X_y\"/Ydt+}:m>KM[I!PV31gk<K&6,ZV$]uK>Eom\0%qjDj4arUn$ZTi=D\nNZ#UKQKNx}a1^4=Bdcs?$O}qBCq]Z+3Zos@8<Wi!5<A21OlY\0w\nzL@EuD\ZRHGW4$T8[MKF0+!z\"-hi\r)I6].RG{Gn#_tKQxcHV(NNO^K*xrM?Q^#a]OTc*jsuty}918vhHq*yE2ctuE)&@goi[[p9X1>\0<W<%eH8#k<Ow{wS+Tnq0,l^}NTk9x?c^\'w9nw2>eh\0J\Z0LUFk\Z]31?=vF<F6Jk]\nG6%sp0UU=BEV\r4M/pmt8zGl_!\0Q_ pVF%bJ\'ZiL%HO#<n+Mq,dqNXF,2lxgOy%VDRX.8XW<b=W=ZXJD|b#k<sJ[J5R% c`bmHXO(UPv\ZE\0YqA:QZSkq:tk$}B6-wX8v[R-VT7e64v\"8@}*kIdYp``9.{UF.bvq+|<(\ZUx<u^imty|x\0`z\\__-$XG8cykcd\Z`8SAfk&OL+knxH0G<_c.m<0%oGjjo(fSUdac{P#B>@.\"	\ZM6ksE)f\'VH}O4Xe2 *JF{=>Zw@?{?Id\r\rz/<Lu:[Z_U\'\\1+j\\1Rh&G0\ZJ`:xEZ+Is;*!n=jU^H|lsPm4=\0\0eX{m1DKKXz\rQX1\0\r]HR\0gF1>T2;PvpGPkqist4\\gewM10c;G3F[Z~\Zxo-\"Lc>xj{,8\rrO\\Uew80i#V^AW>qo%~81qN4pr:\ZB`P)I(N7.qLG7oI>2	)sV1-X%MF#Y0_s<_u-^Qi:t9Wj-.eU7h\'psPvvRPiw9)&Z5m`_|2:~9Et5g4 CP9Plpjxe-k<POpq?Rd6( jAn>\nFQ^0$vqoxZ]7Q7V.=st#\0v>$1k7Hp#={j!8 Hd$R>\"<UtiM2{r U`\0 W_%d\ZtlV\0t\Zj>7{o*@#8Q	k)i*~Gz8s\nqIJ2MqB\\tJ9\09\'Z4n1io4cR\Z4LC#!pT7\\[xn* r@d\nW;W2j\">[i*yUP(v#\0t\0V,o,o$([SXo>W D%Nz\Za({~a.@ me15\Z/<\nX1S/zU\',\'w\\N)B0J	b\\8!	`E qO?+v#ERHF0x8c<\\UuOZfL\rBw;h\"`\ZWx=ggD	VcWv:ui8YHpPU14\"-DoyR\"H#ZdSdiOpM!Il0sd~4N;U4|qZnWE(}T?QL8f285LD]MXBZH;:Ns=[*y!CJTr6xPzvjdP w$d\Zj>6s@x<zP\0TpT;>W<UI]NAt0(<{9=8\"r86J\rH_SOz\"AYI $fHM4z]\0gZp\rJQRp{\\EtZ<Q\\<g]M+EWjh1T\Z*P\01P08IjJV]RA4^dRrZr7nD;&}c\\sdjs5C:=BgxIU!Gp*g]KOYnZCT >d-g$+%J0;b(J~dsZeI1Rx9nm,	g\r0?C\nem*Mj`zZ.+$Z^YWF6;	Nk\Zd6,;p	= HX%C\\\Zz<:\Z2uSa~W=:\ZxNM6}OhY!36kJk8b^4F>iH8;}MeRf y(\08|:3-#iyr&9^=}H@SRB]A+M7T>VIo,w`u#2V6M}wH0Qf$}]ivrQ#	m?\n\'t}C9{=g)b7q[uiQ]!Is^RCWGxFt>{Ng,TsA|oo$[MD\'c|NO7sFD#Y?xs\Z5>XdBp\n6<O\0cVD	QnPbg Qo?\Zt3BI`8>%	dZ*p+rS\\lM5Usv\0e76^KtjnKn;$w%C(]&&46t(c\0v{;&ZjdC\'0X/V;`[. v<w/fqs U!#w%1L`wvF;xkP:^I*)yqs],cqN\rJ*`(pQmXshr-fkjLT\0XL8\"``v4VWRZ]<k#	JB\nEU6\nmlr:r5r<Hqu*m,Vj:VgfN{-.dI\09%/	(7aI<Vq\"4cL\r\n8tI$rT6f=X|&)MAkSw7Qh;~<rr}zHP1!\0VI=^\"y?+N3MHZn\0/t+9LEX{uVpSw0&$v`PAS@#!\0`Q0q;Q{}dd:!o\rrFO:Rr\r.I5<2\"~~*[\0*&0[`Dls8wD\"ym>a\\rX@8\0>cV$N|Fg85eJqrm6x?\Zk@.Gbw.JH\Z0\"g\0Q.vm<ZZyXBFwxhw,`c$Qwnn>d{VOt#V8~Ss*bi0Irs+1b/>l7.-gy\rys>Y ;;	<Q0h$+\0z~i\\\0;X<@c(H\"?o7x&\r%JeC>q=(bA0<`pku<\\q?0Hm0G2y$N:+gK\r*0`,#<W3yIHd\\ZxFw \0]R25{ke!% so5C=*3w9Udl]2l|-/h093+zuEN^i0%$\'CVVcEx\'LL]JdF	+<R8ms4vvdR<5RW-NiI$qacZ`_JQoz&#{qpc*U8[TK$\0:SJDb$,R`\'{\nO~=\Z(~;b}/bHiPAeu]N`DF4FvOu3wr:UyLW[49g\0@O&lAd\\v>W}*[$+{iC1LV$Im^Jl-3EeIHCEc\Z|Hj5nF:j!(?(mzPar;M`^^I|~;q(iJ@&:SUi	j0YXp*h\0yH\0%$#jV!Y\"fyX1V`pr_caS4(MA: oR*u5<`+C\ZoZ)6-n6qZO(fX `\ZLO#I );pzvUR	cYq\'UoR-oL1*c{YY6\"U{[h;eYdu?AV#[ie\rsT{OxdzQmJOXzd1\\@dgqV\'kn\\t?vA( e7aU\Z]2kE\rp	:l+m	J}zV[pcY\n`\nUpsLYTsS()=GvZ{>gy^$pG9~bAZyZcISII84Cf;AiiUf$GQR9Uh;ylh~ o{&A$X:nK\0\08 ?JS\\Zg%m]JH&d{7*{\n{39=P^\\KC<7\'vy5BOSpYQmJw#&\Zaqz6 vjBy>RoaUjEKrgLmu wn\n<1e.y-	N\0FG=}*mViFG5T =(JXH[|+y^o4m8$$Pk$\0$=+Y\'0G;S)Ps^N!\'+z7w#NIw8#n?A\\u+Ea*PRA }zV43iYin\nsyU+X;`,Q Iq\\[C<_y#zyTtJv\"{[PrdD t\'Cv/a$rSRclWS54%i7$LT]PiWZ43]#3,q889u#Ms$!wv,{S4t7P1~.:1]Obk\"PU@pNk<j{uY0[\"kint }iepoJ-iM.\\6]43W6rR]7+1(>]toI22\n\'WA\rAeVnTnn{S\nVz{\nKn&gqGb*4+	0[P\rSpASZ\Zy1Cm\02&p,^\0v-q+O k)g_kWAflQ|Xb un8R	z5}6{_Om7frVV<S\'y!-\0#GtzAW:\\pzQ@[@#<s^G&}4lgs##\'f4JRL@AeLU]wE}6tJInn17x7da1F~9xe{ l+OA#kYhEotm6R5}7Hi<	wK4r`AN;Hdvi{6)\0\0O}ihV99Ytt-De?\"3u\0~z6|<\r\Z;Y<A[iqHztRnOB\'>U^IeYXrvc.6m1rE7c_:\0F8^+YRB\Zs,4!1RrB[pMnM\"s/nUdI-*U:T2jPM+$ns$r+u?u\r:t,9a|W!>	J-qf)mg rGOj^WyOGig&uek-[+$\rN\\5xOzub L\0t@Ux)# H3*lSEZGGK\\Y|*<]a&q1LJ\0N:s\nUkqv<0FG[:3Mt:D@	H8V99W{woY\"@xwubt KcOk,\03=q\"ZzED<RQCw,q\0|(T8!JAf=Hl)1`(%2r\rtHaqrUdcW0z;\"m\'em>SJrd=.(omTGKrStb0n)Z1$!IVlAqg\Z\\AB\rSc,rVdaniU[899U(wE?v\Z{YtB&:#H?JSC[yFG\0A9uKg~tBLyoM. 7I\"+rpzMrn;W\0KJ;J=ztQ7+4b066ll\0#9`W`\ZwR1G&Ni=NE1\r#gy0sH)S#sKiN\Z@\0\'HwqA9gM\rL+pOZ|PKyr2%GU{!r[2$#h?\\6Vk[tki-J\nyx3oZ$z7\'>Z]2N9[j(32+z}k-W;Yc$:pKvDN+qEkGeRT$LbXXZdW[\0W{>E$j^l$tV7`!*s3U1	@\'#xb\nf__jE7-Jv@&1)<-wTy.,Q(qT$iIY]Q!@I\"y EK2@4&1HS:w4K3Dd\"<wDZ.2 8`\0BZ#m&qHq0ayY9,z\'< %1C.A:T29Gjt!\\`T(958;G5H	#O`\\S@XiEo>^s}jzqIwzBl8&F4\\P!R<{M$\'#F y5B!U\0+*O\n<s$whoN9=j.ME)jCSv&v<OJT1\'o\0E!:UtOJ(Z!yLJGr3 85\r+\0+VmqV0$\n-qPFV \0m<iwy$x%L\0Drjoq)gl7z+yZ{\'c@SXgFXxb]r\0<6 sI	xr+].;p1zX[ NjaB#\0`VFsg5cbnh*<V^[pa`>I$4o6%\0d3W~.4olH <	Ten;W?D:Pc#zUFO&g:YUvOY4Hn&(b8PR\"$i5MRFX!Z?mZMC,q\ne=](Lo=6+qm&p{<LTsG&+&x,/m3E$j\0:qlZ__M\ZKi>@~:\0f_-N8+ ]e2qrUx#>fjbi~;[+yH#IWtMy\r5h~$]`52_,c$`\npu;}tm9T/yp\nTUIc/-Q\n8GWhvFce#8^\Z5P_\0\\7$q!s#e}>!H[*S[&mck\nK\\U	<9w[9fP0Hw8}RB$]4)arTNWmafO$?1#Q;#@k##3^k+(BpBLv8|?}u/H\0pFv[j6;N5(F8rSZA\\=q	f#51-AF{UYn9\0@3U\Z1NQKV`irgG\"a}KVew\"^Km(@o9:YE;X74JH9U\0Zm_BZg[N]T^_:\rY[<DN;]4j\'z(\0{$ZhY+/U5wa$i	b@\\^3a,peG^Iy-+dY*dcqN7{yVtbU\0#tIqy{\ZKmgok8x+@\0|x\0ig\"1n~U7(T+	8ZJz;oh\0@\"l4+8Y]\rxR\0d]>m.mkawe4m>d\\\\s]-jO.ALJI*0SNdL@b}\"VLDk$`;g1VE#Ojd\\=kpCr2rO>,H,xvhlQ{`.1;\r)CD`@cwuU*|g#WVP0z~\rK% h-(R=G5b\0)@.Hc\0bPV3xcSI\'6H#\Z9R=(|\\t5\"|U dTj.4%f`v\'\0vro7@r0H\"Z\r\"0-\'<fJMr6	na%FI!@r=E#0;qsVy\\]*[*,dA{|64>+so$ FGrP*IBoVhq)RLR\0wgUK8S?TqO5m$\'08JWr\ZclWUi\0$RKmm.?r_	.-XxcNO`?\nzluHFkwfFcsk7Up\"BWljvv15dWJPUu6DwE,l93c/%T\0VxQbH`  >aJUnOY@H\n$d1Z8$]O41NZ3l=}qR][\"oeuki)wY	Ga/MH\nI*g&6cJ$cSi3X0uh\0kb/O9Bvzq)O	\'.M:\\W2g~`~SZcrW\ry6IN+d=3[sd$H\"$* )`x+EpTNT\';i.vA=s\nDk>@psB`NpFA>=Ra%c\\\0q)Tq oid21Mw)\0#b{yV;9H\0|AaFU9JUK8n~4{R\n#;2k5&YmhiosuIM3l3Flv=Z{hm|2 ZiRu`g4du4rTm\'\\w,NZ]Re<Eqw;QBHKOWcpB1`l`y|(L$qt@d2=l \0csJ:\rYrXZn\r!2q;bk}^_Ou\nOnT\0\\u\Z~MfbGgzN>xI}/N95S(JfkK@Q55o!JP;*E9VesUM`I$ek-h3B/ ^JJs! El>&l9Bkm~i*f\n\n$sG[K5k$<ze~W9}[F[Q\0y0W$W mC~kgsL]ns[z|-A\rT7YZJuhaig\\7(l_Cx@H[2EW#3(cI{Sg:..Fy9BZ7\Z5MOn|LU/|m#U%6qbi$#Wb0Mt~%%8IY\0Z*pZu42RRJ)7{QLFhSt#bQ\"Sf@qK		GxckPE/bXd%\0r-RM=R,2<r_nEy0V8^#Xkw0	o?GzW,]M2=b+Y&@K|BnX]j]S#*3OJ[y%\0h~@a|YHn$lqW&RTkU6]ZiG*,1F}k5Kqu!&\0>q]\r^jI%mN\n8?kKjh\"Cn)58UM.Xt9_v?:ms\0DD\n`68B\0cV}J>g^3,.r\nkV&j[-ll9M;M[i&I c=-$wr@QX\\jw+fIE6>TXZ)!{MntC-tY:(-WI7<ipl@jH~+Z!AE(\0`z!{}/&G[\0WZ(Y Kc=+|V+;I <gkkp	\0GQfI5+U#~aG-jKcJ[Ym40]K_-9=psW=]\Z_*XnvscU~	M54q~[]!9T3^G@ho9V3^u7CFGM~8RvKOLIRu 7\rysW--!Si\0\Z}kwhaY0(\rA1%74YyCJKg1r;{}+Mi\nl|0@1|>$d^;\\)8!Q<ymQ$}\rUKP,3H~IAMM\nkC>9S/=c<7M}p\ZEt	N>q/E}x4TDG\'pNZ^KMNU\0a-~~N@[9*3>/ivZTJ/\ZxafH`GRg.!;#&V3Z#*	={nfoBPY~}s_CxsJ3I\\\0\n/\ZRsTmbw4PDck-EiDc&5_6V%$ANz0#R<7qnHgS]sCZrLg\'#S5ggFdqu$43?.}kkVt*nP#ZY\\<ZW,=K >QnN>,98=KPnxSL|Bl0|}8pu|?YE-6Lyq@bGp|,uh:%4$#6K!qB~+aGZ%\\9t2i#J0=kqxpl`SFb`\0\0HSHpE\0\'Qz\ZhJficlHz.c	[:I&c?k>&nbk4lVH0c/cV\\{OX\"&bUw,,@vOQ:Jt(]#I-L2/\rk2jkPRkp6)3GKG[0<AcksgX-.gMor(Z_[]CtV#x~FN#+ef\\B?x2H=mSYQCc*IB1xc*l?wDT>.rxL\Z|Axm=yL\"P|(eF]Gzvrp#8/F{Sp9Xc\0 [cRH2s@\\B9H*O/i:t4\0eG_\"L^Oj_Okf!\"\"W:: P|\'ez9sqa7\"|c-<L;K t`#?O-XskBD*W^\"HJj}?Ao4BB$5)bk{eF\"mH27tMg	#+[nt1[7ok5j9J#ejbL,rc\0iiZ<w+\"HD9):tu{\ni+3c#`_EXyU`eI) 8tD>%B\'\nUY\rS`K4nP:4cC.3jsI+#h84\"e.e&J13kG0Y Uw&6H_9Qp;+8QQ3sUq(<8XIj9_zzi~S\\@-Tl*E| ;w?32E\nUjIb.	*jZtW0!qUd\rfr)F$^89\0JWr*li!#<Pd&J87R*\Z\0}_)!\ZRj2g	nr)1SD\0@vHs-1uVq+B$=*n\0qWAUhM1\Zz[#R~v\0u=*18kJ:0@T#E8Udybye`X@Wt91D;7)I=;0rGO?:naI!B3jf5\Z(n{w\ZS5bGnEF2Cn\"xwkh	\'9J($8~\r!\rFP0F9^RnT`/JBm{&\r\nrY/8o^qYK2g5F#:pD`;AC\"6_qnw4$sNt:iV)mnQ0-l~\n[pxZ\042k=0bdyl\ns^b:d}	6\"4k~0\"$26*z+K<)K4W2r=y\\6kvTO%W| g+1t;iLv2Yf\nsGYln+VR4bV,G=imv,kr0I@=z}MIqdY:3\\w<]-A4p9Y\rfeceLeUm=_X?te,2<eN}}+JCtPAUOZ|KZ>>e<GJl.moj699H\">[wF\0?uiPMh-2|1Z-	XiM]ei.DUBw/?YiZgp3WbR2dn>[|UIp^6FSWuvP[8v g\Z48d(>#DXZ_XlW]T[3opXoqMdHe3 HBoz\\W9];}RI,>Ae=C\\]\rzy&Z_EFtq:zLrF^eI-\\dH+ZJ.},b\\Os$q\0=b{WljKFxXGdvog&N*FiP1k7#.nf>qU#Iz!=*5\ruEZC^@|s]?\Z][qELg\0~rDB-N:y$I F60XcGZX	\"E4l1*r#$s\'A@Pyd1QN-n\0l|wQW\nPy;ta@H:L\na8\"t?7\0<,2PB\\=L,\0#5cfP*s<E!bFREX1bI\'#(b`G?BQ<guxr8ZkQl oS<Tl=\r<cYFbp*_&xV6Qtjn~2}O7Fv# =vu.WEqR\'6\\LW]O}3(2v:k\Z+m%Trvc8W|3w	5/210>+t?{{\ZZCove~>d<d=T\'Y@b!}zgm-\nqNN}0z{W/u.IeTp\ncqarypr`iPJO+=HmS=\0#=nkvz}rq3Cr/h<xs\\r^i0\0L#=v+\"i\ryeJ\\7*Lgm7v-83!!LscOJ1]0GVM1%6TrZ\\Lay3#RyJ[	6AkcMK`lDf}3[VNuqlm`\r\ZU%M\rrzUcSTwU&.\"UX`_npzr\0H>|r$*\Z\"F\\3NVf\',y95rE(|r=dI#`C>w&x{yH*{u/!.D mgy8Zsk5S3E39\'5BqT9JXJ6`Zi`iG;g&AiB/=94#<F8#@IPq(\09Hg,3@3J\\@L/1B\0&zKqNLc=I-ek8\0OBGPK}Q<m\"&[TS<lLq*h-|5}\\&X;*}pH\'=xKfXfXbqHv#p\0zaZ#U{`pI=yN+Dfs<(PH95\\n2nm ko:uzxdF!\'u<fleO	A\"%)i?)nW,$Ex\nyL}k06OZrz~5t\\YygSMylc9iJ{:,W\r}z\rr\'~SnnL*1af.U]?G)f#,dmMi;MnSWGE\rg$}*iuB8gDrKdcRF0&sw(sJTH4_Csf-[rm1q\05rweaqgS-J+Xo%ba\0q=}vq{[nXnc&9W-U	=QT1\06`7GJ|ywsxks<-\00af\\\' }_@N}JE\ZoR~R[Qh2\nmUFw6n%&@At#5G$vx@2`{^o\rsr^(72Nk@,N>P;\\1V)XjvW-QyJd<.$&Wh<s[	d\0Zy5+[+L$3hSV[I^m:K<=P\'>;;CcpTp\'#IM*`W! q]g$E\0dhRpGc8]5JS>baM~Bp3*ff-XEFp\'Gxu&GH{]$[*k4tm5/c\rpW)OIWqx=\0Go[\0dcso	k	+\0Cdpo\'!{`!}G5H\ZwBBps#OP6a6H=P 7\0XfQ,K#7*Wc89\'H555\r\n#\0]\0R@[\\e[QqZ\'w-tLJ$@=\08NTkI+W\'\n6zKg\"Sr\0gLh&$sG\\W2v,syWr;X|wh$	~V+hh+ddev+\\&VWmnMFR#C +:&0GVtO<wQ=$2<<2L6)Q!Dt~2r\nhQq~,\rBgy\0XN	5sI.\"|\rPfU[x.dxwm<0qS(ZG.nQq2goh>K~UxH|jwQE{gmH0c$]iz8|~M]%&gwyuVNpyt -?^}x	<Qwt/\n9a[[Ep1sYZt)H/[V.y+]{\'ojS;;v$?&P~V^S<^=#YOn#+Fq^ONf/p}\'WSkS\'\rO@ \"vas=|DH~[\n\0^zfd<\'74Wklb5Y[$\'\\}KD<vVW664>f%E##+fk{c7vJwG\0&x9Q+)G3KQAb\Z(lq;TS#MZFkTCbv79`1GZu]r{BKq\nysqv~#MxWT\'t23MumvZ|\Zma+06N\rWTl Ab6.RCy#vU8l7P^\0\0rvCqZ\'CJQ)98J=3F a2^[2={f=]rciA@G~}\rubQ=q^5V9OFXIyc$o%Y!0V\0	Ew!]yYv\0H^	 n zZq;|\0x>5-wJYrl3X0@$:WIx8)<OG,s)e{s8[WHq\Z +\ZaL}k_\'\n$1C\Zj2[}h|R8Nu@djd	9Z=nXiZu8*GbWKY.\"1_L{W07hZkwzRL2#N)8#tHF9)O\r0?J\0[[FIc`pTA\0\0_Ktid`58\000Y%+cxD9<7Mmvs<doT$g79\Z3/]924z<$7WZ?um.;&sY\ntzM%/40[F#\'O1F%?{\\>*Q7j`UB}<):@+l[/v.p+/|*m;4Q\"qOkg&d;>\r:{G6A\rw8O,Y\0>q^;Co;`P${fh^E>pEg^8Olxo|=sb}>xU^~@TRH.i8M9nMO\rO=2)nJ*H?/J6X1\Zy SCPJMj~I<CDdfC\"+T4|(> mJD0nL0wq>!M| |O\Zgjoq\\3\\x7hv)\'ebW#x1NU<yxlsAcoL0X>]A]u=6{b,YCcW:GqPKCd(lKZk05O$Rdg4U9iX1`OJfEc\"5 FAuc_H/q(\0&wr;R)\'JN>B2M.wm\rDVwZJ]#+FUyonN`a8lXu \"f8lsU;gUFYp	?tR1S##oN:{_oAPI)C\Z3Jb_W.rHd==he$sO\rpI\0\Zz\'i3N=$zlU@\0\rA3I+IMG,5\'9g	O\\2\'VLV&U[*x<arAQ t`Xd]2qI&YwIUd$bir:j.TN,4$h-E@52!<zPHQBV#GR<vS[[yv)jR\0#H<;\Z>Ui!8cp\Zm)qZ&70\0t$,axr4D$E`+2KW0;\r`<qbER$ysM\nGp\\O@	9$zt\rL2a<}*wqV\"b]HEsrE:MYv_X62<E)]+T$gZIb*F%VqR|IrunZ&[P=n-$|pjG9s[F\'W.?wv,*A7|A^<\n0$UlN	d,r2>\")4kWIYdX/7*2qVuickV6v`FYcu-yHIT9R3tInH58|)s]Ft=~r-[b]Cgc%aYc1L\'uI<Aky[RfDFpH~6{GcI=sJ5t\'X17gOV\r].>`\"DIR}A7X$m9~`+=*P\Z?>AsoqR\\Ced72YZ<UdX9=l\\FQ[;y-V%\\v=hw S[9*rzSrx3OuM\\A`K-v\'6}=\'.,sfXvWvtPR@OlWw7M!k{xXem$ -%og}R;2~^>:2:ih\'K4>e(A7;Wr5\',@CE<\0\"89+Qkx.~0/gr\Z?jgy>zmV`a\rwtQ#\0	y\rN3b.?(=W\0Jjg;{g.Oz\ZL$s91` T^\\\0BJ(SO=)\"v;A#9nT\rrH**9J9\\*9\0GM0GO-n\0V>,VJ?[yIbOAYL\nm0*eI+<\0:uD[!AUm\0T$})!SpA>\\}r\'q_Z9\'5xOpG Q)	\\tL\rE#41	\'i\0Cm\0\Z+,	?pG81$dGNqSN~huI6\0;xZ+0DH!J`ws\\7hVG+zaoI`]$\0bX{)K\"L[$O]:K,#!>_%m+kxLwr8|5%]%8W{zWtjDiaw	\0JGJKHhS{2w7WDNp+[A;MNIUS!>ki&xRjZJWQ[GfFpG\'\0?dD#SIX83Vq\rTys?[5\Zh\"|SFP9)VSFRv}FD2&3qh,|_0{czk)$?Ya1\'x-2(_k<J,/tYa31P8\\aWXMJ|q!XW+\\[]\nt?ZcL1sZEFnC=@dDr*269#U@!8TLE3Bx\n9&-lL7\'v.\"\re>y=Hd(qpjE1,34)qJ\0U q`H@N1W~	\\~c&LOnA+x@R\'C*mE&WMV)Aq5)#0\0WEky)!%\r]Oxam!7x6e&K\'i^9r\n5MjvQ1S\"A|V-i<FN0}+NV%1\'\')p0&##6X74M-|=<TvHE!tE( \rMXfv)bB: {5`I\nx* DUTF\\p.]Gw)ebR>\0]}@6;`c?br)I\'pN<we8dS8q#~i$VvalHzX^M.7&Ou|b_.72\Z([_)1i~qWW|$f=BWZ[;,C/+~xRk+wErf;t<~5^J#l/z\Z]@\\	nxx;Qf-0|+q<x+\Z_[i,	m_\\^Qj;HU l},$JP19t]F#/[>;yI\n8CKHm	HO9PI/xw?v^\0U,(\ZPQXS5k7wO8Gzg2sH)!j*C:w0rLS$P{F@I\\_G\rOM.]Lp#W6&%px:k-?BO#@ [DLs2-\\FU9\n1S|_Yi, [.zj\nAcrK<m<^]\rA$[yWo5wV\'e?iil6Ca>]\'QeW{@#9>W%pCap@;<<dA\'^9&U?(;,af7,m$\0GRp:5sashe1,\\yZ@3O_pz`cYCnZO2F|+ZIeXcq#G\0V5mR;E*\\=y0#82F+QEJjqq`mOBIGQgdF=Fb6Bm<3U\"o,BO&}<HyfT{GN6r.k#23ypcizcA!-z0NzKk\";LIkZGiN\n%R< hRj\ZM;El\\y?>}uu7(9lK=_JfA<[Ew&9<DF2	Gt;Q8(`En$|n@{\nkf\"DfNG><H,r\nIzWyiZF\0OK5*3,;@G8vmN<)$xh2J})-\0\"W~/3-S\\T30ZxVmXn0GO,7H3zvyt-22dkS*7/4BI\0tHu\ZM{}BYD&X8ZFKqt~(9g]:UAR1dVWX M8fYWv9]EK,zf%h{e*zw165?YcKu1X\0<h:iPY3o;?C^z_[n{c[O*5L	\\l=\\&wWw)Y}egO]Qi\Z<Ua=X#d!O8j6\\%Y$(~P@\'\0jPP`.7Lw^o~0[|\"INSFKtnxl~Pk^M*xB|}+\'T9XG|$\\f@c\"g$zq-)zB<^]qEpO6WyVtjTekYBm2!\0x\'S|\'9em$nr1WAp{WE_\0eZ$Xihk	WzSR\nZMSS,[b}/qipZ\\a(eU >kRn6l	;?:zPqvM|{pOvK}	AszF`M|\ZpJTx8T{$bsR)CS \0JH\Zp9Jq\0`\"bE41\ZAx<RN3\n*LL=_17Au>r.0=ku6/jH0x=knkIvI#pk\"Z2am{Jmd;\rOFAJlu]6wkI:k?WLV-\n\'#]6BcU([\'dw<WJM=+\"WP	14HOBVgh3kg=RXT0]v<3st-&-lH}S?JjK{\\k -L*p^xTi+}Qi%AQ\'1^3;)|n=k\\&Gi3%Z\Z\Z0;w)#q<gg ,1uF[<n\nHqC\'+m	Cf;\\4dZoflH\\JX#Th^j#8jD\"uo*<GZi\ZK:es5:|X!}=JyR,VNJEk\ZH>S*\rI0#Z;Y0VNAI\\lp9r~Q)w^T*X$DNF)7d XU\\n29sXBy8-r{L^E)F(`;`p4mF`9Jj\"5Km*#!\rz!b{#<\ZiQL{T\ZlGSVD<b\0	?)k-X*,8W77x!G$EARczU70\nQ8#8Ae/3Mi:EXM1#9Z5\0+<3Uy$ \n.\"K^Oj,bOW@5s`qM,eF$d\0\Z4,{\0:s=jZrkQSzsHp8*,kA&\\ONjr\n~;&!mL.U#T1TDrq ,#i\'unP2<`O \"4~BAKK+;U85(@T@3f*4ZU\0\0is*Vps.CZB=Vb@yL1UU(\' z6tZ]H+3	0d[-	ld9L8$Q|,@ZoquzY)NOK-7cl,pzGMV,P9?\ZEmK`8b9UmJKn9WPj\rm%6w7,1 Zg3I\nrOOz596h@=jO `o/r97sTAlgJ\rd#\r3V&vA_8tx$!N5t1(FzMgTB;N85yT=+OEi.H_-T{WZYR9mCV\Z~Vr(\"b$ r1]4_f%:EBIs/02+{$0AeI=]A\Z%MWpOP}=k\"yfd/B3w}[hMmg\'8*0hr@<f)s	\0c$I;mfg]~`;xfT1`o7v|\0{}\r_Nf\0\\i}ohJpvh:WK\0vAyj&Upm:cDp7Ry8!:v9#ToWQbfl\0N1Wwd-!$v#:q>ty\\\ZmGm8A9a3ne;tQs#wD\0}sp) ^	^Eg{qI9LWXkmbRU)GD>s/cBd@FRZgx2X` {k h&$dzt+[	noL\0KI\0KyC&b_\ZV-cd9{eq!E3Dr_J. AW>\'{;e5~HM8l\\6:}HmO8,|\'P|WGF\'Dt\ry{6r8:bZWf|NV\rdV?ARxBKmVI0W=O}N3& gtA[@\"8\n9v\0ugIS=CP{KzS\\I1?TfsBV6+*6EVTZe	\nx9U$1K*F1q?V9PRr#m5L})=A1E[\n|@D]m60q	[E\r\08\'=;Sz}iU4\06r\rY\0T UL4Q^~G0}y;]!f-\';}r)/u	n&RI+5-6- (H@d%q\'kY/gN:cV)FqRKuQOcK5m.+Z?qyno],n\'JKa:sSiK\\Fi<q;PAk!m+sJ,EOP#-l;]^QAVi=9Eiz=c/q	|E+vU,*x+\0dkoKmpy8@xrm.\rI\r!qMeT1~u?E&iekz\ZY-&\0+xY7CZT+J\"vB	m#\"<#N+B@yqm &LZRMNf*\\	99cTMv]h(;yg4r[4t\r2skcd2I*+{GqSC3jm\'8JN-Ai*d|Lv0JG4aJKXoCVk-G\'e&\06<w8KN3;,yg\0W)u`?+iBZa05{Xo^2\0}usvj\"v+Wlcs,rX`3v8Sm\ZX7w\ZvR\Zn$am#AU_g\ZRkdh[SG[zO<V[ZD1@qW^ArBp:4|M`Q\0H+Ib/Z9vjd9Q49L\'-,Xq]y[f}pkO[7%d2*.r:)IjQsX^iyZF	d\0gj[\r\ZkY~K\r##{xuu$ )qY2\'MYyi\'r!\0<\n2}MREtze[K22#X&DJ\'\r29rnEk<<}WS	*W#%@A[G\\zh)<dj0\\,M4XTHTF=AR#f>\\;x<OVM%i$DB/=e+)s5g5#$<8p96~uJh)^3U+)iyiN7\0r1YU,T\0wMXi]=j)#\0I^\\Q85HOpH)1\'zV Xc}koJdmexY~&Fb<U\';0ZPz\Z6\'i=FhJFNsVolH2JfHQ*q\r;J96	mFOz\0z4(Ir\0O\rj}^:g	a8zB\Z/k;hDP((R1Y@Sm	PP,v\Zas@\'4\\;S:u{[\0iy?zWEGwfF\0@S7n=Xm|P{v]IFs/iqD,.#0G$u>CJ8S=$bHyH ~ute)F{\\gksJ-B%mWGZkpI/yy~oo<wk{#OB+={3	%*6p9Rhww-$l$*\0ysUEg#a zE E1G-3C2p{3i$X\0k\"GnvvP +Qc t LxUX.\0w=^eg a~4YEjnpdVl/$K8g V+*Em,ylY@G=kNlF8Nk;6Oi20`)00;E,0Vm;	\Z)*#nzn+OkSZCWZtnR;l	2=S{Mx46<c@=7JvE$p2rkn4mFe\rc)5ex.n h	/\'s0}kd:M=0-TUnY	<?y\0.<F5~)Xk<\0Dx7[f.c<*Y	5hx]*UZD\0<1;:v#9\0=.R}N	y&etSj$:|3j6f%BEhz+vZuXuK%X/$1$;yP1Oxr8>fK]BH`c\Z_]{.8VSuT8[DHA\ZM:K5\0X}AumVkRWK&IX!Tkg8sbig,\Z[w!$}z`~lC#+,\"0\\*DKE3?Li7*-\'c#4gzW5[]KguRX:t -^\r`%}BvY!)NFy\'b\r\"s4U*u#us[KA}F.I@qoie^KG4LGNxBOpnndd`VEwl?YOCJ>.\Z:/dFEJT.F}:Ga%=>s gz\'c[MBTdtv5sq]i/-o8]z/uEac@ ykk9WuPH,=!UVB)R!aIgk\Zk4;IrA\"JBvvcybG\nc%;b-7s#DAR?Ct?N_AZd)RqzU$PFFC)N$(!	Fu<Gi-Yy,#YcQ\n{zuu_4.L[@73\r?t\"	&Jjn+L\rL\0xN|ky_$1E?=kK>4S27@P+sCv$bw&x$R4ME++8 C\0Fkk$NWW#\nFVxJ\03b	RT6{@8bJH@\ri1^-&E`$G5DH5Z#\0{=xsFt83\"7mvX<5Z%~aB{y}k\ZLBH@*NRWOiI!+u]Me)}`WnA\n{\\JW={butb<	;\Z>7Tm)W}T\'cffc /g(=*>EhyVrS!Nc2)(x<]]6&t -1y?][m3G\":zz]/\"w^Dd6{#6H8tC% N$L\rb4!\0RG4=G8JH04wlL%Az,A\\+:g3$c*\n_(B6qU|R DNwj$\01nr@A`O<R$88ajTG\\/NlMz*;N]JbTKQ\rsS<A5J8>`ja3\"\0G=f?<:mqSFTiF\rxnU`{T~|L=q\\NYdR\nt;p)Q(7C1R*n%i^kHE `Bn*8_N^,.H\Z2z5E,gBWt^LH2N\'>$\0xztWPnYGZ\Z[MRt@\\yV6\nN9,r*#\'`2EVdG\n:q0\ngqTO$itZ;4{8GPDQl\nHq@9\\\ZuZ C28l;c=lk,K,ypH=:3X_z!]IU\'syyKs0YC0$=*oH/ijXVV`jH?0pHf$kc2:~CXI!68D\"zU38.y*9$8-lOUdZT w#ga1TEr\0rH	<l3T2UY\03s$sI\'1>S0\'iLw\\i>1!P$MDn=Hc\0.OjzGI(\rBsP<e\'sz\0HdhMW@57UTz`_[kKquQ2.J/h#C<wI-`\'*FNx^KY 8%O~UmBm^U\Z_t*\'9?J.\"d4PPcB2!gh\\Dr8#z{Vy&vu@O\n#:Yf#PR|o|zVy3!Tn_qV$0)y\n\rNNv$;%lpK\\V)-d`hyjnl{Vopca	6g8Pb\'<oF1Y3e =!<!i|!UV#$HI~Eb)]F9mtAVd*(WeA+hGbdQlk\\	%6u A.d,,sb8o\nZoy\n<\0qMp*pUkmV\rxo#j$5CfcktgZt[xek\nHF 9k$6nD}wczut\Z+jcHfGw@\n:z[KJIbB^),z.lh\\rN]0aQJ2b_CRu3E\Z\042l}q0]pKy6])& FC;6[ftw[/bKrS\rJsD)\rnS9lYeRw9zL\Z7rzf]AL(AX9K@oa{%kIUXtC\\*OC\n\\E6uPV&>{&XnyyG?/_HOK&K\\\0)V\rGyRI-6|6A\r zR;KAs,V|cIGN\n`X\ZIboG9WMiR8\nU$+[`[PRFEt_pASU\'clu\\ad\n+ o[<Jbx0]cF\0w\0\\-svz.UeEgf\0dfTn~SY2ut#H.Hi16d>s}j$+P]8?{9$gc+\0v9ZV4R:I=?y?i^\\g\Z\"2vfd<Jd&bz}U;}wS1dc!LD\r*|Z\rHn/Yy7*gk]3Sd[W lOs)z\"L%+r~Y1L4y%.RaUlBVBZLG\r@fw=i|: #\'&/3Ap*;RT\0+{H9XZEV\0EOzVH]!*7Dfs#3kSOo+4k\0QIjF:=Vbc>;_9[Tu,=O=jzt*,`V\"(XpF	3-6!*!H])Y	.RRaBp\rzs1!pzwr$]Z4K	4\"[f>Otf0Ayo)Q\0Ik<,bl\'8?SJHo}2gH#nI4\rJ(5yZkS;d.\0t$.dOdk6fA6yCHKn&OZAr]_,9I4M\03TtrnhvN@#=lVuw,LX.s:gR\nIN=7HvEr\Zc1bJ$fqqx%\nqT,\"Ue*rjv!e_1\r\n6M\"e^,G(;T`3_z+[!CRHaIcdb#?\ZIQlC/ Scy\0dbqjtQhZ\"*BIP:\Z^E1a]JppidCBRX_ErWzWkdX3N~^+9\\uK\Zos[mkh#/\Z6f7(v4Mv-gP:vn}ysonmUuRxRy<w)=\n$;%gXqz>`T2\0H85kbwy\0*d<*GNG4NRn1AlD246r*Cjz =ImmNz\r>-ww)A8QIXR`?ZGCs	9IqtE|Yc{otP`LzZ{\Z<ZE;_~2)8=_[ b\rhY^ )|2C\"\'eJDWXUF!:*vW)GMb(15	@+C[K;d7!(aYR^vz9`YHkE	G~Fb=M>{G@P\02HJ.$YR3=O?TI=O4VMQt$J \0,*&0(m<6ZI2[w1~C}v26i?y~G9\\]iE.cGA=z#9lmo&@!iYy5/\"A>2>mek/F1MliMoipb_8,:`JB+ l<H\'5MnriwwZ]&j1m=PIL,F\0iq*P6\06M.:J*NNE)06b*fB:-Hh^qJ:Rg 5{\\G[bqOW)\"j*AN/\\MrMf;Y\"q2yl\0,p!#XIfYUG5{ux.V4C1X./\r:k^EkoM[\0`Hk&7FP@9m3uDGP:`kV2)1%tV4_.HD0y\'W>6&l62UtG{F+e$pGvdJ$:]@iXDciKnq\\^I	uFvK6su790; JSplX=jS%2T(J${6G*\"Xld\n+oqg#F\"99MJ:4%?q9,:qZ-GY/7Qk2E#s#k.=xn-d#196~KCCPeU%E=c$a5^axt~pc\\_KrD3F[9=pSKb5vla{[Rx\"=O;F8	,z	GD`d@DlW#~\\TDmb;WGb\"@=k]2=@e`y\ZW;eK\"=)`n#DI3AMv\\[<%$rfucJ;2d\Zm}5,,	\0X#JpCq]qhRhZRI$^mI\rt :Fn\ZQmKKg$Y8Efx8#v}Sw$k/UiPM/G8IGQ]u}wSQVO/y OZ+kwG2j2x5xxgW,\\YVlF]\ZC(&a_V\0yXFp{:\\Gm&7R@GX\'Y+[+FZ9}8w1nu$\0B+pxII5+;>\'6F,M3*TsM-*)rN\08G.EDuq$z~C9$e@\Z2OWM{~Rwv$Rx]\rpdyl;L g>mpQv  13f+ nGE6q[WOmesYTN[\rMO5@b/\r5i7,n]~l9+Y&A`9^l<1c:+GH[R-\\-Zl5!VmKK5Q[-&N\0xC^};79r*05	GVyHUF2`pAz8atb}Hv1\\-.=+4\0OQFb^.:qJG5*d\Z5\'?)<`!ZP8>0\0;.spx>k7cPOs^4yd20l^kk!VhFwAzG-l72|Ox|om\r]~ltma~\rkpGp2w.aWz}Kr\'CcK^29	:h\'hei|qU+#mK:~X# Z9y( s\nOJ}^Y%\"n@ voQQ&)fy&/#EyL;Bv}apf6I4}c|K+[O\\8	p\rkza5cS)H}h]go#& pEG\r;wL\'5@<\n(lPE$Hy8b=Gyn:\Z>1gpA\\7ftN}*	-F@$\Z LKuyeG574r3k2Wc!OJ?\'Jv$Q&$\0P3$[54%VsHT\\UHsxzdhjcu{Tj\r4a rqU#88nSPz]Ngo,)I{on0a9/b2s~4AS<K,jZ]$P)W{\'<Ac8mR}:Jk+a6NAs<q\\mMH6!eIB1fR=#qUAQQsqW4G`Nw-P6 EcDSZrB b\'Q\"|p(!X>yDMhca#9Qa>t=+)%CpghHHK8q1=6@\'%1rI\'iuikUIs\'$wLuFpGOH ~}3T1E\r@\0`I<PZZ%L&=GG<U_%aU?Bqo@H\'OH0j[m^S<7Kcs(TrVMRvvGJ`JJ4Iv>qd&*j7sydqJgj8R0#r\\S|`y<++Gz-Kg0\'-zzJb`\'wW@Q&\07!mj<(co^yR)1J `&\0?+T<Zz\"WH*4DYdn^]iwaef:]y!(2PHs$\"O\"u1W6kt>CUK&\0Hlaf_HZ/v$%M2G262Hy8\'%?e?!FhO,j@ZpK;p+BUH4<!>Ki&k#fG@@i UgYA*\\I)UIb8*H\'OoEn\ZSN\';?-V]5^KK,9W	]A#1{3&C\r]e4>V0q6FrsZ,\rxHq={7AaD3##.l6xUv)o*1:rHY:O^x[t9j\"%uR\"bx93X+ws\\Vqii-@>cZzggx=Iu8 VM\\G0F=zk\ZmATo>e%bhFw+w\"5bK{Dx(U$S\0=ilxcspnbbq9tIU p*D1KhNIA\n\nAVu\ZmYL*8arycd\0G<\0:]T1g!skr5!d.uU8m4P4-py<I=q(Hr_nR^v0MF$?*F;ZeRr\';xK[*+xe	 |j^cY+ZKggyKp\n/1)G\'a,u`s\0\0&fyg{\rBY/0%-V%q8;zFR7\'\'n\\UB=VUX=sBjmaIrGJLsk>j@\'-sQ)(Lq<p#WH&zK&OOQA(3&>Z[:+0Dl~nqOf&(1e/`c<M va\Z*SQ]djYJ_s)7{1vIi*x/H6ZE\\p;S%MvL\\\'9[k4\0 HghcR<[W7\r,\rIfnjgD]U	*:=j\0})	G),$!8\'x?.XFK6N;eqIX)*,pEj3g\\	I$8\0tCb\0kgcp=[$_y$Jw-\r-jUl1_&)6Yuck`nq	`=9\ro>JBo>s\0_^u&ZJ|!O,HG,B5b%{j3vk?*XAFCqAL\'uQge4	@ar0%-M;I$*  3eo(t4C.;m=Xcbg3^=)1\0m\\\")=A>mQzjJ+3.A,\r	u	>ZEvk>>#`(NqX5a}I \n]=>nd2Y$R[t x,D9U\n0#TgtkW2Tcr1Zwgfmp_5805&DD7d|mnN%9<l*R\0G9Pkd2B=y7J**+{~(pC`<vy-_-J[p{|m#5=>\0f2@oDdQ|jJ@SL6fN6=j,+5Pll O?Z+n@UX&=|=2h?prqc)y:08\n}FqM9NTsi)	?%\'-rFW9<#A$5f+o5A\r\Z%\ndQb_4t>G8*-r\r\";UBi7})6\"\0|*A\"08h A\0he\\17eqq9lRCu<A#[Z%FO3G*3\0}	/#Kdf]G~*rs+$\"^,ZcC\'It6:$eWv&dN@Bq=<_S>vzhv6\\k&q5NjH7_jDdkNxus93/(c?zIDaSp\'3	%4WgvB.X;kQv66A?Gr95cO)\"/\0g\rR=nSa\nrb	%h-L~-%S4ki\\y(;*Nt:h7XXpzAFR`)\nj:r	C\0p}}i)j14\"KyHq8=N\r_OFE2Qt>\rqBWdu9APmkd%A kubZw+qQ~Yz{PBw^m&!lBY[\'g|Mn5Y2fpS;\Z6]i>r\0*bTpk|gq_\"i<8y*DA+pR%j[2Dl1Q5T8,Yf\\U$b;	b*2vmkN]:E;`|2dHHFr	\'9lz$c@@E\rY$;n9.1Txc5Z6\0ZH\0=R2SF*WJ68\'\'NV`1(81\\\\I(/!U=\0k\r*b\'>zmF^	BoucI\Z;]7M{Q#)2;W7_ip,l@=+\\5<T&TmNK}j(mTtfh\\uVp=Maoky<m#1%kQAy<`iT*d\0=K{k.3/jr7dwPkSWgH8u&cO^B\n=inccc+X[[4Kq&V9RkK)NaJ	+z.J$_(p\rD~\'&K\0%JL/m+_-H0\\@y+BryINy+N3\"tcJc\"\rsA\\^_hc>alctB#z\\3wWA}:+u\0W\rzj),E*\nt^ %C,[0\\|6]Tj<]!-vFhk.fKwdbF|uKo!hr68]Zz1j\Zu&5<-t}Iy1W	?y60A\'b\\C#-#0~_wo<bRb\nJ<-LHml\\)vxvbS3cp=\n/:~gONkwlu&H.X8 a[8Xj$6Gw!F%#RxzV;h8\\ZdBir;8ia6u,a(?xmI8=clU8ds_ax[Z}dbFA5$hmwqZXoK{YIDj]_*%7k(}kBI,2ld{zq77pxi]ymyu^X,\"OX2^x&+jiV`dq:Ndv<|+])YP6W @2\\hJ6{zNug_iPV,N\0uc9g5e -mD**ztwxmZUKU)!r]G*^^NXtch\'?i1^x8hww6o%U:Q\\\ZfM\Z`xkt*OZ_Ei4`~Z2s|y%vR)!\Z\ZQ5o:K40wQju/wbF6W$wmcYpbi95s/\"~GM\Zt[]^[xJDWW<W,}\05jND,\\/]hrpM9OUGZY)&g	xDy\Z;a{1N\n&h#}4lU8\"Vk]3RFA}kz]w_rE\0QJv}O,$ X7%Osq4d+\">s\\|M9\0R\\+WYqt\'=zWMc{w%R\0~}h<*A	6 #z6vDtpDqFyC$v7eo=[rMAQhEe-YO:m+/tLhG)t>xmX\\ H (ae0~QwH\"+;WT+v@)ja=$Wlca.h:{6H\0pC~S	\'N=5qUBk\'vpYciFRc|888f *BWHGQY@VPWI=MGm8G*bCq \Z?=P1WO4c6{z6<J ;]tf*@ 2+L=cd5vO\'U^=7%%]JYNHBtIvrw*bl2M42\\E5IjVeXH>5*Fu+0zyI\0rkw\'mWQ6WKML#c><GEu$0+	\"mNx#cKG+P$\'h<WC=	/Daq@5\Zp`W-Z}qUc/=p]NxXl<y8>6j1(\ZQN{h\rrDCMZ{Sj0v6I+{jWnn2\0P\\4q2q+?^yd62=\'XJGmueGXJ\0n;\rqS\\{p\n\'1]HdZ.5y*}6-{I8lb}h	}b\03&}ITXgr\n-8m=EsMg1=JsbRD/`~=Ef;Cm\"TW^B6A=7wPyq^(HoRz>2L`6:yG?2@Fv{K;G5\09^E*e&O<H\0/	)bH}i~tXE\\b	UWZf3&LbK(<^H!\ZI 750\ZJ9#`52 \'?A,E\\IH85OECy\Z*lV9e@m4x?\rezU=nTfJ(\\gS<=j5DyW\'1gz}Jg#pL`]%)n~P8>i-r6zwGIQ 9}:;v[\rZEdxI$$>Q.-sL9,>hb__,P\"/%1qU9rI\\.&7ZE;\"/\0 Et~VvX7#\0]N{9A;\'ZZMg2\rom~3KHO:yuI	V2Rqq\\X|8cz\nmfc\"zzW#z}mee1m tBsl9]6]Fyxlh+xY_q q?T!#M?<6MBp%#vwmMmbA1q\0u<p9VK]bP#3!S8[\0\0u3BcZ^oqIbiQ8mWe?ihRF*On` u }k\'ShRc	Wp\\2lH\'HK[kzNp8/.8pwHmYK\\:gSl@\\f~u)\"	D0$x,$t\'8[v:,HfA\"R[6c,l9$TN*$_MS6x\"`WA\'-rm%Iz***$~\ZTP#gxtVwl\"NO\\E#Gu:^_8cNG\0r\0]sU.Ss{D[_g~$TqJK=h$w0KUW,	kVZ9)\")@[x+\':W5!K{Hd`1r+\ZTfYv)HIwA?.=;G|qM%W6[IeI95GMCw zJ6}voPVFA}>TwRXW{K)?%CFj7d!0{zV^_1}0sKTEad_J,\nFWsT5MinI-HJg9?M,rco:3dX<Q,Vyb#<cu\rs6%Ml/]v3eC\rcS;\r#\rdaO-3#,[g0\Z(I$6rXgUnosr$r3S1fosOJMIEne+6UsWOw{\Z-ro27bN{f6ZELp\0F\03\nrzR\0	\0gjmv\"5RP\"XF	^	NXX2c5 tb-#gPO8}jRiQ\r\\qWe4VH(Z_J171KsbG19,.\'{U*98?`/VKt2KfF\0Zi=lTE3N]OhmgV8C\'A#R;\'t#KDkUE!5\0^F>@=\0=ldC\"+9bxI%N\0^4\0	{p[DFOt=NwGXJ\"49BS<z4?\\q]lK0PN*%N<5z%\'+2rJSrkZtqqo0l\0#wwV}HpIg59T\'9\\>_G<U?kvDHAPO\'n8bI G,RKN$b8\nVQM#QXB-zas(!_L(k}Q`3 A>mUUE|99{~F/K-V;N	wx!W3k0a~D%RDLO7\\\Z|<tZhF\0\rU]:`d0<?Z:{f5	_y\0:}fzlw1]Fd\'\r!q]m>mI<Rc&G\0`g.&6	9>/mP~T}qZy`ZpF5H{3\'4A`jPP|**s={U5i<UGA/q7M\Zo-J$#hSsou%_gP<3[Z]T,AE<C,c@vzVeQDg;:qE%&-~prxOO\"3vPiwz2<vdH,p64C_>4S\0TltzOgiwdy%29NyztCM\'J,\\$R0>s<3k|u\"8 Xc+O/maN+rR7_h$i	<q;8 v:a&bta_lb{f,c<zkf)$isM\0E8@ei0^knE\\ dI\r#.I JVA\0Cq]g5\rr;(8u?\nd>;V>//<;p|q>f$\'Lun0k>\"xBX#{p&MK)ffa1{BTry2{c.2\0P\'J#z\ZWS7jZ\\eT~{gW6AYJ#T>0yoGrj>S|eMwswwu+G\Z#?\neryYii{h>TBK\0pH GblVPeA#<NzWdBR>L,k0dn;rqnyScAC#^37\ryX\\~I8 CEbT>q[Dy_jnls]4m\Z!|RnBNWsz>4Gnp2#;+N/^\ZkJ^V8\'.k\"Rqsckk!x)`5CT.5V+$3\"pp?LJ{X@@\'+uLcaI,%p\0VTBH~b@\0}9uxv+[kyg5}:~UOm_\\lTdm##:WE75m!9=39Wz&xA_ph8+F>\'f>{yBH,\Z_+E2\"U;nhL\n$XHO\0oaP<q;uU0{\\5C[e\\>@Y	#\0I\Z5X5Us2gs\\.YVS52AyL76kNxmh.\n2XkI4yRmE xK)$xc~L3O]8\0St=)C3QG%zScaMup7 gGAQ\\xRP8M!^$[%p St}WV0%\\{+\\]2;kssq}b+3|5g{lQ)FNGI!Ec\'\"<?.]gDg%FL{\Z5Vz9Im^9R3^DNShI-F,jR4L77k.R;E0}{{0a$g\0:PH>vk\\<(T[:+VH$\rqzH*\\	st2+f-1\'z8l*sP9\0c1ACZ3544IrzPcO<4f%+\Z\0rA^ym\r^pS.O^cy?y*f!o*q>QqM#_DpK;A\\\rY*bw	\\8yc%spU;c\n7	+g\rQo}so,up+/PX5uBN	m[<Wod^k\r\Z}H#D(p\0[K4k{P2ys$Ogkx%CoT#iGsnBdt5gx%m zS`Rj),dcC0z-o&?:5>X+zI;I23_vcS7wxU;}k3RV!p	#	;sWb	y-1dI7.@Y&S/uOH|1wi-_OxUIS^`ng<svmXO73qGZ?\Zl_kxa?SxI[A9[^m&[V\0v9=oY6ZvKp~e%(4k=N3o^(4u\Z:Ia<,0!c[S3LHVQ};H]N?ly7O,[9XQj[nh{m\"yV/a`N\0Gw	+ZPF@ \\Os_n3dc#A Yko3&Ky\0S?xb\ZP$n9|aomJSWOWh%x~&J7oF&;K6r|O<YVkK5s[;2D<=y+[,\0\0xkzMaFNCa$4\ZvM\'#9&)\'pG\\rzDZ\\I-%^F+V1=;RsZ6BZN4^T)KKt(\rkH WP1knW X#%$QKI=.]g-*Td0q7\'@rU	uikr.HWLsU<8qD\0<@:qLN53rj\"9\\g4b<}(CS(\rHAGSr9{`)`{XBg4\\#l~xPd-iSl\0ex~$2Ww x$%H^.R-2mmC\Z`y5xvA&Fbp:^\ZerC\"7n(=\n)YS6;SV%=MoI-@UuE?ohuo9ycq^P]\"w9T>zVGiwG+pBJCX<K*-r)m!ifYpvs{|@mb)60\0|Gx\\4N5*=\0L#jLPH@8*zB94JW8fHS]$I.\00q=\rs&iry*	8S<F	-S=-Rcs W^\r9\0PRD\'<tLjT(@198F29i4m\Z/-C1qH3jX3\0\0;^M{t8t\0>vN&5IO;[aTR+[^f{9Qv%jsRNIQX{Ik-)X=Y\"P\rGpO(5?1+5x8.FvqZkb+kK{)H@8WCL4gM\0pn=8|Pvygb9pZd?Kn3F[>*rG8kRz%[!2zWWg6#\Z#[0E42.Ysqvc%*]mb!Q,LOG##o%NrCVX aPa?>H#Ty;&O^iJ\0po\0=j+cfM\" ?(V{a4FT~FqMx 3v~q]%5Fu(#T2(}8<)i#j8m\"FhpFz\\+\\r<1=i{(EY(G8R3j\Z7m.M4O8a~@yKuB:jUD3r\0<\0)\0Au<mH940OJsOFN0O<R\n5`U@@\ZTc?;?b6UNNSh`rT	=qSZiOj1*_#KE\\viH!:fTG_!w\Z,|L`iKNh`F]\0=M\\l%(bltUNN`ZszE07\\(fg=>K4/%nU:9c/v.R8b(#xqi-sh,d-c@`Idg;\ZY0H/a!#\'9^;{kJL5vOyt#K4\0&x<9wZW\"<4L2x\"Irrr=V/^RXgyM3\0]?w\">XEE,dr9+:^vTY#s)qrElvK<WeFb19^}!!fMrqY:5eT+aQ<<a <CRFxViDa%js?YNd,R2351dj^ZD`3O\\t$HKU=6:.\0Oz|/c?\ZY`9Gkqu2&6Y	{v7nc^>&U=_2<^t;ppL\n;3U#Ve3R>Ws{vuma[xDqOqp7aUoN+}Limsiy}mMjQnT&YQH\07Zg1\';xfBY$h<[}\ZPGP=	KiWP\\\Zcb\028=qOkM`L \\0i6	dh3]m<,rG9vCdv\"kjS,@EDQXv7I7FN*={Ei\'VE^8C\n9,0J=l=QY$RJ<gq2+R\'yvR03TZv@Wh\'_pC]sx$;=I}q98\0]vL6VMSHKklt^7rrHQKRxU\"\r*S7]q\r`]I4e(UkQiw\"E$FB\"$0]Q_xAx oR0t.&&TgsiFOSp ;e ;#I0>,BIa{Ve,ws(#[/YVDj>Z3R/I-$~tAZe8qY^\'y-B-5}91sk,a%BCX6hXHIToP\n#jx9%[b0-gNq\\sN:yGjpMD2m#)m$~.4\'I;zZA\\.ON9&5CKWk1SbO8c-0}1R^R6s]Rh#5vF\'clxQ3aGS>}Dl~L\nule2-eKrK)y\Zw ?$[Z[`M59 d{V49Ahli#}bY\\7-LQO\"J J\rK5Ye9Hyb>R8#i;wF0QtaB2qnJK7\'c, >1\\6e@$\\s:2J0(.A#5I%;30tOYhmmoyUTZ\r\nJ!cWl5):`4Ttg_kz]\'1cQgG*Uy\\?zgL\ro.n;11OK9cQ.oei$-) nVbjk;ksn/CeIf%Oow6V<Tg.\Z-IK1jz`/R^EBlm# s2%l0SDc\r*#Z *Fz<WSGP3\0I,aph!H<.?ZK	%-G~1[zKls*MwO\n]i\"@\0P<?&?W\\!(*qJXMF;8gi\Z/wL>`20WGxUlL Hz<>p<)\Z}cr\ZFn-&_\\$p#U]zzW]|DjI`F646~GL4kI!$<W*L$.y`OLoDD?sUj*:$h[s=@!h<:tM7VXd%R0qHB6q),H*Og	:mdwlhOcU@7?!Goh[Hq\0{|\r]M`iF<Z.\02Ej;!7/jXF8PBtQ!IU\"Yr[=Jb,DbP1YV+Ujv{VK71PO}~r;ft3M-e_*\"89a	@J~qr{bl\0\'\nwaye2<:2|9	piUFo~Ue$|*cwvSMN@3G5gz\Zm54g\Z,:)jl\ZW3SJ#$O!_-Z;\0d6US8dbr;I%LsV6.&.f$yrpGB3U\\%y:nDy3LZ]0jP[-EZw;\\GN9In4]!pYs tnL\n\0_w#.FAByn)\'=\0+6d71m{0j<=X~|?.<CVgTD\Z=46v2[_	4\'W+;;dNp~f4xV~m\"?1qwiRIB0 *|@TB?VW=xK!$/$rm?pmF|tceV9>\\q\01*F@]i wG._MjKX2j1^s,%xUZHlb<W6%I<mtlrgE#+`}jG<bHz2:^a>e `y;M:Jn3mdzf.[V<nXwYH5Wz2k4SQUwkq{\ZQ T@0=m|6rih]>N95xHXRQ$\0g`dl[\'O>[bBg	Z\n\\O5&uA$;U)\0\nOP[)=<CmeDy[9+0-9\0oJAdqQq#\"H\0zXV~j61C!${pOw\'OcK2\rg@#Gy$Tc$j1iqu4M#&@x#Xb\Z.R!bwJg7!O3=Apf7b3&it1LQ`BkUW5KH@Bg\\\r;TqUV	%q/N+jt!q96FN{~Tzp)\0tE:Q2bFxmOh8\'\\\r[1>ceadVu\")3]UHWO~SV(Bp9\0c\'u-Qx2X`2ZF)eJW5A\nQNppi!bT~s[-`\\6H5cg#UF=*XCHT$g\r)`j}:H+<| LlCF)w9UH,yj\ZMc|MmOi7:MlrFWkw+H]~S\\]	$(\0.%idl8Ms{9&\rO[$A\0v?~/r\'P&R\Z9W=:W%uRYcA=.uKR9^Uv(cJBmt%ac2/qQf1no 89kIFz|AX;A[(;Fvv\'VwFRAR1QH5E #j#dF*rv#zh3>j:zqKu2F_5Fx.zw#uZIp>a8WV?k,u>[%Yv6Eo6\ry	2Ck+)xZyFS$BKZ;1\0QeYjm>^cg$~1.n4 iwqskZ1ds7l5p\ZQw#DJI7#>^hz	!Fo;5nj_x6\\ChgMvas\'|<LorbH;jTs\'$7PLLg?wsT]&x4I.@ hO4=3q\r |d\ni)J\0q;O!?(79KH:Rr}KG4ii\0\\wJG-G4.Rh<l;0WhR>CJA&pvuQ5# )r+K<t8y>o\Zat#=+Av.I2{W64S>^^vdt=s#MA`fS6\"4=3Q`WLrpzpv1O$%xGnkR&da?\0\n?EG:,2ZxqOf(&7pD!pz|JZj}%at>xRme\\\\K;;qXtW=\n\0Wcz5kRIa}-#k\"hk~&Gzn)4\n\0f&Il@5$~nIr;4v+$sH_VKQBqC5mu7H	j{=9#<=yBQ\\I$RZc\ZgGAJZ%6V4\"TvAp;RnLfYu|`sscM6Kq-=qUd[WqUWi#FCbTsl$(\0p@=2P9E5v{n-*wp{z\ZfU!du a|#!wX}[jqB8-rvpj<`H[F\"f=k<YlDXu##\\m}j[~B_icN%DEa)=?Q:I)-l\ZC!,v!byMsK7Hr:k]h<$|I>h0 $+e!dsXc}P_v\03&)mD<upXjBM	F2*<=Hn{h#M8+L4+I	\ZF	)K$1Wu+8~{g=j=]J)F.=kjZ}E;Hf$Qc+C8k])i]Z,F0=_r{iS:5.`Xw\\9\ZHY*9UqV2g<[HA KD8R	Jeumqg,)k$L3C}kxWdr+TGqW[CzCm12$/0U8.<u:KR[ahsD4o5bcVs7I#Vv;9jr7m<PHQ\\|vg(>@\04 sM>\08<RwT$dSso\0\nvE5WrrN*RZ	S*d|sLlb*@\0GSBF_Golc^sX2pzT[R H#1(c@@U]\'~5|DW2(%>U,N=*?w\'/cvM* cJs.mEz$\nV2{SU-m1&7{\0SA\Z	7)\r\"k6\0\Z}}+fm2|<ZWwe;lpP\\, 0QIA.irJS$6\\^~Ga;AmiR\0>Y[mJH%`;Xv1&_Kx;KtC$LD[[^NA7-	K1{S-HR#CQ09QGsW:nu+Bp93\'X02T`v41Y,>\ZH08\'O\Zov\0Zhro\\WxsC9E03\')9Ioz(jp!|9\0R\0nV{2r>N{h>`I^|0]<<W7=N(3HU?Owuf-BhR>JA1Tp|TMgT@wO}+{eF#}.qyz\rG0	${Bq3S?0zZI)Ty9X(\\\'+neb-aa6=koCe~r$t9y_	K6Yq=3pUW;Q0|!Q*OiuqR$17aR0pjmT[kIlMmF_Vw0eno*Kft_E+Zqio::\n%O\'n,r8lt%6\' g8{20f9$s)-,RFbFW*p*.#UlBwFbZ]\'yTN#LgWv(Nw;@_m	BA+O]vX][B\r X3cND\r{VwpG6\0ba$o]xJEi@9wVwh2\0qk36g.HM>@sJS].a:H#dVFenxM%%ncdX	<W^BZbg8@=	j6FV;;4hXR)f**{c5.!hH# h1 Bi>{cq# 1ZR1+H5(n@5\".HlYPOTk!!+>ma$()f:SMnINqUy$cXD1#@#J;t8R9KqZ\\]\0b>a;\nK[	\0zVu/Zg]hs4`1:6E<tr\Zys;=3ZfQ5Y0XAcHB$P)E{eDQ&AaV!\nBJ\"velngXFTx|m%A]jBI0P\"\'44S. Y4|)\'Xi G=sl+w;IR=B>IJSEx<\0!+vPu[LxnC7#8+Ezri*N8{rz{W&f$9h89#n\\#GR?=i1@NWllpL \'sV0\r0kh+\0\0FqTr	a8a*)3qzR\Zk_T% _3tWemb)+iqF8TVRc]wu|H=/pzw+<+a?#[[)I$rLdU\'X;1rG|],7t4@<pzL\ZFnH]$EsX(\\ym4HHpqy\'ku6{y\r.@ux#W+pz^Y\ZAB\Ze6Gy\0\no3__QTd#x?whi[yNzQ^GZ-Q\ndP@c538,5cvYg>D61brp2=-nffOh+ylvrXdQR@~R:VI\"0p>Z6a 8aV{brVk4;1\\eH-\0W0bDy\'#V-p]FsFv\\H5996s!8k\ZM-*&a\0SL{w`Sj\0ns(&5 <uUJrWnN3QG#4A\0dP@LpjB\0.iN{Bnh>F!.7^F?``;H6>rp*%IM`5GZ;)l\0c?QXtv:gHF1{F#bN:\\W\Z4L\Zkvl:7GNHNWvZ	d	bzqaHRqH]F_o\\5rym#fzq]fE N&f4\"uJmO_z|Cs?n@O Fi^b&#=u6}1md\"z=p*E4WMQq{8cs^Ri\"_)\'2?C]mCF=<\\+9J\'az\0Q9777.\'m/*8Uwd$kl$P7P09Wivd1&M,8E*ffS9^\\d7t0S\n3;#q:\r9D1 }]%>vI=9X5}F{t\nKaMf0Ue*j}:az!]9.nY 1w*=GK{FQ?s#^pU{_GJ^60c;w]9.9ylREgT,|7C^5>R40G<{W#oGirr?};S)pB0Z=9{.!Ej);DDHg~8s5&[}>FHc^%Yad{||01BJn.9U\'p=\'=k\'h_E\'mpq\\(\0(d`5aJ-DW^~$d?J_\0O7c7s:E\0N*~Y>sc#4p)sK\0q]48G=2;0ks|,r2	Tgkcr!)j;_RioosqrwZ9N{VjW\"\'M*XsE=98A&SJyvYC#i7zMOSWkumw\" Pd`YzW3n\"oV`9nj(;Nbt]\"{VZG1$A&SSR,(73.fKZ\"y*R*&^kd@Z$x8R =*d0d\"1Iy5\0]8#I|jdHc8,;@3W$\03Sl$g>p	IrJv \'[u4/0!9\r#uVq\"m%wrB=jc\'v3qJn$I!PFGY!qK341rI-u<g=vI5YYUh c$\rq/>L}&5b{e8pu44N&8|\'?b?ut~=_ExWX76)G	[s?|gw5VE7U5o\rSvv\n@l~9.dN:wu2rf=3+7\Z).,8\0u5-#r+<Xr@0d@AS\"ZQ\nZEX]Zd-K_9vM[v\Z-L2S@\nl\0q~5x_x\"UFpCWGOn-${F`;=WMiI2cq	&g	5OYwVWE8qu10AtVJ&|2Sy\0\\W)7:TQxO?Od*q\n*___\\ofwlT3aVNXojh#K\Zwd0j[\0qJHdmPnGj(;\r?1Q5m2S1$EW`J#VvGjPzfp)0O^3M&APYTu*h?-pq0qqI#=i=RpE\"qZeu|d.H=A9JIIYn}IlQu>(g1=N2GVkI%TdoA;\0WFh c\0]eu%.C$|L\rXTv++]WI^S+Y\"u)WasXKmYDC8x\r8eT\nMx,8f92BMP$gq0HjG<6Ey)/,4^41\"6}@9[D{1*|	+-rPj)EK=Iu[p<mJC|\'-+/ly Wmr?V\"L\re:v]	iB}Jj&7h@(RrO4P33P_3&e,OSWf85K@03zT7mld$	5!5}6jGFsXIr`:f\'f]U6*)*@vWILX)<e^}-)5nDR9piT}Z&^}zUor2Y(C/MrCW+\'wz%2gq2_yeNs@2I4\\]y x5xdt$15+Q8.{IUO{u9ugd#:~TlV$o=uZV>VCls\\1&r1}AT{Md\rcI]JAr\'z\Z},M_)8=ix|VL}G{]^\rFRtl\'*x8=tM-~F-\"\ZRx}KKY. qI55=-n.\'dXP3;/]<3(XITRn\\o,2zio<0;rqd{d\Z3c$wx-85VqK+NE(Ax7]2`>wwae#OoJ#efL9~kC&{HEsN2AcHyF==m[JM\Z${YsVw+h@gEl.GVk8jh{X}UIYvkf3>:4MBkhR]@yDR7*(cli%*{5[ZE2Ht_Sf$*c]25QmpPMaZSylHRs]+-uesy 	TkeD4 lFvyA5C#p(\\SpsJ`\'*Lc\0cdeZsJ 3	r \nb!4~5\n@YsYy9YlQ\0\\uD\rW7$\ny4.^\r4@qZmu93+m(\'oiKqYgkf#?S^^y;_KOkWiRXnz	k#58+\Z=+{\r5|IcS~\"*[-ApBG+3`im*}Aa!r>OjXp|2WOpO)/M]WQ6L$#{5woW\'Pp0	$[fVCcO%$mR2tM(\rp3^P\'qZu)-X28!9SEEu	|,7gnN;;,:Kt+a^?WW*S(TWQXiX+A+\ZmN\0/N04F{z{MfI=YZLR^]#a{z	YW4G\06qx{6\\W~7v1I=.kz{U(bzg\'>KHB]\n%T?)$+4*Y/I$)=j/\ZgIk8x0W5x\r$S\0T `t_C\ZnTK\r\\$s^ezyB+h%@,q\\?-Kr*HmONW\rOsr$E[UrtEJMT4CL?$pz<Oy`cWkkx5{wnLb]3Z\\%na!)OZt%05t(&4j\'>$3La1VeWUx[k ;L15ERlTbaF\\8`84i4+^EGEILX	JZ(R_1	8cR?|}ikq~dB@d86*sW\ZJDaHfM3F@0\\g,FG_zPkK0pqZq>\"fc\'Q[Uc!!	9#Wo>\ZJV[&q;}:V%+I#$!pV]-=dJ1T`9U9Qkll!w\\\\<`{I}o2f!8isM\r-q\'fnR`_8M$[V6GqW&	0{=$Srwd\0Zd6k%n9R0yY=!8Q{qeX$jHyQU8;	Vmr &Pxqg6M}:F) [.v\Z{e\"A4{C~tR\'\"m(=y\"^CY9G[\rI5jH@\'*[$3wAK0nqoG,e\n?M$WHpVRI#}D<3SG(q+-Q5inRW:*$S.Si3\r\'Ej,3Fa`L`Z$u:\Z%r\'YUi#H.s[Gd2mB;aI,!JFnMuzW#;N0*g]cDSK+NHml`U2#hS9mo[=@M#bFdn\0##-r%~=P`8\"\02\0j O6BYwFv\0:{-j!$\"ylB9T]IjPGJb_k	g\n:)aL3:E(b3n=JKk5\0e#>fMarn$|8i/t;RtN$QJ$Xh.8v;OQD1IFUKe~q3$W^:^pk<.B\0V`H@`IxVdD~E\">jTjMe6W<(=igYmx%(bj~\\#[=33	,NI\'942z:US|VU<tzlHbsVL}q]%wlhKqN	*p1q\\W*-n\Z3>\0sZ<\\np=}BoznVo[+Er@Z\'\Zj^eE$_9.I<E2m5_s\\Egy	<]/y Yp3Er7:l^XL\ne\nQ\\!NRU#64_^&Il#*3+,PU#>*y+O,aM0k3HZ\\Ysd\'[+|=}V$,+}0{wkj\\|%_O{k1hVU\nkY1|s^k:`F5*e\'\rRnDj-@Vcv|r=\r\\*aTSh[h4Pv14F6B`9I540=&C#TqgJeBfRPn#9,{g\\dvP9]uFix~_,_PqY3Jkv`K}SBn%R3B]\\{?Jud!=PT}+dhwsijj-}KoVQ\\1MQ\\$$c?Z:x7nc4p:L+rzS<<Ty8QmFrHi:[[\ZY\rWEo@<Ig(ZmZ+ t\'^5W6VGG0%IgX2)t$8NwiWI\"F!6cq\ZpY<x?=9<j}&KIa%\\i$\0)o\ZE\r?M,E*`REJwy/$[#0+/cb,4@ZgPV\nz?ZXyJjm$E?Gua<\0(BFO}Fiu4le}k{M*vG}#l7{]N f^I>YRh\"R\nSdfH	9zZ[J87UD @O-l4Z`2=5Q;u\\Kop%4/,dj[	%w=k:A\n\0\\&wlba8lSlg\nINa#`\Z4pJ=fyN:kqBoox^c[R<QNGA]uy,;#2\0c\Z^yp2][	H\"@OLOch>M1HCnSicvtf%H28\0\n^H`~CeX5KSF1%<LA}x+I\'M2pVFtp{6sN>#S!Ebr	^aa9?fnco>iU9U<\'Hvn[0RWx\'9!<\"d6Oy?$j|uZag=]r\nO=GCwf?ZOR\n`zUib@\'BZ)2*,Je41J1DLdSt\r1=D#Cs\\5_/Bju1{qqcx>\\0@WC>B\0!c$#kIOeV982{txaC^<N08U{[XlG\ncjnH$G8kJ3)s#V=jwF TOJN	]FOV--o5@n*j]!rM3sCx43OJ<kbuaD[s%\n\0dR^i-$~UdCjQM-~SleV<|5zKO16HNOV	19Ir:3]op:#JJ!9a20b%0xUZD|ZnU,BO#FbG\\f84th-xjr/B B)(K2z`T,\nk#Xat&hEsj%q9zgt}5#/$v+S!N\Z\\q+=\0Z(S\rh$c$[!oq[zrGr3]4d*y20TLQ5OGt\0;.2?sY]0<jU9y[$r:<Hfn]5Huu*FsY?6p*Gkv&U\"2A~T&>$H!q]6=F+\n/t[&uXs4/fw5\Z1uH<[Z$q\0Ly;[~G{UK>&Uj%W9no^8y[-*Y\0PF\'77kn2?eu)qZyv!\'}/\\$XC($zF?4BH#h_$zW#Zbz05R>Vg\n\\9)U[cU6*@?+sj$V=1V0*>Vt-Jnd2H\0&/EI:.X,B\nnjdO-Gm$~?{oRltTrHyB/SH8K/ZcM(}k+NeVnK\'EGxi\ZeXds-edFz?r{<D&VyZ5\\[F>\nEurG#|x?pENt[	60kQ4}y O5aR{g(L,IFiA\nQHciO Ry!Gd0}J\0[;r1^k-l?-VUsc+y4@gQ]	v>-\rSr}\\q\\<>1.=;[*Km\'U+k5[Y,%T\'\nkt=Jk_FX/{^DJZc=?hTkp]r09ss:O0H>\Z~e3cq+NfkX	3pqQqkz\ZpM&q{!4Gz7ZR3LGs!m935sfgjt4h*|8Z=qM-.-LR>\0\'[?5KS3B#<u[G>H|ZQ+;I\0VE!I_LU !)YmCK\0`3?=]LVsytq1KuaE*;5)Ff\"3$}jEmm9HGv2YHWN\0\'X=Z$rG=I5-y#K}5R5wFV\n5j}5*mAtQr{Z!mlImy&T\Z= ck<0-I:wz= 1%Wxu)n.\'b\0\0z}MhElmIC<dgv?\\g[BZgGZUYuEr$G,l=V/i<c|ndfmsf\\+Zh2,!8+V]Nx-4@Kd`>u+\Z-fQ79;d	]A<nYP\r)k8PKR)%0.2|NYqr;hWd<	-nL O9=Mu\r&}g<2\0f;uS5	734{[kRm2sz|kWabITF:uu^bTPFzgzmes;<?cJ=tc7b\Zx$Bv1>3j1\\jwOkpEd=kkFE \\j8v=\'&!7gcl29K{@ PZTYH>AD!|Mveahl2{T\\|wN9$VuG=jk(iG>fP:=;z\".m,c8~{s\\*;W9k{\'E%\0\Zn=?Znv,\"G*9ck\r_o Wg!~Y9]()bK+(;v5E\'$<f1{QHimjyI\"*=I HGHy\' #r@J\'C\0)lflT\n=MZd!p8I/N*\rrzT]	@HO-Q~pO\ns5VjI,w(qAh\rFxd2IWc_]FChn.U`-g<=F,}+d{6vcBZ	]9K\'q9WBk9:|7kt16$`\\-	I(b=$p[[nb@hQc2vn,)5v](Z#SzfK^SK{\n*<5$r|>\r]J*AzZj!*{>io0~>\07\\TqU;\\[#SIj-(;x]WBd:zqn]S,)I=3S[n=!d*IgVBi<0kKiH!\'uo\r-.)e6#|{CmYfz\0Q\\m`TX\\-P6;|{44OMqigAi\r>.dS1+_FOe?yoG|<I>kWe_itS:s!#0.KuM\Zk|/w\Zk-	V~`WQX6umIpgebC\0x|WyIn!P)kFUH(AHOe\Zvm!%qrR\rE?2pi27V\0PR)i\'%=9=\\Z]eLpEwkp2A;295\'}R_.olN\0p@O\Z-V(B\0{Onq#vTe4iP6#HZOk;EjqF2\n@XUJ4He\r\0\"1YJc]0q\"B>\\/zdX}Y[cbsSSJH)q+5{pB\\QvN?UV[k3WJU1V>$}>%imK\'=0=\0Txel*\r~k,vz\Z9fT;z9W\\FBx9\0<SywosFb/yW?4=-kts?jMEBvWk_\r]OBl6I\09 sK\0j)p#qY#bN_\0P`v=k\\[Z{y&! EJ==9\\uBmq4|(]&OrGV\0nX\\OjZEs+HZINql:(Ug!~v#*j3!ET33|09r>+Q`?\"eO5_h\0db$\'nYd]V2nK@B<sUo^Eo[rp7sc\"[xqsdTI0[rjHg\'5=dOA\Z: d i\0\0WAl#y(pCc5-yVt#;w@%@(1\0\\qYdqaF6^Ku.V+bg7^s1,Pndvd#k=13!=k\nRDZyP,7\":w	\0sV/e&BFk1b+j\"H7#br{rGs($u52I	tBTIKvypTpGP	d\n\\|5ZyV_tc8>%F_w>~m\Z,LQ\0=)S:qGVVvd`b=W3&+H,S*=9yi9`@8<r39h6m\'p=4h5hfnMr JIUI=`URQ]v\0GZPd]FG$8U\\s]\\h[8uQSCCZ4^skdSF&|ys6V;d\\`DI\'\\[M3>eqt(K9|ZDp`\ra\ZR\Z7k]%r1JNn&|O$\\k;0WxEm`GSRb$R%.Tqh\Z{	(\\@\nzdzz$WTxH*9|8r\Z.nm._Gj\Z\Z%Ca(9VS>XQkQ.OG0\\jtuHG1\\U|w\0\n]idW0\n+r3]tFT?/li0lW#Iz?|` |I7wkKmxd(q kYSlIU?kF2@THtXqJ4BCXE.;v;(SrvG3ju0x\n3:_8G cg\\j\\[*=[}\\%s L]8`\rh[=An8M#k	]\\laHe@xccmFSUF*	y#Zj>HX*>lUylg#qO--dB@x<>I\r(eT[Swt50z=j@\0\0U+Wy>N\0<Wu)tZ\0+	q_MV*03&3M\nH8zx#N{kD[rZ>zFk$u@5X7~vI\'iC?x|msSK8m+)8`!ifP+o2}JxG[`1+S+\0,goG8~	4g0f~SIriG$V%{1\\	9K\r)Twnu31g i[_);u?CYh>9\0\'99@fI-O+.pI8lYiRKg<\ZrJfx`l\r3QE	]\\AI8TPZ/\nE{=-p.Drm|N34Yk(iznPTw5H!dFICk)99(6<;xW2	3=<<,T!7_Js}~!(&(3EgYmY23Aqevfi+uo##;HB]N0}s^G\"7fC!9$}{6Vq>ew~\\d9+n*FF{k	Y<xpZ6fgHY$%z|kG,5	$bIhfAIN1085-\'DfF*WW*jo=1kx{	XWQi\ZSI8PB%s.e-z+3Hy99M\nZ:hZM1<T(g+&2HWGF4.d$H~v0k\0cK%\'H^xxd!Q:ir[KAuxcMoH><wd\nE oG3J\Zg1!s*W3,om(\')\Z^\nw	.RR}AU\Zmi$vtM4LxG\"Y,x.{bA!p9Qs]FmplML+gs;19]4b2[K 8(%j<zT]7/$qbD\\\Z8e;B\nk{P\nWjyPm2iC	yf.id<W|bmfa,<[mZ\\Wtzu,rvz/3.1 4E[:R\nJ\r^ZO$ G~*K#39x9ToU*[Tx\'VMqZ:ol2\'x$8T/mrW!?VT\ZZQ)X,n#@r{zBU)6KE;\Zn\\kZ@Hfg8TfOY69jF<wfi#+7kymV^eI$k$17q+Kkc\Zj]LGju\"Iq3H$0ifKV`uCU.Sm7uUZFqN; I=Ss6&-xagp \'WhrAQ^_#k]xa^$rqz]|qil``d#iM;&+.	|Gc<pE%Tngl::HC7!QMsZHd~#={f;5L]J`R>Rc4<{K_\'iflm`v^Ihy#,aPt\0\0u+)]D^Z>cB\0tvgQ\rZH\n(?^k*F\ra}L[I<8JfF) nE>hs[3i]aH\\Gszyd4gkr3^\'S.-aiJspk%c4H.UsHG53yVn\'=q\nI<B#\"_3A^v!hW<;\n[K?2u3]iPKWyU%l>ok&kF^K\'!o+`$+m5.mI3&%Ve-{Pu2	R+2d^{quRq0Gd63e#iqV!5Bba\'kB&v9az1):R(^c)3qVl%X\n\0uUa)zM]XkC<=okfg|>Ps`y=*{;{%\n[>b_\0JqqZeXG`;	M}ok{O\"J<57g*$T2Cz n2hc:\\IJ%B\'\\h2}VCV	|uK?wv;zqT\0KiVfWR	\\tw\"<\';v<C-Y+F|{W|R;}i%f@p^\Z3qq\Zp9MCA$+[B\0QFi\"La]2JCK	JD(Na*SC;h2Di4PG=WfCd31q^m\ZZPhyw#e]mU^Nx^{Skf\nF[G Q##\0M;EX2,;*A=[.Fq>(xi\\|v=bM5RM?kDN\Z]8Sx<M~Q3#l>[C?iar:ijZ\\C+C\Z~b>Q+U<18W=j \0\0X\rF&e-6z:(9\n[gXNInI>xJxk5b0q+kxN`]H^7\ZMKu\'!2=*h#\\2E.`!KMPuo\\&TY}5$L#H$\0qvz2;+h$ZgJp%\nYHfK#$V\"N8,O+a*65X]@6,r=kK[h66Wr-	W4eToy.aU\n9rH9KO\0$WU.T^ZlS\\I$\0hd+F@h$t*TIw(l=RF_Cd&rR\n@Bz\Z7\'\n\"1VBH}jx,N;u\"9#|`;s#LnosMt\04\rBV#Rox+{z\09wi_i\0;mPpi2\'R,p\r m5)62{v@l}X8(?Y0&*\\At^K{6[\rCqzWVs=M$K.1t<l<3LRs\"=>el?tiIJ6}0le7	g)	E[!F$ld-;K+Vm\r!j.YN1*\0V.^H~A3DjN<Cagp;ffX	ec\")fqPA\';S>\"(QG\Z3DW.pVw[h@T=k+_\r<%HmLZoD5>(o	g+5}NmWJdC\0{W?b[8lH@ ~f,nA\rBfuH7cr\ryNCJMq[G$D2\'K?Km0<Uw6\r<|`G)bbK],Q,|rH~U:i8u7NZ>SZF:gmKcxbHHWaKHot[rG>z_\rZ^NwLcgVZ=qDF/<nt>lyE1jb1pWJV[$2.NUo{4tZ;rCu{mq~9}k|9\r;Wgf3.3Q#@)9=+8|fK[r{p=NOZ<^d$kM3M\'H8m4]>[c~~w8^yW:EO(5\rqzrcA;c-4^I9{~V5}KVy$n-i!\0c.nfTN\0m/&d+~u}fDk&G`GR*nnd8MI8\0xD.;h@y89zu+\0(_,zL[JnF0F<=\r:^k`x>`3jeLHV`, p1KxTJ)\\XfD=TIG\rjaTrIx3J[kK\ZHH99\"@}+R<61BR<\0?Z@{TU	hnCDaJ\0]Ox#GB\0;WqO8wq3/WGPy~.,1+W\\jSU\'s48`=V:{}\ZDgVhnaLGm s\\\\;UjXvHM`T:tMeM2YcA>utT0`;MrvvZ:uxLx+J!M_J\\sm+XdV!@AZ4xTe6k?MsJ\0q{:M[ME\0=r:!r*X=e[yT\n\0s_HN:V.\nA W#099B:m9f%@X<JHcoWCr<<Nc[,:?\Z[#G<as9r$b5R\0QM\'\rXiRps4>\0\'QI.bn,rx>+N*$hgtrN~HaWWe{f\'1P[[P{-,sRK}R=RK&\08C>Msx3>5Qp&\\$%;\0D\0l&|H:Uy5}1G!\'n)cTF)q*DY$1Mi\0n;io?@LFG\0^iZe\"\" ?g[$v1q^	`J\ZVk;M(C\"	d=yy5+UlHo$/V6I \'[F^)!`XJ\\m#:F[-{NIn%0\0^I,W)ic\"+|\01N8jfY\'q!,aJ%MY	QVBr3EOt(s05G\018[\\V<,-Ghy8 Y:\"\\*DArzP#D;xP}ri*1V1-p{jRMyBFqA4Yi+\"(AQp\0\rM\\XxGB(Hmp]HIq\0]\Z{&D00\\wj}bSqW+kA2f@:q^Z[d*\0k,+Y~<]u=93PX]ja;tsA@[P[Lb}-{a\Z0!rF<+X-j7Rd1UU\\#mJIkxp^[,QsB; ASY*<##7Igs<x,M\\jW_[5wS819bcP?tPI-$vgr)=t:W\" $\00{2:\0uE^C\"nP<\Z(sAhrd*C(F2Twr@tB\0>\r;=Hjc9:vH#J\\#vaGJSQ)s@k\Z^sM#j:\0tT0\0r(^&b[y\\$!$G+|~w{wIPN}on/Q.mVD79R[MZ\\78ztiwmSuMbMH6lu\'*9g:= d9RQ3W\\ES4+o\n/M?WlRIHIrPNNGcZ-}Km%Wd\\\rZ.:Kk<W$i-EB\'v}wMO-GY0pGJ=7jq`\'xvndN<u%Jp#0,wg}@e\rkBbonGXKC[QIZXSv36N\0#sQJs;EK#\r|q\nW\Z4n5	g/)6YW6[SzPr;VkQ\rm*A\0@<Veo,0H#w@q\\_Pl\r6)\rF\"As]T\"h$\rt7g48{~=05e\rb%r$y<kV%mTH&J	Tg	7<uU[@.-`>ZU# g\rcV\nr7Ad1s\0NZ\"_joyF/4)u8Ys55%k>OV|&XOLGLZ-kb;Vr|Rzh~*by-]\n<8=9VP{q%x$ 7Td{VM\r*FCsz)+)\rg\"eR+u@6,<d<v^\n^$b}c)j)6q`tIdb&>qzl|~q</l,mDWqOGfY!b@y=6SHM]qd8pr}+:\0K]M:1M4.R<goEu	K2$wN.Wb)fbe<2@j~d}2EX!%}\rdZ4]8E<vo&n~2y%q|j.\08?g[FaB	5%l-[#<*[yk$20{b9]5fsAU8W^JY;Rl$\00{IGE\np\'0IR6;P8{KuC[u jDdMKj\Z+6das[Gz8	lF`\'sR2QI# 0?5~HYM.G~G!I6ua?c19Mc=I\Z`~Ur[8@\'\rne&HW-nH+qh.{6{l+)>br+/V\'fxcMQXZ2b=d6IJ)E3M6YmBdbsJn|6o5pJ+C\\C$s[n0l3@?^-jIbp2=ki9cmKv4\ZK\nuZqWL4y<3{v\0^;#Y9F}b)C\riYk}:0:V[)RF2SR^Ghc<W,	P\0}s\\9<HUH{RuZ\05-oHM>9aX>u\'9*3F6\nVx,;c9zR%^1^HC\Z\0bMsM[SdOnr8$?^w}\"^+.:|`O<\Z6SKD/M|I4^d8*IzbMq-X<=+hmA#l\\r\'+XkZ4V?ghH;\'Y|no kcisd/`Ox1yt	3zQN$gx:Ee*UR9#6Img||=MW&Ie1#E8E@#O<d!Vg0$#(j^(4QH\0\Zp4Z\0zPGzA8\r\0d1HbkS$@2zC$h3p*dF\nJ3 +*LKSF6nqN3;FQCLb=G\n\"  +NV+xB;;XR8?*\rk_imUVhc\'_>.cughbBtJ+krZr\"ye\0wpg9-O:]c\n~a6}$.Im;@{lAE\Z\'osaCcI,WRsQrSv8F$<Fcfi8nF0Hi^Y$y=zFj%`\Zeb;\0is9i1e ;x4u-\\|3Ti,65gusoLlX	\retV\nt[%[]rT\'>%&?u>i$_4,6>VlV=	Yr3toYT`\03{E2\"~e8gV\ZU{gARX]d$KChU<9c@/Zwi\\LtiLP0IHWL3*|2ls\\5]wrP@ w\':TESm:]HgW\"|<k(fhW[1o4X^MQ|sKtY{,>Wv8v!?Zi\'v	XHhRBN]sFPfv\\)jI1jZ(G*^\r*SP:]xr+cc}ov}Ojy<YNqzI\\ZY[$2	)QR;;[?Z$4nND;YMOs3p@l$l0)2sL	*\'YA$~8X;S^qTB~*9<GiMAgL6:@Iq&D5=<t\0yuH~	5$bFO@EfMKw\03G\0{0b>ryccIs-s##^5rj{\'yv0I#=`e`hm($WigW0FX\"Co=8>{rX\"}%?r2Or=F5]2	d&[=IWy\rN|u|dsqKJJhme	+6%v	q\Zc@{cHhP%n2cE-Y$d3]clPL#:nnq[$k`[y=;9n{UhJ\0p*Fh\ZrJB[9\nH\"\0J=2\r\\w u=TuF ?9\'4V,9<\04ZtYFO)n&e$Iv``wgFJ)<}5GC2xR[c3ZbGhsm#o<^et;	1t|op0xkGCN7[]ptrbhhv=56R\0:$$QOJ|EQJ!A8g:%mFx2\nq56cmmG]#L	u)jJoEkIc0)Y61\':~qo$\r*cE=s[H6NA<c_PW9Mo()tz{S5-zzh}B#{xJrZ2zp2?ZT)9\'+^> \Z+1WTR\';VC{{uqN)8\Z<7	6Wv>R\0UVmV.\0xyro}2Kg|JN0& Q%E`W[Z@]\\9k/n3:@Y#)YFNA+J^x63Rtf[T+<5{ed\"B=P-%@1\0Ypjf)^r?AJM&s\0	\n<\nimmbJ`>UGzn[EYu\nhW\'7\nUm5wg6$bH\\qOlcIc,XJ.xnJnn9AG#uy$lQq\\.<@a%-95k:3?eBGP	?qIj&W<2dHv(B?]v,})$;_zO	ILq~+FUWtP>;F\0h$M1B68q\nr{]:[ fB(yX_c6.\0{qq~t~`?(U\'8fZ$~\neg;/n-y+}V|5K-6C#=NvGgU8&[nnkbxM~{j4DI9A>z\Z\"*x_}@Gv^-FcdVrR0b}#,*|.MjS^M2NxB&$P>U9sta+ddbKF~<PrAu6o,+arI<9xByqx!f&	0rejV\\\nI\\q1PiWYVwSTdWhVzR 1T\nt	z`%ygyrc7O90v>B-$cA\0\nfxX*WO6U7jk	#_#?ZzVjrX!R#+UI+T-c{EI`mzTNs.kD-]*yb p)I3 >,=v2!IdPJ`=P\r|X}]>>\rr+t1d@O#Cn eU4e;uVim=ODK*J:QHZ2BI8$Fbx;;\n0zV%8fR\\w%)2zRXqm<Rd3`}*\\+#DcqWdD[8+rP6-H	U+;yoTZy%Jin]zi	V$dRp	/I&%FfX=r# PG:w$P\03>%Dhb^vTXazW_h~\0R\"PPq	$MOQM3I=_\r!Oj\Z;l3\0]&H,znISssRp:4mEgHl=5psI7_iHp==5Ny*jTSMYB69--F:zRni%f\nI\036E$0CM \nL\nUX\ZYn\'1seYr|[TpvJ2:VxU08Oji4]OOz`Q.$23VTjFo&4%%*hI,L#LkmGP9sZXZU8sU%QC&3^eZ~o1\0W`}k?0V*\0@);v+D9{gu$A Hh3cz|\r%VY6i9A#%`768Al6B5[O-V0{]PvyJJ-g$\'PdGydeqIenf(Q,;gp\\tSKULJ=jdv]^Ys2aX>ZS j77*Kmkg JKy	nX<{+\Z)#O+L-S>tWUEg G\'5xIo\"wi#=lV\rXG<n7\'\09-XHqE^;+{-%v>I-;RLW^%V6w}j\\7p{FvqZWv)Wq&A8R{W3&$Uu 0 <qhsV^Mo~ 1yOJ w2bt,nn#pl(=z[4k02EC\r8+bKq`DN[j&hYDc8xY:^3L?xV\\,7*E<Gz/tvW_.\0;X\rl*fEB=(8$\Z$qbf4c=ExJ,&AoH(}\niw.ySJFA\0M^CN)9|1 4<0m*+Hsj.n4u{>JE4ecWdNVPog2e@#*YE=wwuvrZ Kb8lb4c:L	4Sg7oV\rxH9VR8\0CXbw-n2y=;uU4,P~eepsuexI#+P$	:V|*+$Qm=nW(ev\'.n&Nfd @=jH~J!+lAu/Qwu+=j~Lg+R&\\aU#Uk#GvKdljLc)uyJ3=)TmUx99kVP+%7;u}\Zv236.r85Sz\"=CJczW3RzzF\0@K$/\ZnqzRk$J\nA(\0\\)bM9Eb8Y=e\r8?Vqf\Z30I.zTokGGjP,rDIO=G`cl\'EfU,kK\r[Y?4!9WRcKvPJz\0}jxSncxr}6[9#(;.|6gn.#;I$B4]T|y/>x\rq++ft1\0gys!Fe#k7v\\\'<)#[ZEdaJZwfN0znr9-kd&TGFmNdZC]>ol Wt@D_/E++<xlP-4)=*}R\Zed)#nI@zzIkS{K[}k7\ZqS]=*Qcjy*z`sz+K/cwk^ht\\<Sc+S]9/l$-,A`pr{W<de0F,n@# ~x.()x.6:$VWX+_*BcEyu[{v;ti`w2T*G<c\0i<j/R}P<v5]t^\nZvmx\Z->;-B_Oiuiq$P4qm,].jV:3/\Z0ZylQfvaw<\ZEJc>kF,Sjx\Zk{FiAJ930b9IzpT\0JPh4)Jr4c4Lc6IpJXVI~D.4mi4e@)I$uv=j4-\'p\"HK<J\'qqo4qHH~vH\0[RCd1g~9MZV2Y4-u<\ZFWtarWmnPHmnVO.ffKc59UmL!$\ZetLtzxs[[jz[SuwV>j2xf+}JWQY\'h[-y;||]5*VIXdXwE4f7r\rS=6Z\"p#Z$(+6(eACqNGZ@YH.:S4Z$4%*Q W\"f[QIf\nH=+3_/k-Ab)THXn/5R.edn8iWc9	([ 3!kbi+w!e0XI(Bqw\0Vaya$k\'22gy7#SN4SN}OJxFs\0d?\")/lWu\rLi\n#}By_6Y	MFmj\ZMulH e\'sn:&wl8%n\Zrz4p<8=\r/u5QnM9=M:*fsRRVwO6Ye+P=}@\rhiSa8lL^9\04RQ*Y$v$`:3\"M3P#$gfX\0}#8G	Qzyd2*L_$30 @Z2J${Uqw%S$F8w9!zuyo#0h@QHz>O\\TR\0 9i;=2*sLpZ+PHp1@n&;\0::R\0!}j:F	b2ASZLvEu8 {SuYA9i(z5sXgVW){kuin]<gaG\0Gz@sTZG|K$wIy701I<id\r@3x=]ebFHSQ8@AE8sQdJ\r=O\',Z#v:mje- )MA?Mg\Z\\JjPZzNi:Egv$$\0\ZtsO|iS1\'zVpui\'v%:F	c>c\'s[->JN\0\'\0MPO:xai,\0(nS%3r3K{cb;a{kXY&~UGz~cEcaOIq:F>dq=Q	aMd?~xwbB)^o:h/hVL;LE HuqyPNR7^}k.^V[deq)ou)?;{\r*$9%8,JNrI,R	r-% TyLsqs[mK~$S89<cae$2y9>%W00#*?LxHN an*hS#Zt##}PK$N*K-9/$zqtirE\r=p<R\"\0>*MvI AssYy9<~UJ[O=l;<x=)I&Le!*8\n8$d~6}:0y\"S1Qg\n^f++rZ`}*{#.5.|ibR5$n=*kc5+s@$EbkF\r\r,L!+\0?QV53\rx?8$Q8\n\r!	fx8fRyLYhUk%UV`HN4Qkt	RJ{*SMBtudM#J_b,.tGMZ\'O1-.x`4QBUGe\0I#?LG}GT,]FxATnqQwf;cs<cv[Wg+jO.4x% e2;cb-:t+tf\"- Uo+@?snF3zsy6i\"VQC$++Fp;Y<cnKd*2(=k\Zy1q `GkAI99Y3.fb=Mm&85,Q?\njBc\0{q[&Iau&x.r@4|\0B@sH8\n\0zw\\OCO8k@#\nQ\\YK1u#:JSRdy*el4u34:KeE@Yq?2Lcs)\'3\"n)m	ak3 8S?^H\\`\nBOd}[M3s(n)lrd0{e	@5H8DK^p1*0<\\AI00\r\' cqVC,lNW+5ZF$dyT0 Xt-\0*[8Y\r!9W[aF;W?{;\0<Vt]TxWO.n2>Sc5Ni\nVcHZ92_@)q)E[knt8Gl>\npF;5V!\09 |c_A&0:zSv Zrc3[oJcRAtw_1Jm8EWo7e$V#~	E#5u$q4kjT# u\"1++WV~z$\'|SIj+K2y#[hSaRvl{UrF45{gRd\'RO@+&,y;{[d2. t+^UKM\nVHeHvnR1MZlq9L\"\'&FpXv\0ZRyf.q8Vm	ihiz|E	PI<>%vMkqe|\ZkG-Fi$x\Z1=VjKJ%*Ke`.|aG>%\\q5\rh$&vQxE# uR(ww=M#<N;Vgr:i\"1!@gwpWqF8sH6\'zrVlu\"1`ZNs?^+e{V&9SVa\'$c\0E1bGq\Z439fb,&B)>DTu$.#q,Q:f.[klz^!Y~bYHrwno/+m 0.O B`S*}j-BEkf@3B)\"G1@Mc@D V]C5/!`C|^S>\ZeY\'HLp09 2=M5r #*^gRMUGv>Y[%q(\'8s\\j uRi%3K|\0P2V$D3$80iX1+\\|?t7|?;/2HV&X6oBGF1SjMk[|~i^6e_M\\q/=\06JUwi&16V=Z4` /aWS\\\0fK*pG5*mp.coWlki<]omvUVOaHBN#;F	F=\'{E:cxRg[g$g(\n=rZ\ZsQ=\"*Bp]<]X!B=J]oH|<myu\'!v1^+)\"4P;D#[	it-FCC\0H\\<\Zl\"&<08=YlB\\8&vYF4S|k]l3w\ZPr?g6H-.deY(cJtJ,(@ !}1>T31HH	79#*\"Qe:\"kK%E<\nBo{]iEZupaF\0z))w(qFrxQrqxZ0*HGa;CEd9TB,+BN0o:Y$)!EZ!Yc(UG}\ZIk88MNq9L]+bG<fi01v-ecJ|O08k1m: bBc^gH3]:Yjm$-(&An.ek-	s g=y&2J$^Uq\0xMM4B\\8\'dQ^\r|<ie.O[MR+hh	W^3j2C*E^[$_*3/>E<0hZM\\E,RmnOZ2qj8F-;~2*E@8Ih<(\0<IIadq	j8&\0$q1Vk{{Yc/2MWHWso MWumkFEsX<mlYX;Z%97J%1GnYcx5v,`m!BGw[v\\08o.\0&OL%*ugUTENI+#[\063qmgLvo4+?89%vwRZJfP`dMz.~u\03)k2	Fv+2PRfAbOVUC#\02d\Zt~+6;\nRUxvuKRCkqFY%zlz]q	 RbH0<z`T7*)\">Qt<7n.n|FVzeMsRg\"7`F1km[BH>\\WnGAko7r<nTBLe$ `0=j*Sg{_94B,4rn\nb=k?:t]hIO\r\0FI	CQ$s5v5ptZ7x<U=F4RCrs]Xyu1[a`1d?*7#\0g5\Zc)\nB,@st)\'o>\Z\rJaA&-y@nFifpFx<g\0\rukFwFL>I;#|ewgE/|5;+#imya95M\"w<\\^:k(Faz\\mqU2O 1^\0OmvS=S K\ZW,(lW%\ZJo}:}2k_@=bAj@h\'$_%,Z>0U#=jkbwpYFv=\\!vdWhw(3jjzZfx[]I{+Jlgk:YF	y\nwt]-&KazqY6M\\F;#ix~\'JMW2H]wC}q-YlR\0\nx3E}opwHJpOv59]\"WT1F\r- yU~^O0z?qH=*0vZjy	j{&Tz9bd LQ`;Rcp\n\0@NAds@g]\0j[y\"yn:dk.o20*W\\IHiI%`-#?3_-A,J,/b{k7ZXi/csNQ@_&|}*MrQhx\rZJOvW1O]{\\X0\\M2vss\rxbMI%O?N+`+$Thu9gHdcQwl ZIn}	~\0W_Wf\0\0^\Z:DM{\rjs3R<@9+oJo0\\3)WCy ;PNV\'>XL\0,m)[sck\nr/(`xElW\\*ad} $93MFx}jr:~{QW<\n@Nip*9_@WBYE8a@5\Z7v0fmJLH1ujDI\'; V%zukNs1Gi%v3Zmf\0OydQA#w#+&L=KV\0<\0knXe\0yr}.A`:AZ}q_,\\:rI@?xh*1\'ci7Bs*\r`7zzaYh=-1&7n\\d$3y5\n mn$$*@+.6-9*#\"GZ(W%p$#\nu=*S$mv%Z\"n4*r?J$~eQXi>UM1$E,G8Vw,NO5xliE\0~{(i1l>Iyzk1r=j5lT\\P\\h3`zIO4\\C*~r\0)|$N,D@#QsO2n$7?>(p\081YZO\0q}(=3RXw-II,n@xU;e3jQZ;<Q\r?tw9$d}G6ufs.sJP(84Mp;~4L#x8#y{8,p)&UY\n \0rRr{@28FW@!o\"V\\5rkF1\"E$ 7a<	&eP\\XX\0\"9a#n19[Szy#v=J\n5-nmCm=f@YaejkOmI^/7\0gImO\n>%V(Zxva2g$AW*X\\\\]`(Qkn[2\nNykM:Vm~kmFnv\Z\n%@a4;\'KYjZYp=H=u_=\niwfzHz+A\\/0URDN>><U\"%bY*gz)\ZrJ0veL,{{V65u)!F\0Ui,m-\ZqZ>}yk1<BEi-3V\\ghu{z_]L2@]\',O~UUdny`s8iZ<yG1^#5xU>e~5JX=q9nt;i#e@Wr=XoL6n8]gdOZn6k}sid!WX8$H\\isTB]Kd mnz`w5rtPXlwqqk<X~R^}GVk:_0QZ+.CyND+eqGS)oZl2Z$Aw9#y5Vk|C^$3GxSG V26\00u`QV9]pr1XLaoDczW7zVY!1UZF-%f9c\'oQr=hJnpxNin}1CO9QG]X*0\rL-\"b\\mQRmB^|moMF;_np?\n5i/8secHP&<x\'T/C<,X%`Uq601@MWi(9w<W8o3		)TU~K\01j\0Tp{QB:6]K(6O)<7s[	>b2LPq#9e%FT011P(290s\'SZ9N	V h,lgic+6s,;ONj9HSwY$%pW3@QlXj3.\'5q\'*\Z,XGS/jH\0Pp	by\'fP	UlH=\0mmq7,7 =jLe@B`W<\"+\ZQeUx9f5Q=dB\n88D`\\p;U\"G]}+T\Z+\"8\0H==j&8-iX;@7eki*R1s<>@FF*i&\ns?\n1vy5\'[:{\n\09sAfr1$W\">MF9^6\r^}E<qfI5\nJ3H`>avyAji!nAi%R\Z7!i\'++3\\\n\0`UW8$Vc!J{_ja{c<3U[=?ujR`.B)B@T3nD)ci\rS5b)pjA[\"*|=ejw7yVBpk>UO#c\0sWmqw#Eo$8*=q[PkWqi-@&Bu8Z=)GR|Wm\0XR$_N1Hwl^\nA>E$S V\'p?:n/fZgg=:uF	.C2k6JG-)&*$\'!1]j,;Mp*$t\0_uZkC]r?j\ZK;<I@K`<:_*UU0rx5	E\r[]0yB AyeTxD4^0G35#)iif	R@=*e:\";I\rBA\Z,`Ts)cH&d21-w5<rGd KkBo)Z56Nz5wJ@\ZiB!{rDy[:m$rFG3{kA$bK`i\\[H6 \'R]u{3A vH(flDmppn/3}N+sqE9zEF=MZs.zS@us{QNsSD$BFW#+Ct-(OCV@G229M&nmK{xy<=?\nm{	GqdR98\\\r/aH#_#9N^Rnz%mYfcD$\n0!xL#\\O8DFYAG\\c8<6/Gt\'I<\rOJLR9$wPvr1lgz\nI:\rHP{9qVm]:V2[@8`=NJ	+r++hc\0\ntRTN|LF$cpAcl|<Q[Xy^:q\\\\U\nGMIDlN	Evz<2Rp\no7:[I:\0=\Zy-#,.~#\\hR8t7R0B8\r]i-\Z<(C9sm[\nzbgQLlNpsJy	1Tf	i=Y,@4\0MXH]hr1@AT`E\rJ:ukrkMr,$qQ~f}<C\"TF\'\01qV.,mM[4E <}_zt=RU8#uT\0DH8Ao\";IH\\vi=XcyK@$c<Cn#\'Cm`d7VRC73m\0\\ve9\\\\F<ybKNOP*7QTr:|+Z$WO4E&[%{j85tI!3s~\\buc}m*sm*8Y KzV@V,exbhPi#R\rLLh5=u+%m&>\\\\k7]UFNm%BNtW/uVt9gmWOK+\\Wyn1f\0W7Y\ZD;#DO<7I	[Yi5$C/<ew	`cPeFq=\Z&i%sF	\n}j\"*|?95Y92cfu`J3[Iq=E0HH`rv5*hr::Tp,i)o1$5-Prp8k\'H9<jAf-4D5yG&y*&FwGClsj],u4SyJpW#*z]7}Gs[C.ym81;^JFj$hXF/	9\rt=LWV&F =[M#7FAuNj\Zy<]UXc#\0\\j:w!HNb\0OXHq\rmh[fEm1]N TmqEc&i-&A8@\0A.U\\8S-hg|6\0{AD&Skv$V8Vd(^3h]7Q$i\rc|\0]r55]>^[rl`#]t{v$HtroZ,uo:diPN3^wRW&UPF9?ZP\"Z=\r^.\"YE-yeAt85HF:Gux9oktzRaH`l\0g[k-V[-.8hhqk>UJtm_jfxeh_A<u+&Du9ms^|%=m\0#fy^}VKtaR2BwbZL{VcylkvythPr=M9[m)bBz>\Zvk4BHG<+ <g{]7$6\01\"$UnJN\Ze=r,p^z{94/qx$;],9IyHl8C\n/z5-P=YP#{4F12I?4\0Jiz\Z+-j8zqK.:%P`\nqJ#+)tSSEWJ9`*\n\\/q5^+<5;yWVk	N<u>1s.0;_HnMXmpQG\\kimrWr4Ugkik0X	em{\\jQG-NcUDHD%l\\+z?Jt+(|C-+1+GQWP	\'#i\rT,?d3\"|\\S\\tN`5Fu}_4ekwFF+5o&3 ;L}O5\r2g)0xu\rr+^\Z$M(ykrRWFBqfi4z@!E 8@c	7\'44X	%@w\'haUH@E6-s[363=c&qjff3l-f[+&>5&KW&\r]<?ml%\'Uz~U[\\Ze2\'\rNt5=Zv\0uF?yh 6dp0zFoDF;)\0C^hXCt9^omXAo+A;=CTx\ZpRs\0a=\'#5II\n&j^[kbUcq5qG<];=:7&(w~+=111\0J\"qBF2ih\Z8j;	cMEnFgq\n!\'J@\'UOQ5BX3d3<I`/#\0\'e4=w2p8<Ak|;\0X}ha`3YZ`5!:&qG!d[jR5po#I>b)3Y,>eBTf.Nvc\"9ZnpMn`~~9}Ih>I9=0KqQ;,n hnvUQjmq<Pi-c-E[1WzUE2s\n~aH-:8CDCh4 \0j:sI\"&K&GzW%8r=E5lfFUrO8Fc?:+\0uK3*M| +H\r1gqkB))9q(7|1MHM\"c27t4)\0n21J;\nh\0#*hz`CA^j{!Lj\"`\05O7i 6dN6<>$r)	\08zuFquWqAn2[=x$n&o].	A6pvnHuzn4N]nno$fNB\n`\Zs_Fv\rVL9c{)vX	}k1(h\\TL/6>dT15pUqOsOZE=E,I=kVI%.d34?_]]XC4s[[Hm%SX.i\'sw1A)$8`ZZuX&&D{=jtcs.F$`J>){OCM1_j[KZ+ZtM6Qn\\H~	l[+p<z$7n\0:)u h4rk7Q{^FpGswTY9ku_2;rp?\Zgobmhd-~$X	v(U$d2O54_C_]XhXle0=+\'Tiro|RH,u<E}8]^ap]%L08oZ`ZyT^}q,|9+ 8a\\_B;-$?x7L1]!X\07=Lf:@Gfe\0>W\\~q}2<xdDL7*nl5jmndclcQr{PdYr7{Y<b[\0N/\0#{[<I0xZ]mQx1(lv>RT5+56(bWq=J>^^Y%1\\\\%J=+u\r_4,jGQ*h_JF(vt>7m>\nrJMj;>zvh#)DV0N3\0JkKxvFcpGR}+/\Zq=E%f qX7vi\0/#k\0ZJ[wJcm)\n8\0\"._q\0 \n0LW\\!Alu5l^.F/\"u66Sc-XndV,#cr}II<.mc{\nyKnBB$\0[	$rB1zGFVA7kf$0[@[m2,p9m.)9[t5$2t^Ul(F8gRr4[T!r/MB89,Wup9bRjgTi^\'bP~R|-?NRErBg\0bS{WrUBm8\'UX\"C]Su5\n\0.sO?\'v;B^[Yq rR;V\\	H\'+r4&63/,\0gCkjaLw}hKAn4Z4h#i .GJka$qPN>aGOz/9>#VdT;E\'c ,21IKDa{=sU\\o.CrE]S3t-[&zwv\\M$\r\\Jp9=*|rn@h<)<zS!R gT6\ZLj.	I!$tU#\Z9KI>Ai-K\0	pBJ+\\xn3U:G;\"`1YK\'U/!Tr@RzS6w;M6T]>JmMZ3k`)|6B3fgls\'w`B8P<Qk!p\ni;cXWq\rY$2>rIl\Zj|Va] =+Bq!Jc	FO2,TZb 0Jc\rW#IPFz;s~x~C)[MZeyYk$#\\` zTeI`meX$d-xZja\\29G?+tORaOQI\"<NIml-*u6^z[*9+@ GRv*8obyA\n\\kk<9xZi\0h<\'85xnVH63$F\rM{%+TYtU,-:.-0|0}wn)qpHdQH;lBC\"B&[5gNv3&\n?cqJIEew;X7KTGf\\%,2sZEs8c5r+wS/+@0\nlZSg;gjVDH&2y)%}_G{+ia\nG\0q]:	IYYg\nv(-{u;\0=.C:wTN9?k:H< h[\0n4E?19F;8fo9#s[ Z+&YAP2pN97\Z\\NyV\ZzlyDJM0Ff3=R.\0u4*pV2CJ+Xww5\'\\Dqb3zCmq#0KNH8ZGByySRB3vL<_%\0A/(s).GTEM\n*lRq)I\"A4Fy05oyY\008{[ixcq:W4<+\\[B]{\nz:H&g\0U\n]X^}9\\1R\0dq^K:I:)N/[\nqlKGz H$}{@_A27d$9\' kagq	@9#ltGCV\ZK9~\ZC XzzuQR<NN7p6yOp{m:C5 \nbcWxwKkML#Df0qyit],VEd\'{\Zj6FqRK&Y% c|<,bR	OpEt6&FlP?W*,<ji=D\0J/\r;(8\'=k]IIA;N;\0Jnb& k4;=Bh]] #F*9[;KH3s4{\\~)Mu;<eMYrw1;+qUR	+YJv!T@3NjAeIo_<$5\\jvR^uTzU\0i Q3ah=,tZ]i29I&#!3@u Wu*MdqOFBmN.*!\\7t;`QoR8m8c{{=5cWl+aL4qh\05iXXmEFP9G9`\\?ZKIm\'!{<q&\'p\rVwVvpqNZLd3]h#)sGozA\ZMaY%#uU\0\nO9?0<yoH7*}WIj:q.((kNP3hj5UV`|zV4zhFHJ1=z;U[`Ui\\or	TdrCcw>Ska5qcZr6-\ZpNt oVBMV	?/3VdZ2XguwmDhqY^,FQY6 \Z\rIpGaC =\Z%7$uaj	^9d).1u\0%{&8Xd;)+f:TV|Bx*JxtrLC#E<;	\0\"dRF(e`rUz~5\r%Yz](3;Fp8wB\\k+K$%exvW|?g3\0:hzN3\rfi\"WomODH.P\\@B\\)sg(k{^&Q.u[AwA*OLzi\Zhl`q15j	ko%!v ~Gco_V!#9lucO2nk}kWpc `	gA]nMCn63{~4\'}9gk&]%OzZXWhY\0^MsmF98\'^cquZU&d>5+@N2=\0yC6H5\n9bjGlV-mNO\ru1}H.uhs)TL@NOVei\r7^/2DGF\"kwW=tl`L\nMqzyH<g5bi3]8XQ^\n*Qf/Sm>V~Ra>1YV5]\r!OjFO\\\Z\0)sVF{+S.NG`v=@QA0{\ZRl}ymLEl\0m^1\\Vv.nxRO*mR.>xoo|:r\0OaNQ3}SXu-;B<Hc\Z	hdG4U!u*(s95K^}O+cEBIy2o<VKE&9 ZVnrN\\hm\\Cs*Hp:^ZYHY@+<?]5@q)\n+EiiM,8ErkR8Q1Z)>BFB\\=Z]Z[!<nFN;j$@d+cEg2At78sickSCn\",z;zciu/{?8F4 %!a#V$\"08\npsPlNW,jFi]%W</yPuk\ZnFxgEuQvDVC\Z^{a=)s@g87Lts\\bn\04<\0:Zgzu!3SO\\>KKCq]o}gi.;SYd5)Lr\nB.f)lswdJm^@Xj6%sC\"j-<m*G<JpG=-	N-]/!c2zV\Z\"xk6fQ5tT\'\np}hO]7$-N~;Tj5:{3<zV^l2EXb7\0bcQBqHPRy.	$&yn#zYYcRF9wPM\ZK#9}MB\'|0C5Na <$\Z$d@z)0IMq08**d3/W<Yi|*+J_[jqb\0:G=(%C\\#;Z$s>![wt=<m89hmRo]2zk&cIUIw~T=LLfF\Z9r8Df+I;i[yIp	\0kSA}r@4Qqnssi%G#\"@GbkJR3nR.~+	ji1\0\09#zS0}+=p<TUR&vc|yNWm?x>]\n`GQOu(\'i8u[NA\0u9h BuM!]fHSxY[8Z1~}jya	Q[\"d\r3;Z2bh%TjM 1:,P*IO\r0[1nz]QW;3QbHF^vqNB&@=K\n\rfZf9\'&y8@qZzH&oJW qI$?*n>JcW@(T\0ZI^:T+K;P[,OJV@J,KEipAoLk\"2!GaVmYZ|#>\Zt9o.^\r.C#>b[tAJ%+\"aIm( @SZS_&+(\\sai+>RrHs:kw4]E{kksI++W\r\\5!<GAiaK F\n:3k1_Ae\rn=1u\0,Eo\\HwVrF}*Gf8[,W8#?u>,OkC%\ZeRKX8mB?LcIkC_!e,T?JY_L(TfL{xzzp*X<{$h.| F;v\rOT|e-f&TbBr8i)h4oQN=\'k+	FYE!|@$E^~S|UI\"%tPr!\\/<{Rx]oo2KzSNJ/s-Ekx.lquMnU2yKk2=_NexFd |zu=GPEfI*	2Ni<9<^$<\0p){qy4[{!b\0?ZtabITj]\0GDe+FR\0{W9khmu	%iiY_zb\Zlh_S/dm`7$^csouukss8w+TM;:hDAU m=#8:`K)*D1=uR6RWP7K-\nX<u\'8+/\n=6PDss\"3\0Xpig#RC\'+\Z,d$=]}[f],rpH8]f)E=J\Z4y,%F[\0	}vuqg+UOYw0!]ON;Ux]\\i{	eoRJRd2.b\Zt1}5MR?+@G\Zm\'$e9m\n@Air23~`FMb],\r*s4?,W.HLF&fpy91k|2bN qEk\Z3fl3\0y)Xik5|a$aV.!#`dbsJU,%YZIpI>VYPKOlVs^1rRU:ULK|j7+O#?\ZK#=qP\\S>si6VrC#=q4c?e94Z8ZwtwAHPG7m\\S=nVoDg_?\\bDeEgNW_OhkL1*[[PDH2(>MbP	e$R0,H6.Os-l\rK=\rUm3 3\"su/vJ5cvb=+8TB\00X+8\0H\"e4A^,~Xo2%@|H`6Qy*R5m\n$9&U>39(F	]*pH{S\0L$@#;w(\0?^6np9#l9@R	SQ)]Q\\s]FmJv\nI}_m~Xc}+hF,<b2sJ)Zl\Z\ZH\ZFAN*2j\0FHR@JvmPlGnAv)>PFI-cH*X\ZOD!9&Nk2[!q{j[mRIb\n%\0ZusiOr	Y<Vb%`y@]:0KsvG#9B\'LE+=8+iYv!mVlqVmcRI`pO5vj3+#g=5U&w\\!BC`hSN:0lYGSZ9TEBs\\3a5yKC  g=xKBy\Z?&GbwQ;S=yqx6\ngd\"m/@vjQaM6	Qn8\\q1rH!$r*=-T	}88h$	Xs*nJ8F~k >e7T\\3nFI6ph}y\"\r(YawOqu(6d5>2k&Kl\rnk L)^,^(w\031nJ}EY];\0xet<72HOqj&}_m/!`ITd+]+MF\ZQaeVe\r}\"K<*yj+iKBOF5\"Abqg~r3@d\0n=<^\ZLq#<Ww`CkXXrR5)Rk@\'Jw)[9<%(5nh~~Y\n8N]yG\0nzUGJk6npdIR[}[iA!de#18 Wv#?fADZi^Umps5x/HoFv-.k{2BQ^\Z~#wk*_C0#1fpf<i>B!Eh3zq\ZX0&Pox.#..N;b\0Rf6u`i%-\"sHGqPOz:PE\npkdo$Quu9{<u3\Z>Ew)K@m3p\n=jGG`8=8mvQe<;thN:j%R8\\=<snoes+no]4ZR4Hrc )b[[\'B2G*~kQxW6N[Sq8B#ds\'+>WmZGV?)X(4/3lvd2n`d8{I\nA<NRt4}B)\".%bmR~=MsVyEq?Ur	v+p\\I\'{2jC-o3(a/BEH5;A~_}y5{I&_&9\\B[4D-zVuqc[WWxYLzVZI\0GN[@P*-Z\n!h\'\n1gdR=4v?ZWxGJA<\nT`A!Rq{\r+9W`\04v72On<TIkHbsh3yh(`Gx?a(Lo<PDC_wLV15qe\',rzG8i-iF&sJ\'Z3``SXsduOEh.F}ovtYbbhrzu5:F>G=7\0<;iAs~^zhekyLX\nD{S-r6OB+}ZtYuF)\ZLrFw\0pzz\nDF&m$g_Zkyah7tCZMB2\0\'?z.c>n(SEE\'$p*x2}T#+\Z\"ykxTg5\rf7WKm/7\r\'8u^4mPW9=+~;:7c=\r_k;,Hnj	I\\tMR+ deU]nn}>H\\p1cMC,4VbG!FMlliJ|1?EHRoh`iU]9F:kbkIataSS=*vv|d(\'kyJDE\rjn;-:+g-GCQUx{~hV.^lv*e=1qQLg!u5qYZ\0mH]1ghu8eAv1z-&UD,Z&\0\nL7!Cgq	SVE$kHE6F!$$HI\'\0Y..b*IF?uFK!w(;>zo/6y>bF;z55*Tm]$ob\"sk|IeOmKBG;+v:1\\kL\'9N1~2jZ mlr8b;vS7RV859tm8-(\rOqU\"0Lr1]\0,C#\0xJs/K0KHr2y]LBUSK}Dj.<a\\Es\rP13wIk<LF~u#^oxqtR`r#qWjIkn[Ui\\%HTaq3J*FsQ0 \0PnNzts0N}\rg+yr0kfhw$}i+\0{\r1o>^IDss?*=6LSV\"\0q7\rk{5u}D7\"!OI]+qrI	*ZndB&#khtS\08)3sJ	by[7*6a%}{Qas.Ww\"Yfq^xT  T67uuSQX)G<Q%ufnv4IKO$Pl^y3Hc>t{baZz}wQ^@&}\nMJonA~4cd`w5vFWR\Z\'JL?M/\'Bhq\0]\0&i{Rt?Z_j\0Qh!5jq\rnq0\'\n}\\C`D<n]ywQ91#OQ7~e(~sY(R[cfn[N8<[\Z+%\nxch/tbC<k2dn@\'ex\nrC6\'GSTV2K:VV<ss7/{U9p-t~n1TJZV=d78$NT/z{w|U#wr	OZq0-T-*q ^!\Zq[H$\nZ4\'0IPN=xLt(d-\r1#^]d(H\Zk1jv-w<6x<Bzl[\"LV]Yx_qZJmC80&h|7`U)+MHa\0Q707`*k8Y9>Q=NKk-7JA$2=C +$ix{I \r)*cm=3]YKm+0\nepG=9NYv.`%f\"\'UApTLSZ%c>$.$8XVzqU8=jPjd2@$\r2MYhl?6;So	wE;\0${Z\"px:`6BvxsZNUv)r@<Sy\'9&=U[w-?4`!8:U\r LBnwf6^o@nIUxI-H\n\rTXzB	$QM\'ZT\09W-5/@;V*\n1H=j[\ZCy$+\";4N>E\nqbx\0+CZ?VBz-g1s[6\n#!cWMh!C+.gnJV4\'i[Xa\"Hflt:+{pa_a$w\rSyR82l3gjQHU#y-t6xH` !8sVVE8*#VRz{NrN	;\nKK[Ii=\n;\rZgU:sZo>n$}s\' JR%+t+gVgi,}IQ1Ql\'_l2i{[Bk\\XCgrmE*$dFfjZqh,j1 yua)UC\";KivmXcI,gw%	vzd#VvJ0XW\'r}:V%&X\"q=\0U2yr[f#zt8*d%WyrQE%I\r+u-zX|Mw5\Z}=:`ylYUHZc]yv2YF0z^\058R.\0e*\0IY\ZuhHo,kq6d$?JdC7tQ5KI&2v0<boh\\XOqXl\'=bw$R\r{SOcyj\'vWgy5}N,!AU6$_C4kk@FrcsA~0O@KB/iw6+nqAK^u\0n<om,1#\rvy_pNEsmh% qFjU5+=n4CH$E5sq~\Z\\$#<=8=ITuZ}@H&;=lw^KKs0H2m<\0Fx%ESW)w:^\\}t2KB=JMY2n3sWj4]Y4:\\FQHHW\0*|agc1~UKI\\v{C9\"m0~#@5_PV4vC1g5BMU~sx^t }_gGI\ZT{y(\"x<D&N\n54YH=kYTRa{\Z4[*z[w)\'#.SeHi#ljSlpGj\'K}7SW^9E542qn&9_Y3I(uk{j}blM6N\\vOYE0Z63FB\"q511s>N	}2m	iZ$Ivsm-9=;T+[zr>3Y%]H+`1\"G-,P}i\001:^c^96dsKQu%]:=]T1}v>RE*3& j/ |CzzS;3\0+)VcOr}jF, 1ZXg#p}j)7YmPNz_z\Z+@cBA\'Zvx{V\\09V{D8\n=c:Tn*sYT)JaZ;GMX7Ky T(Gi\0s6T QO0zBT)N {wi1S>H1:Pp3[7sRXn\'EbGLqYv/*p4cRJ5]i\'l.mw\'8$4s(!=T\"//n%3	\n8D0#~!iV,\"&7\\ffE\0\'WfvM3\0Aqh[IS&`AW+ug\r#z7A%+]CdqA\\f_YNF8/%\Z<K#vp<|+CPZGS+n14!eqMxdULV-yW*zT_y,U~aYi3H}jO4p0eH5hE`4+sGjRmpxaXd;$	LR\0gqmZ)YgosZV\ZM1y-DnRdBI\n\0:Uv93F)qQ?(]<Zg1e`58H\Z<9)roQu%-[^#*cUEF\r#=i48a#\n5PBu{~X!#qxkT}\rsB0ey\0[AH2c;sKv}@\n\018?Z*M~O)F1!lr9C5`<a\n~5m]d|n8255GFrwtt<H\"5!y4H|l%U/Lo\'Y=	Q1j68@:x&5O5,$T)lX01^)]4D$9$cE5H\ns#+HY	*NO#5 BXd5\nq\rfK_iu:!#+,l>m.:s+\0fYHsZ\ZVW*mOCZI(%+-HF.,de\'m2mI{+sBu \0$I9\0\nk?L$+$hrMUo`xRvGq\\d\'d|TP3L\0cvZ1]XgX\r.DS\0cW5_f\' gKb0O)zfL&dp<S&#FC J9^_h\Z,:y\\K3F)OeO3;\Z2z%}%u%fvU,i`k\0oKlr=k}RnE	C\0{:T29\'+Wk%wz<5mzg8+fV9q+H*79+\0yjr_]Zg&485=OKUPMw/W`RN`I>s}0*!94g9=+\ZD9GqH0L\'\\nj%qInLw\'1sM\nxUB\"\'N\0X t8##R\rdcN*DcnGzpy?22Tr TX@\08&zTqS#LvHK5`Iq*$@X*)QEOIV&xQ%@ Y1szyZ9=3&3uGF;ttXwn)) mps]q`~>\rt]h_ (\0\"qJ.*E-\ZbF2}\ZMjX\"Qsp	\"w6\0OP=JD!X#Eh?fRggxd\"XH\Zc/z\rzK#V\"Id%<I}\n;KmF6)r8kuQ&IJPpC[SIre`jg{\rCV[\0J,%4$r,P4	S>8\'^ig8gO#Xk[!h{;}\rjxPR`Yiz,*<Ip7W-#G,g3#U)IjSXH^&.`-5w{x/h^R|g*Jc953EaeZ=d\\<K%XG,1*q9/zU(+AvjU[0]Z4H*}y3{}ImQes>=yMfJ%5o8\0X};\ZB	XPlv::;S<:%?}ss+km3}]YFK\'>zD&crT-.&VRH,L{WAk,zn<\rlA=8SY\0lzs;t?*=rjZR@Br$Pv?JQU\0\r5Rs9?v\ZWktbG2O7!=+|It=:+($\ZE9=85JP\0<WQ5i#9#4%_+BA\'\'aod<-\'q{d[C6eYv;R~RvgM?quM8.Q\\tGp^FF0$q]DC-+Nnb\'r\0{#z}v[yn$Kx[p9\'(mZ|!cEy50M ghC\Z}db8wM^r6,<Vcj\Z.ZElDCfVfq@w\0t}[GHDgk 3^86}cyab!9k<y\n_%1Rp0a\\sZgkZj* %8=yEg^\nl#ko((*OJmi%ILnSpHAXv/jm@3lJEYcNk\nYdlUKyn i~N)\\ohd{o8OpiTV~W}jOL\ZiI#[j^]pH[w7=/irLdP=\r8y$O8Th\n[j%z{Q0=iGlDN}h-zfr0:\ZBl\nr;Tr2qVF^LBN?5\0 4CV <I3HM8q@3H1Lah5\0pz<>r+~.W$_sVjHV3ln\ro08z]Dntx7<W6q]>yA\"7I]/W*q^Td8bqf)	y\ndr5y|H@34QST5%\"Gf8=*7=#wMP=?Wf\'?!EMQv\'V6Ve?u_Wro4P\\t};QEcB\'s.o\n{{Sg34azq+c;VQZ\"4*n=\0c*T28)t\"9Ly0eZSsF\0QIIam(xnG)(rn#6be\'-BD@\'z(zd7GYUZcs*>1Eno98\"I,6\Z<~QY\Z:B,<ZnyE1+6.<W$[Hm!A\nTrrsQdgru(8x\0V\"KqmGc<(Kd|IT\0w;mRbK\"x\'4Q^V6IlZtu0;hale5wOcrJI;Qnre2eRIEQ|lh51{T&glQEtKCWN[skg$pHL	GP\nCEVT\'6CF8wVZ4Nv{\Z([?=S+,nWnjzws@\"`%<QEq\'|[~2O(\0+xk=)1W^F; Zsmy@D,kX\Z0bo=~(-IT-#O\rj~ I&%wFsg5[wRYoq?y1\04Q[TIxxa-&\",@\'{Ey;)9p:~ Eae7gH4nM%4qHn#=[y bZT%8s+g]\ruvPaEJyx\r;z\Z$^;/=*M#3J:qE(G\rt\nc+:(@\"K;(P1\\oRh@kB*\'%8j(YK( w>w1QM&@JQ\Z]$,1czQSdY&keNv&fk(HV2n.V<Vi,e&+ @-/bC\0((|+d@)!depjU#U\r\0lPGz(Z6SU|cH(	+5jP;y`EDLe;E9\'2k{3obx]gS^=hCqV\"584QJ:/JocuunmD;\0r	<d+Lc.[EM}t	cb<fm4+e{>(S5{\rKAjXbb#*~>fy\\FV%+Z(Ml$Q^\\.cV`IY;?i1<VHdj(y7(Z3%!\0C}{c[\"Hic#0(EdRSVanxi-$\"EfQ=JkhaUGoZ(iF2*le%Im:P~W\rH##\rbPNEWu	F\n|pwO#\0;I<j(PfncthX,Xrg#Qdhd!4QWSIhLIc|pz\Z4kO\0}(H`7qUY#QV5 {QE\r8aV!H%I8o/\Z?*Vr:4Q\\3Ir!d.F|Si-E8\0\0:u8Z(7RD\0/|?|$&p#zf+.w%fid:[+	;@1_q93M5 s#~b+\Z\rgSZ(pc1Ei\'g8\0[Rrs}*m*F]I#0pG)CIh)lz7<=s\\H6#|1:fvcukYZ,vk@eb\'cU\rk2@[\0CVq).xW:m(Tj MEj\ZP)f(`F1Nh*na4U:G^h$@>\r1E1J(hd2Qf\0E)l\"j23~}qE=XsQEJDzL(( =hH7Z(\ZVq\"0bqzJ4X*>$\0x\"6bPN#{7K1R\0\0Z(j47VY*g}J]Nz\Z(2i\";\\\rt\Zzi\ZmM.@xQ.$T(rPK\0O(m\nZ(]qs,q<QE\\;\nB!Ejm\nH4bT@OEsv4~bI 0Qs][tK	-nV c#\'QEs*NE)=#ppq[v[o	xlyg95\rb@4C9El|W[Xq`rdA#Z(N5.G+84BodxU@\r/m(|c9(8{<ggu[_is\\|Q>@$kldt2&@VJ\n\'kswRH<YRORG`x<T:l5&pTh$\rJkSW\\\\xQtRK-	 B;~	1Q]v]4E&et,!Y<QU\Z4XCG]g%)a3CY,s:PK6;c&+YS[Ca0dbgZ(NW2\'IeCkR_cEC[5atZ h\088y~~$sE$+54`=1E[BKR$Xn_Pt,NH6Z(&b_\'pdf998XH+l!xNh\r=3KSfE\Z\\sE	P>t5$R0<w\Zn\n#pA3>HVA#zEa%;',NULL,'LocalBusiness',NULL,334),
(20,'kjhjkhjk','<!DOCTYPE html>\r\n<html>\r\n<head>\r\n<script type=\"text/javascript\" src=\'https://maps.google.com/maps/api/js?sensor=false\'></script>\r\n\r\n<script>\r\nfunction initialize()\r\n{\r\nvar mapProp = {\r\n  center:new google.maps.LatLng(51.508742,-0.120850),\r\n  zoom:5,\r\n  mapTypeId:google.maps.MapTypeId.ROADMAP\r\n  };\r\nvar map=new google.maps.Map(document.getElementById(\"googleMap\"),mapProp);\r\n}\r\n\r\ngoogle.maps.event.addDomListener(window, \'load\', initialize);\r\n</script>\r\n</head>\r\n\r\n<body>\r\n<div id=\"googleMap\" style=\"width:500px;height:380px;\"></div>\r\n\r\n</body>\r\n</html>\r\n',NULL,'LocalBusiness',NULL,330),
(21,'hello','<p>Whats up</p>',740,'LocalBusiness',NULL,334),
(22,'hhi','hjkhkj',740,'company_organizations',NULL,2),
(23,'hi','kjjkljlkl',740,'company_organizations',NULL,2);
insert into `template` values 
(24,'hi','\Z\0\0\0\0\0\0\0\0\0\0\0\0\0\0\0\0>\0\0	\0\0\0\0\0\0\0\0\0\0\0\0\0\0\0n\0\0\0\0\0\0\0\0\0\0p\0\0\0\0\0\0\0\0\0\0m\0\0\0\0[	\0\0\0\0\0\0\0\0\0\0\0\0\0\0\0\"\0\0\0bjbj\0\0\0\0\0\0\0\0\0\0\0\0\0\0\0\0\0\0	\07V\0\0\0\0\Z\0\0\0\0\0\0\0\0\0\0\0\0\0\0\0\0\0\0\0\0\0\0\0\0\0\0\0\0\0\0\0\0\0\0\0\0\0\0\0\0\0\0\0\0\0\0\0\0\0\0\0\0\0\0\0\0\0\0\0\0\0\0\0\0\0\0\0\0\0\0H\0\0\0\0\0\0H\0\0$\0\0\0\0\0\0$\0\0\0\0\0\0$\0\0\0\0\0\0$\0\0\0\0\0\0$\0\0\0\0\0\0\0\0\0\0\0\0\0\0\0\0\0$\0\0\0\0\0\0$\0\0\0\0\0\0$\0\0\0\0\0\0$\0\0\0\0\0#%\0\0L\0\0\0$\0\0\0\0\0\0J\0\0\n\0\0o%\0\0L\0\0\0%\0\0\0\0\0\0%\0\0\0\0\0\0%\0\0\0\0\0\0%\0\0\0\0\0\0\"\'\0\0\0\0\0\0\"\'\0\0\0\0\0\0\"\'\0\0\0\0\0\0;J\0\0\0\0\0=J\0\0\0\0\0\0=J\0\0\0\0\0\0=J\0\0\0\0\0\0=J\0\0\0\0\0\0=J\0\0\0\0\0\0=J\0\0$\0\0\0M\0\0\0\0hP\0\0F\0\0\0aJ\0\0\0\0\0\0\0\0\0\0\0\0\0\0\0\0\0\0\0\0\0$\0\0\0\0\0\0\"\'\0\0\0\0\0\0\0\0\0\0\0\0\0\0\0\0\0\0\0\0\0\0\0\'\0\0\"\0\0\0\"\'\0\0\0\0\0\0\"\'\0\0\0\0\0\0\"\'\0\0\0\0\0\0aJ\0\0\0\0\0\0\0\0\0\0\0\0\0\0$\0\0\0\0\0\0$\0\0\0\0\0\0%\0\0\0\0\0\0\0\0\0\0\0\0\0\0%\0\0E\0\0vJ\0\0\0\0\0*\0\0\0\0\0\0*\0\0\0\0\0\0*\0\0\0\0\0\0\"\'\0\0\0\0$\0\0\0\0\0\0%\0\0\0\0\0\0$\0\0\0\0\0\0%\0\0\0\0\0\0;J\0\0\0\0\0\0\0\0\0\0\0\0\0\0*\0\0\0\0\0\0\0\0\0\0\0\0\0\0\0\0\0\0\0\0\0\0\0\0\0\0\0\0\0\0\0\0\0\0\0\0\0\0\0\0\0\0\0\0\0\0\0\0\0\0\0\0\0\0\"\'\0\0\0\0\0\0;J\0\0\0\0\0\0\0\0\0\0\0\0\0\0*\0\0\0\0\0\0*\0\0\0\0B\0\0\0\0\0\0\0\0\0\0\0\0\0\0\0\0\0\0\0\0\0\0\0\0\0\0\0\0\0\0\0\0\0\0\0\0\0\0\0\0\0\0\0\0\0\0\0\0\0\0\0\0\0\0\0\0\0\0\0\0\0\0\0\0\0\0\0\0\0\0\0\0\0\0\0\0D\0\0\0\0\0\0%\0\0\0\0\0\0\0\0\0\0PD~\0\0\0\0\0\0\0\0$\0\0\0\0\0\0 *\0\0.\0\0\07C\0\0\0\0\0\0\0\0\0\0\0\0\0\'J\0\0\0\0\0J\0\00\0\0\0J\0\0\0\0\0\0C\0\0\0\0\0P\0\0\0\0\0\0N*\0\0|\0\0\0P\0\0D\0\0\0D\0\0\0\0\0\0\0\0\0\0\0\0\0\0\0\0\0\0\0\0\0\0\0\0\0\0\0\0\0\0\0\0\0\0\0\0\0\0\0\0\0\0\0\0\0\0\0\0\0\0\0\0\0\0\0\0\0\0\0\0\0\0\0\0\0\0\0\0\0\0D\0\08\0\0\0P\0\0\0\0\0\0\0\0\0\0\0\0\0\0$\0\0\0\0\0\0D\0\0P\0\0\"\'\0\0\0\0\0\0\"\'\0\0\0\0\0\0*\0\0\0\0\0\0\"\'\0\0\0\0\0\0\"\'\0\0\0\0\0\0\0\0\0\0\0\0\0\0\0\0\0\0\0\0\0\0\0\0\0\0\0\0\0\0\0\0\0\0\0\0\0\0\"\'\0\0\0\0\0\0\"\'\0\0\0\0\0\0\"\'\0\0\0\0\0\0aJ\0\0\0\0\0\0aJ\0\0\0\0\0\0\0\0\0\0\0\0\0\0\0\0\0\0\0\0\0\0\0\0\0\0\0\0\0\0\0\0\0\0\0\0\0\0*\0\0\0\0\0\0\0\0\0\0\0\0\0\0\0\0\0\0\0\0\0\0\0\0\0\0\0\0\0\0\0\0\0\0\0\0\0\0\"\'\0\0\0\0\0\0\"\'\0\0\0\0\0\0\"\'\0\0\0\0\0\0J\0\0\0\0\0\0\"\'\0\0\0\0\0\0\"\'\0\0\0\0\0\0\"\'\0\0\0\0\0\0\"\'\0\0\0\0\0\0\0\0\0\0\0\0\0\0\0\0\0\0\0\0\0\0\0\0\0\0\0\0\0\0\0\0\0\0\0\0\0\0\0\0\0\0\0\0\0\0\0\0\0\0\0\0\0\0\0\0\0\0\0\0\0\0\0\0\0\0\0\0\0\0\0\0\0\0\0\0\0\0\0\0\0\0\0\0\0\0\0\0\0\0P\0\0\0\0\0\0\"\'\0\0\0\0\0\0\"\'\0\0\0\0\0\0\"\'\0\0\0\0\0\0\"\'\0\0\0\0\0\0\"\'\0\0\0\0\0\0\"\'\0\0\0\0\0\0\0\0\0\0\0\0\0\0\0\0\0\0\0\0\0\0\0\0\0\0\0\0\0\0\0\0\0\0\0\0\0\0\0\0\0\0\0\0\0\0\0\0\0\0\0\0\0\0\0\0\0\0\0\0\0\0\"\'\0\0\0\0\0\0\"\'\0\0\0\0\0\0\"\'\0\0\0\0\0\0H\0\0	\0\0Q#\0\0:\0\0\0\0\0	@\0\0\0\0\0\0\0\0\0\0\0\0\0\0\0\0\0\0\0\0\0\0\0\0\0\0\0\0\0\0\0\0\0\0\0\0\0\0\0\0\0\0\0\0\0\0\0\0\0\0\0\0\0\0\0\0\0\0\0\0\0\0\0\0\0\0\0\0\0\0\0\0\0\0\0\0\0\0\0\0\0\0\0\0\0\0\0\0\0\0\0\0\0\0\0\0\0\0\0\0\0\0\0\0\0\0\0\0\0\0\0\0\0\0\0\0\0\0\0\0\0\0\0\0\0\0\0\0\0\0\0\0\0\0\0\0\0\0\0\0\0\0\0\0\0\0\0\0\0\0\0\0\0\0\0\0\0\0\0\0\0\0\0\0\0\0\0\0\0\0\0\0\0\0\0\0\0\0\0\0\0\0\0\0\0\0\0\0\0\0\0\0\0\0\0\0\0\0\0\0\0\0\0\0\0\0\0\0\0\0\0\0\0\0\0\0\0\0\0\0\0\0\0\0\0\0\0\0\0\0\0\0\0\0\0\0\0\0\0\0\0\0\0\0\0\0\0\0\0\0\0\0\0\0\0\0\0\0\0\0\0\0\0\0\0\0\0\0\0\0\0\0\0\0\0\0\0\0\0\0\0\0\0\0\0\0\0\0\0\0\0\0\0\0\0\0\0\0\0\0\0\0\0\0\0\0\0\0\0\0\0\0\0\0\0\0\0\0\0\0\0\0\0\0\0\0\0\0\0\0\0\0\0\0\0\0\0\0\0\0\0\0\0\0\0\0\0\0\0\0\0\0\0\0\0\0\0\0\0\0\0\0\0\0\0\0\0\0\0\0\0\0\0\0\0\0\0\0\0\0\0\0\0\0\0\0\0\0\0\0\0\0\0\0\0\0\0\0\0\0\0\0\0\0\0\0\0\0\0\0\0\0\0\0\0\0\0\0\0\0\0\0 \rAyush Ramola\r			     	    Contact no: +91-					\r				 Email id:  ayushramola@soarlogic.com	     	     \r						 \rObjective\r\rTo be potential resource to the organization where I can utilize my skills and knowledge which would help the organization to grow and further enhance my growth profile. It would be never ending   dedication to maintain the spectrum of integrity, honesty and character\r\rProfessional Qualification\r\rB.tech (IT) in 2011 from GRD, Institute of Management and Technology Dehradun, Uttarakhand, India.\r    \rProfessional Snapshot\r\rSoftware Development Engineer with more than Two years of professional experience in software development processes and implementations.\rExperience of developing applications using PHP, MySQL, Ajax (JQuery), in Web Technologies.\rGood in development of web application using HTML, XHTML, CSS, Java Server Pages (JSPs), Object-Oriented JavaScript.\rVery sound technically and have good ability to work in a team and can handle team of developer.\r\rProfessional Experience\r\rCurrently working as Software Engineer with Soarlogic Information Technologies Pvt. Ltd., Dehradun from 8th Aug 2011 to till date.\r.\r\rTechnical Skills\r   \rProgramming Languages 	: PHP\rFrameworks			: CakePhp (MVC)\rScripting Languages  	: JavaScript, HTML, CSS, Ajax (JQuery) and JQuery Plugins \rDatabases			: MySQL 5.0\rWeb Servers			: Apache 2.2\rIDEs				: Eclipse, Intelli J Idea 11.x\rOperating Systems             : Linux, Windows 7/VISTA/XP	\rSoftware Development Methodology	: Agile Method\r\r\r\r\r\r	\rProject Experience\r\rProject		: FERTILITY (http://www.fertility2u.com)\rClient		: Fertility\rTechnologies	: Php, MySql 5.0, Ajax (JQuery) and JQuery plugins.\rFramework	: Magento\rTeam Size	: 10. \r\rContribution:\rRole in development and database design of all modules.\rDid UI design and Integration of modules, with ajaxification of all pages in this application through JQuery wherever ajaxficaion is required.\rClearing the problem in every phase.\rDiscussing with client weekly and clearing their doubts.\r\rOverview:\r\rWelcome to Fertility2u your Online Fertility Pharmacy offering a wide range of prescription Fertility Drugs / IVF medication all delivered directly to your doorstep, normally within 24 hours of receiving your prescription. Enjoy peace of mind knowing Fertility2u is regulated by the GPhC and a member of the National Pharmacy Association. Fertility2u is considered a market leader in providing IVF Fertility Drugs as well as being an established Verified UK Pharmacy with a High Street outlet. Our aim is to provide a safe, secure and fast solution to IVF patients worldwide. We stock most brands such as Gonal F, Menopur and Puregon and only use UK Approved Fertility Drugs .\rProject		: Work-Force  ( HYPERLINK \"http://workforce-base.com/\" http://workforce-base.com/)\rClient		: Fertility\rTechnologies	: Php, MySql 5.0, Ajax (JQuery) and JQuery plugins.\rFramework	: Cakephp MVC 2.x\rTeam Size	: 10. \r\rContribution:\rWorked in development and database designing of all modules.\rDid in UI design and Integration of modules. \rBug Fixing in every phase.\rHandling client queries.\r\rOverview:\r\rWork-Force is the Apex of the Project and Workforce Outsourcing Sites on the Internet. Work-Force Freelancers are certified, having established that they have the Proper Education, Training, Experience, Skills and have time and time again proven themselves.\r\rProject		: Rvr ( HYPERLINK \"http://rvr.thewtour.com/\" http://rvr.thewtour.com/)\rClient		: Gabril\rTechnologies	: Php, MySql 5.0, Ajax (JQuery) and JQuery plugins.\rFramework	: Cakephp MVC 2.x\rFramework	: Intelli J Idea 10.x.\rTeam Size	: 2. \r\rContribution:\rHandled the designing and implementation of database.\rActively participated in UI designing and Integration of modules. Did ajaxification through JQuery, wherever ajaxficaion is required.\rFixing the problem in different phases of development.\rHandled the communication with client, in clearing the doubts and development status.\rDiscussing with client weekly and clearing their doubts.\r\rOverview:\rThis deals in conducting the survey of readability of font and size, among different  \rfont and size which is most easy readable by visitor in a museum.\r\r\rProject		: GYAPTI ( HYPERLINK \"http://www.gyapti.com/\" http://www.gyapti.com/)\rClient		: GYAPTI\rTechnologies	: Php, MySql 5.0, Ajax (JQuery) and JQuery plugins.\rFramework	: Cakephp MVC 2.x\rFramework	: Intelli J Idea 10.x.\rTeam Size	: 10. \r\rContribution:\rWorked in Development and Designing of database.\rDid UI designing and integration of modules, implement the ajaxification where every required in project.\rUse to fix the bug problems in every phase of project.\rCommunicating with client and handling clients queries.\r\rOverview:\rGyapti is an educational web site (actually a web application). This website provides free universities, colleges, etc. information. People can get their courses information, events information and full view of them. It mainly focuses to educate people through online. \rAs we know today, online a very wide medium to aware people. We know today, most of people are still illiterate. There are various reasons for them like not having any medium for education, no facilities. \rGyapti is a very popular way to aware people by web medium. Internet medium is also a very cheapest medium. People can get it easily via satellite also if there is no other medium.\rGyapti mainly focus on worldwide education to spread new brightness of light in people life. People can get very easily any information related to Universities, Colleges. They can be local or world-wide popular Universities, Colleges.\rPeople can make their communities also and can invite other people to join here free of cost.\r\r\r\r\r\r\r\r\rProject		: Mometrosales ( HYPERLINK \"http://www.mometrosales.com/\" http://www.mometrosales.com)\rClient Name	: Govin\rTechnologies	: Php, MySql 5.0, Ajax (JQuery).\rFramework	: Wordpress\rIDE		: Intelli J Idea 11.x.\rTeam Size	: 3. \r\rContribution:\rWorked as a Software Engineer.\rCommunicated with client and team members in shorting the bugs.\rDiscussing with client weekly and clearing their doubts.\rIntegration of Hibernate Search feature which uses Lucene search also.\r\rOverview:\rMillions of people are using mobile devices to surf the web for information. It is more important than ever for companies to have a mobile website, especially one that downloads essential information quickly and displays it in a way that helps website visitors find what they are looking for while on the go. Create a home-based business with MoMetro by offering Mobile Websites to businesses. You will not only make a ton of money but you will have fun doing it. PERSONAL DETAILS    \r\rPersonal Details     \r\r\rDate of birth			30th July 1991\rFathers Name		Mr. M.C.Ramola\rAddress     			Guru Road, Patel Nagar\r				Dehradun - 248001\rLanguages Known		Hindi, English.\r	\r						\r\r   (Ayush Ramola)\r\0\0\0\0\0\0\0\0\0\0\0\0\0\0\0\0\0\0\0\0\0\0\0\0\0\0\0\0\0\0\0\0\0\0\0\0\0\0\0\0\0\0\0\0\0\0\0\0\0\0\0\0\0\0\0\0\0\0\0\0\0\0\0\0\0\0\0\0\0\0\0\0\0\0\0\0\0\0\0\0\0\0\0\0\0\0\0\0\0\0\0\0\0\0\0\0\0\0\0\0\0\0\0\0\0\0\0\0\0\0\0\0\0\0\0\0\0\0\0\0\0\0\0\0\0\0\0\0\0\0\0\0\0\0\0\0\0\0\0\0\0\0\0\0\0\0\0\0\0\0\0\0\0\0\0\0\0\0\0\0\0\0\0\0\0\0\0\0\0\0\0\0\0\0\0\0\0\0\0\0\0\0\0\0\0\0\0\0\0\0\0\0\0\0\0\0\0\0\0\0\0\0\0\0\0\0\0\0\0\0\0\0\0\0\0\0\0\0\0\0\0\0\0\0\0\0\0\0\0\0\0\0\0\0\0\0\0\0\0\0\0\0\0\0\0\0\0\0\0\0\0\0\0\0\0\0\0\0\0\0\0\0\0\0\0\0\0\0\0\0\0\0\0\0\0\0\0\0\0\0\0\0\0\0\0\0\0\0\0\0\0\0\0\0\0\0(\0\0,\0\0-\0\02\0\07\0\0?\0\0B\0\0M\0\0[\0\0h\0\0i\0\0q\0\0z\0\0tcOD=/\Zh[(\0CJ\0OJ\0QJ\0^J\0aJ\0\0h$*\0hZ\0\0j\0\0\0\0h$*\0hZ\0U&h$*\0he\06>*CJ\0OJ\0QJ\0^J\0aJ\0\0 ht\06>*CJ\0OJ\0QJ\0^J\0aJ\0\0)h$*\0hZ\056CJ\0OJ\0QJ\0\\^J\0aJ\0#h$*\0hZ\06CJ\0OJ\0QJ\0^J\0aJ\0#h$*\0hZ\0CJ\0OJ\0QJ\0\\^J\0aJ\0 h$*\0hZ\0CJ\0OJ\0QJ\0^J\0aJ\0\0&h$*\0hZ\05CJ\0OJ\0QJ\0\\^J\0aJ\0\0ht\0CJ\0OJ\0QJ\0\\aJ\0h$*\0hZ\0CJ\0OJ\0QJ\0\\aJ\0h$*\0h=W\0CJ\0OJ\0QJ\0\\aJ\0\0\0\0\0\0\0\0\02\0\0h\0\0q\0\0{\0\0|\0\0	\0\0	\0\0	\0\0	\0\0	\n\0\0\n\0\0$\n\0\0%\n\0\0\n\0\0\0\0\0\0\0\0\0\0\0\0\0\0\0\0\0\0\0\0\0\0\0\0\0\0\0\0\0\0\0\0\0\0\0\0\0\0\0\0\0\0\0\0\0\0\0\0\0\0\0\0\0\0\0\0\0\0\0\0\0\0\0\0\0\0\0\0\0\0\0\0\0\0\0\0\0\0\0\0\0\0\0\0\0\0\0\0\0\0\0\0\0\0\0\0\0\0\0\0\0\0\0\0\0\0\0\0\0\0\0\0\0\0\0\0\0\0\0\0\0\0\0\0\0\0\0\0\0\0\0\0\0\0\0\0\0\0\0\0\0\0\0\0\0\0\0\0\0\0\0\0\0\0\0\0\0\0\0\0\0\0\0\0\0\0\0\0\0\0\0\0\0\0\0\0\0\0\0\0\0\0\0\0\0\0\0\0\0\0\0\0\0\0\0\0\0\0\0\0\0\0\0\0\0\0\0\0\0\0\0\0\0\0\0$\n&\0F\r\0\r\0h\0\0a$gd\"T\0\0\0\0gd[(\0\0\0gd[(\0\0\0\0$h^ha$\0\0\0$\r\0\0a$gd[(\0\0E\0\0\0\0w^w\0\r\0\0\0\0-D\0M\n\0\0\0\0\0\0\0\0\0$a$\0\0\0gd-\0\r\0\0-D\0M\n\0\0\0\0\0\0gd-\0\0\0\0p^p`gd-\0\0\0\0\0z\0\0{\0\0|\0\0	\0\0	\0\0	\0\0	\0\0	\0\0	\0\0	\0\0	\0\0	\0\0	\0\0	\0\0	\0\0	\0\0\0\n\0\0\n\0\0\n\0\0\n\0\0\n\0\0#\n\0\0{k^{QD^=\0\0\0\0\0\0\0\0\0\0\0\0\0h$*\0hZ\0\0h$*\0hX\0OJ\0QJ\0^J\0\0h$*\0h >\0OJ\0QJ\0^J\0\0h$*\0hZ\0OJ\0QJ\0^J\0\0h$*\0hZ\05OJ\0QJ\0\\^J\0\0h$*\0h|U7\05OJ\0QJ\0\\^J\0\0h$*\0h7\n\05OJ\0QJ\0^J\0ht\05OJ\0QJ\0^J\0h[(\0OJ\0QJ\0^J\0\0\Zh[(\0CJ\0OJ\0QJ\0^J\0aJ\0\0h$*\0ht\0CJ\0OJ\0QJ\0^J\0\0ht\0hZ\0CJ\0aJ\0\0ht\0ht\0CJ\0aJ\0\0h$*\0hZ\05OJ\0QJ\0^J\0 h$*\0hZ\0CJ\0OJ\0QJ\0^J\0aJ\0#\n\0\0$\n\0\0%\n\0\0H\n\0\0R\n\0\0U\n\0\0V\n\0\0[\n\0\0\\\n\0\0\n\0\0\n\0\0\n\0\0\n\0\0\n\0\0\n\0\0\n\0\0\n\0\0\0\0\n\0\00\0\07\0\0=\0\0D\0\0I\0\0a\0\0c\0\0s\0\0vl_RE\0\0\0\0h$*\0h7\0OJ\0QJ\0^J\0\0h$*\0h	h\0OJ\0QJ\0^J\0\0h$*\0h%g\0OJ\0QJ\0^J\0\0h\"/p\0OJ\0QJ\0^J\0\0h/r\0OJ\0QJ\0^J\0\0h\0OJ\0QJ\0^J\0\0h$*\0h(\0OJ\0QJ\0^J\0\0h$*\0hZ\05OJ\0QJ\0\\^J\0\0h$*\0hZ\05OJ\0QJ\0^J\0h$*\0hlI\05OJ\0QJ\0^J\0h$*\0hNv\05OJ\0QJ\0^J\0h$*\0hL-\0OJ\0QJ\0^J\0\0h$*\0hZ\0OJ\0QJ\0^J\0\0h[(\0h[(\0\0\ZhZ\0CJ\0OJ\0QJ\0^J\0aJ\0\Z\n\0\0\n\0\0\0\0\0\0\0\0\0\0\0\0}\0\0\0\0\0\0\0\0\0\0\0\0\0\0\0\0\0\0\0\0\0\0\0\0\0\0\0\0\0\0\0\0\0\0\0\0\0\0\0\0\0\0\0\0\0\0\0\0\0\0\0\0\0\0\0\0\0\0\0\0\0\0\0\0\0\0\0\0\0\0\0\0\0\0\0\0\0\0\0\0\0\0\0\0\0\0\0\0\0\0\0\0\0\0\0\0\0\0\0\0\0\0\0\0\0\0\0\0~\0\0\0\0\0\0\0\0\0\0\0\0p\0\0\0\0\0\0\0\0\0\0\0\0n\0\0\0\0\0\0\0\0\0\0\0\0n\0\0\0\0\0\0\0\0\0\0\0\0\0\0\0\0\0\0\0\0\0\0\0\0\0\0\0\0\r\0\0\0\0-D\0M\n\0\0\0\0\0\0\"G\0$\r\r\0\0p@P !$h\0h\0\01$^h`\0\0a$gd(\0\0\0\0^gdUx\0\0\0\n&\0F\0gd\"T\0\0F\0$\r\r\0\0p@P !$\0\0\01$^`\0\0a$\0\0gdj	\0\0\0\0dh\0\0\0\0$\n&\0F\r\0\r\0h\0\0a$gd\"T\0\0\0\0$\n&\0F\r\0\r\0h\0\0]a$gd\"T\0\0s\0\0}\0\0\0\0\0\0\0\0\0\0\0\0\0\0\0\0\0\0\0\0\0\0\0\0 \0\0&\0\0/\0\0H\0\0R\0\0T\0\0\\\0\0b\0\0p\\H\\5\0\0$h$*\0h(\0OJ\0QJ\0^J\0_H\0nH\0tH\0\0\'h$*\0hZ\05OJ\0QJ\0^J\0_H\0nH\0tH\0\'h$*\0h(\05OJ\0QJ\0^J\0_H\0nH\0tH\00h$*\0hNv\00J;\05B*\0CJ\0^J\0_H\0nH\0ph\0\0\0tH\0\0$h$*\0hZ\0OJ\0QJ\0^J\0_H\0nH\0tH\0\0 h$*\0hZ\0CJ\0OJ\0QJ\0^J\0aJ\0\0\Zh[(\0CJ\0OJ\0QJ\0^J\0aJ\0\0h$*\0hZ\0\0h$*\0hZ\0OJ\0QJ\0^J\0\0h$*\0h\"/p\0OJ\0QJ\0^J\0\0h\"/p\0OJ\0QJ\0^J\0\0h$*\0hZ\0OJ\0QJ\0^J\0\0h$*\0h	h\0OJ\0QJ\0^J\0b\0\0c\0\0e\0\0f\0\0i\0\0n\0\0}\0\0\0\0\0\0\0\0\0\0\0\0\0\0\0\0\0\0}o^N;+\0\0\0\0\0\0\0\0\0\0\0\0h\0OJ\0QJ\0^J\0_H\0nH\0tH\0\0$h$*\0ho@L\0OJ\0QJ\0^J\0_H\0nH\0tH\0\0h$*\0hZ\05OJ\0QJ\0\\^J\0\0 h$*\0hZ\0CJ\0OJ\0QJ\0^J\0aJ\0\0\Zh[(\0CJ\0OJ\0QJ\0^J\0aJ\0\0$h$*\0h(\0OJ\0PJ\0\0QJ\0_H\0nH\0tH\0\0$h$*\0h(\0OJ\0QJ\0^J\0_H\0nH\0tH\0\0$h$*\0hZ\0OJ\0QJ\0^J\0_H\0nH\0tH\0\0$h$*\0hUx\0OJ\0QJ\0^J\0_H\0nH\0tH\0\0$h$*\0h\"T\0OJ\0QJ\0^J\0_H\0nH\0tH\0\0\'ht\0h\"T\0H*OJ\0QJ\0^J\0_H\0nH\0tH\0h\"T\0OJ\0QJ\0^J\0_H\0nH\0tH\0\0\0\0\0\0\0\0\0\0\0\0\0\0\0\0\0\0\0\0\0\r\0\0\r\0\0\r\0\0\r\0\0\r\0\0\r\0\0 \r\0\0n[nH5H\0\0\0\0\0\0\0\0\0\0\0\0\0\0\0\0\0\0\0\0\0\0$h$*\0hp\0OJ\0QJ\0^J\0_H\0nH\0tH\0\0$h$*\0hV|\0OJ\0QJ\0^J\0_H\0nH\0tH\0\0$h$*\0h1\0OJ\0QJ\0^J\0_H\0nH\0tH\0\0$h$*\0hg>\0OJ\0QJ\0^J\0_H\0nH\0tH\0\0h1a\0OJ\0QJ\0^J\0_H\0nH\0tH\0\0$h$*\0h%\0OJ\0QJ\0^J\0_H\0nH\0tH\0\0$h$*\0hZ\0OJ\0QJ\0^J\0_H\0nH\0tH\0\0h\0OJ\0QJ\0^J\0_H\0nH\0tH\0\0$h$*\0hPk\0OJ\0QJ\0^J\0_H\0nH\0tH\0\0$h$*\0he\0OJ\0QJ\0^J\0_H\0nH\0tH\0\0$h$*\0h+\0OJ\0QJ\0^J\0_H\0nH\0tH\0\0\0\0\0 \r\0\08\r\0\0S\r\0\0z\r\0\0\r\0\0\r\0\0\r\0\0\r\0\0\r\0\0\r\0\0\r\0\0\r\0\0\r\0\0\0\0\02\0\0F\0\0\0\0\0\0\0\0\0\0\0\0\0\0\0\0\0\0\0\0\0\0\0\0\0\0\0\0\0\0\0\0\0\0\0\0\0\0\0\0\0\0\0\0\0\0\0\0\0\0\0\0\0\0\0\0\0\0\0\0\0\0\0\0\0\0\0\0\0\0\0\0\0\0\0\0\0\0\0\0\0\0\0\0\0\0\0\0\0\0\0\0\0\0\0\0\0\0\0\0\0\0\0\0\0\0\0\0\0\0\0\0\0\0\0\0\0\0\0\0\0\0\0\0\0\0\0\0\0\0\0\0\0\0\0\0\0\0\0\0\0\0\0\0\0\0\0\0\0\0\0\0\0\0\0\0\0\0\0\0\0\0\0\0\0\0\0\0\0\0\0\0\0\0\0\0\0\0\0\0\0\0\0\0\0\0\0\0\0\0\0\0\0\0\0\0\0\0\0\0\0\0\0\0\0\0\0\0\0\0\0\0\0\0\0\0\0\0\0\0\0\0\0\0\0\0\0\0\0\0\0\0\0\0\0\0\0\0\0\0\0\0\0\0\0\0h^hgdDg\0\0\0\n&\0F\0\r\0h\0gdDg\0\0\0\0h^hgd,>\0\0\0\r\0\0\0-D\0M\n\0\0\0\0\0\0gd[(\0\0\0\0$\r\0\0\0\0^a$\0\0\0$\r\0\0\0\0a$\0\0\0gd9\n\0\0\0\0gdz\0\0\0\0\0 \r\0\0,\r\0\0.\r\0\01\r\0\03\r\0\07\r\0\0A\r\0\0F\r\0\0H\r\0\0R\r\0\0S\r\0\0[\r\0\0]\r\0\0d\r\0\0e\r\0\0u\r\0\0w\r\0\0y\r\0\0\r\0\0\r\0\0\r\0\0q^J\0\0\0\0\0\0\0\0\0\0\0\0\0\0\0\0\0\0\0\0\0\0\0\0\0\0\0\0\0\0\0\0\0\0\0\0\0\0\0\0\0\0\0\0\'h$*\0hZ\05OJ\0QJ\0^J\0_H\0nH\0tH\0$h$*\0hds\0OJ\0QJ\0^J\0_H\0nH\0tH\0\0$h$*\0hP\0OJ\0QJ\0^J\0_H\0nH\0tH\0\0h/r\0OJ\0QJ\0^J\0_H\0nH\0tH\0\0h\0OJ\0QJ\0^J\0_H\0nH\0tH\0\0h\"T\0OJ\0QJ\0^J\0_H\0nH\0tH\0\0$h$*\0hr;\0OJ\0QJ\0^J\0_H\0nH\0tH\0\0$h$*\0hZ\0OJ\0QJ\0^J\0_H\0nH\0tH\0\0$h$*\0h9\n\0OJ\0QJ\0^J\0_H\0nH\0tH\0\0$h$*\0h\rq\0OJ\0QJ\0^J\0_H\0nH\0tH\0\r\0\0\r\0\0\r\0\0\r\0\0\r\0\0\r\0\0\r\0\0\r\0\0\r\0\0\r\0\0\r\0\0\r\0\0\r\0\0\r\0\0\r\0\0\r\0\0\r\0\0\r\0\0\r\0\0{naWJ=/\Zh[(\0CJ\0OJ\0QJ\0^J\0aJ\0\0h$*\0hB\0OJ\0QJ\0^J\0\0h$*\0h\"/p\0OJ\0QJ\0^J\0\0hZ\0OJ\0QJ\0^J\0\0h$*\0hUx\0OJ\0QJ\0^J\0\0h$*\0h2\0OJ\0QJ\0^J\0\0h$*\0h\rq\0OJ\0QJ\0^J\0\0h$*\0h&^^\0OJ\0QJ\0^J\0\0h$*\0hZ\0OJ\0QJ\0^J\0\0h\"T\0OJ\0QJ\0^J\0_H\0nH\0tH\0\0$h$*\0h\Z]2\0OJ\0QJ\0^J\0_H\0nH\0tH\0\0$h$*\0h\\2>\0OJ\0QJ\0^J\0_H\0nH\0tH\0\0$h$*\0hZ\0OJ\0QJ\0^J\0_H\0nH\0tH\0\0\'h$*\0h9\n\05OJ\0QJ\0^J\0_H\0nH\0tH\0\0\r\0\0\r\0\0\0\0\0	\0\0\n\0\0\0\0\0\0\0\00\0\01\0\02\0\08\0\0E\0\0\0\0\0\0\0\0\0\0\0\0\0\0\0\0\0\0\"\0\0\0\0\0\0\0\0\0\0ukk^N\0\0\0\0\0\0\0\0\0\0\0\0\0\0\0\0\0\0\0\0\0\0\0\0\0\0\0h$*\0h\"x\05OJ\0QJ\0\\^J\0\0hDg\05OJ\0QJ\0\\^J\0\0h\"/p\0OJ\0QJ\0^J\0\0h$*\0hDg\05OJ\0QJ\0^J\0ht\0OJ\0QJ\0^J\0\0h\0OJ\0QJ\0^J\0\0hDg\0OJ\0QJ\0^J\0\0ht\0\0ht\0ht\0\0h$*\0hDg\0OJ\0QJ\0\\^J\0ht\05OJ\0QJ\0\\^J\0\0h$*\0hDg\0OJ\0QJ\0^J\0\0h$*\0hDg\05OJ\0QJ\0\\^J\0\0h,>\0OJ\0QJ\0\\^J\0 h$*\0hZ\0CJ\0OJ\0QJ\0^J\0aJ\0\0\0\0\0\0\0\0\0\0\0\0\0\0\0\0\0\0\0\0\0\0\0\0\0\0\0\0\0E\0\0a\0\0r\0\0\0\0\0\0\0\0\0\0\0\0\0\0\0\0\0\0\0\0\0\0\0\0\0\0\0\0\0\0\0\0\0\0\0\0\0\0\0\0\0\0\0\0\0\0\0\0\0\0\0\0\0\0\0\0\0\0\0\0\0\0\0\0\0\0\0\0\0\0\0\0\0\0\0\0\0\0\0\0\0\0\0\0\0\0\0\0\0\0\0\0\0\0\0\0\0\0\0\0\0\0\0\0\0\0\0\0\0\0\0\0\0\0\0\0\0\0\0\0\0\0\0\0\0\0\0\0\0\0\0\0\0\0\0\0\0\0\0\0\0\0\0\0\0\0\0\0\0\0\0\0\0\0\0\0\0\0\0\0\0\0\0\0\0\0\0\0\0\0\0\0\0\0\0\0\0\0\0\0\0\0\0\0\0\0\0\0\0\0\0\0\0\0\0\0\0\0\0\0\0\0\0\0\0\0\0\0\0\0\0\0\0\0\0h^hgd[\0\0\0\n&\0F\0\r\0h\0gd[\0\0\0\0$^a$gdH\0\0\0$\n&\0F\0\r\08\0\0\08^8a$gdDg\0\Z\0\0$\n&\0F\0\r\08\0\0\08]^8a$gdDg\0\0\0\0`gdDg\0\0\0\0^gdDg\0\0\0\0h^hgdDg\0\0\0\0\0\0\0\0\0\0\0\0\0\0\0\0\0\0\0\0\0\0\0\0\0\0\0\0\0\0\0\0\0\0\0\0\0\0s\0\0\0\0\0\0\0\0\0\0\0\0\0\0\0\0\0\0\0\0\0\0\0\0\0\0|rdZMZMZZZh$*\0h^\0OJ\0QJ\0^J\0\0h^\0OJ\0QJ\0^J\0\0h$*\0h[\05OJ\0QJ\0^J\0h\0OJ\0QJ\0^J\0\0h[\0\0\nhM\00J8\0\0hM\0\0j\0\0\0\0hM\0Uh$*\0h[\0OJ\0QJ\0\\^J\0hM\05OJ\0QJ\0\\^J\0\0h$*\0h[\05OJ\0QJ\0\\^J\0\0h$*\0h[\0OJ\0QJ\0^J\0\04h1a\0B*CJ\0OJ\0QJ\0^J\0aJ\0fH\0ph\0\0\0\0q\n\0\0\0\0\0\0\04hH\0B*CJ\0OJ\0QJ\0^J\0aJ\0fH\0ph\0\0\0\0q\n\0\0\0\0\0\0r\0\0s\0\0\0\0\0\0\0\0\0\0 \0\0!\0\0+\0\0,\0\0.\0\0/\0\0\0\0\0\0\0\0\0\0\0\0!\0\0\0\0\0\0\0\0\0\0\0\0\0\0\0\0\0\0\0\0\0\0\0\0\0\0\0\0\0\0\0\0\0\0\0\0\0\0\0\0\0\0\0\0\0\0\0\0\0\0\0\0\0\0\0\0\0\0\0\0\0\0\0\0\0\0\0\0\0\0\0\0\0\0\0\0\0\0\0\0\0\0\0\0\0\0\0\0\0\0\0\0\0\0\0\0\0\0\0\0\0\0\0\0\0\0\0\0\0\0\0\0\0\0\0\0\0\0\0\0\0\0\0\0\0\0\0\0\0\0\0\0\0\0\0\0\0\0\0\0\0\0\0\0\0\0\0\0\0\0\0\0\0\0\0\0\0\0\0\0\0\0\0\0\0\0\0\0\0\0\0\0\0\0\0\0\0\0\0\0\0\0\0\0\0\0\0\0\0\0\0\0\0\0\0\0\0\0\0\0\0\0\0\0\0\0\0\0\0\0\0\0\0\0\0\0\0\0\0\0\0\0\0\0\0\0\0\0\0\0\0\0\0\0h^hgdY\0\0\0\n&\0F\0\r\0h\0gdY\0\0\0\0h^hgdM\0\0\0$\n&\0F\0\r\08\0\0\08^8a$gd[\0\Z\0\0$\n&\0F\0\r\08\0\0\08]^8a$gd[\0\0\0\0`gd[\0\0\0\0^gd[\0\0\0\0\0\0!\0\0*\0\0+\0\0,\0\06\0\0\0\0\0\0\0\0\0\0\0\0\0\0\0\0\"\0\0,\0\0-\0\0.\0\0/\0\08\0\09\0\0=\0\0>\0\0?\0\0yi\\Li>\0\0\0\0\0h.7&\0hY\0OJ\0QJ\0\\^J\0h.7&\0h`\05OJ\0QJ\0\\^J\0\0h.7&\0hY\0OJ\0QJ\0^J\0\0h.7&\0hY\05OJ\0QJ\0\\^J\0\0h$*\0h1a\0OJ\0QJ\0\\^J\0h[\0OJ\0QJ\0^J\0\0hM\0h1a\0OJ\0QJ\0^J\0\0hM\0h^\0OJ\0QJ\0^J\0\0h1a\0OJ\0QJ\0^J\0\0hM\0hM\0OJ\0QJ\0^J\0\0hwf\0OJ\0QJ\0^J\0\0h[\05OJ\0QJ\0\\^J\0\0h$*\0h[\05OJ\0QJ\0\\^J\0\0h$*\0h[\0OJ\0QJ\0^J\0\0h^\0OJ\0QJ\0^J\0?\0\0@\0\0f\0\0g\0\0\0\0\0\0\0\0\0\0\0\0\0\0\0\0\0\0\0\0\"\0\00\0\0d\0\0f\0\0\0\0\0\0\0\0\0\0\0\0\0\0\0\0\0\0\0\0\0\0\0\0\"\0\0#\0\0x\0\0\0\0\0\0yylylyyyyy\\\0\0\0\0\0\0\0\0\0\0\0\0\0\0\0\0\0\0\0\0h.7&\0hY\05OJ\0QJ\0\\^J\0\0h.7&\0h|9\0OJ\0QJ\0^J\0\0h|9\0OJ\0QJ\0^J\0\0h.7&\0hY\05OJ\0QJ\0^J\0h.7&\0OJ\0QJ\0^J\0\0$h.7&\0hY\0OJ\0QJ\0^J\0_H\0nH\0tH\0\0h.7&\0hY\0OJ\0QJ\0^J\0\0h\0OJ\0QJ\0^J\0\0h.7&\0h`\0OJ\0QJ\0^J\0\0h.7&\0hY\0OJ\0QJ\0\\^J\0h.7&\0h`\00J8\0B*\0ph\0\0\0h.7&\0h`\0\0j\0\0\0\0h.7&\0h`\0U\0 !\0\0\"\0\00\0\0f\0\0\0\0#\0\0y\0\0\0\0\0\0\0\0\0\0V\0\0W\0\0X\0\0\0\0\0\0\0\0\0\0\0\0\0\0\0\0\0\0\0\0\0\0\0\0\0\0\0\0\0\0\0\0\0\0\0\0\0\0\0\0\0\0\0\0\0\0\0\0\0\0\0\0\0\0\0\0\0\0\0\0\0\0\0\0\0\0\0\0\0\0\0\0\0\0\0\0\0\0\0\0\0\0\0\0\0\0\0\0\0\0\0\0\0\0\0\0\0\0\0\0\0\0\0\0\0\0\0\0\0\0\0\0\0\0\0\0\0\0\0\0\0\0\0\0\0\0\0\0\0\0\0\0\0\0\0\0\0\0\0\0\0\0\0\0\0\0\0\0\0\0\0\0\0\0\0\0\0\0\0\0\0\0\0\0\0\0\0\0\0\0\0\0\0\0\0\0\0\0\0\0\0\0\0\0\0\0\0\0\0\0\0\0\0\0\0\0h^hgd1a\0\0\0\n&\0F\0\r\0h\0gd1a\0\0\0$\r\0\0\0]a$gdB\0\0\0\0^\0\0\0$`a$gd.7&\0\0\0$\n&\0F\0\r\08\0\0\08^8a$gdY\0\Z\0\0$\n&\0F\0\r\08\0\0\08]^8a$gdY\0\0\0\0`gdY\0\0\0\0^gdY\0\0\0\0\0\0\0\0H\0\0T\0\0V\0\0W\0\0X\0\0a\0\0b\0\0j\0\0k\0\0l\0\0\0\0\0\0\0\0\0\0\0\0$\0\07\0\0K\0\0Y\0\0\0\0\0\0{{h{UG=\0\0\0h|9\0OJ\0QJ\0^J\0\0h$*\0h1a\05OJ\0QJ\0^J\0$h$*\0h1a\0OJ\0QJ\0^J\0_H\0nH\0tH\0\0%h$*\0h1a\00J8\0B*\0OJ\0QJ\0^J\0ph\0\0\0!j\0\0\0\0h$*\0h1a\0OJ\0QJ\0U^J\0h$*\0h1a\0OJ\0QJ\0\\^J\0h$*\0h1a\0OJ\0QJ\0^J\0\0h$*\0h1a\05OJ\0QJ\0\\^J\0\0\'h$*\0hB\05OJ\0QJ\0^J\0_H\0nH\0tH\0h$*\0h?\0OJ\0QJ\0^J\0\0h.7&\0h.7&\0OJ\0QJ\0\\^J\0h[(\0OJ\0QJ\0\\^J\0h.7&\0h/g\0OJ\0QJ\0\\^J\0\0\0\0\0\0\0\09\0\0J\0\0K\0\0Y\0\0\0\0\0\0+\Z\0\0d\Z\0\0e\Z\0\0o\Z\0\0}\0\0K\0\0\0\0\0\0\0I\0\0\0\0\0\0\0\0\0\0\0\0\0\0\0\0\0\0\0\0\0\0\0\0\0\0\0\0\0\0\0\0\0\0\0\0\0\0\0\0\0\0\0\0\0\0\0\0\0\0\0\0\0\0\0\0\0\0\0\0\0\0\0\0\0\0\0\0\0\0\0\0\0\0\0\0\0\0\0\0\0\0\0\0\0\0\0\0\0\0\0\0\0\0\0\0\0\0\0\0\0\0\0\0\0\0\0\0\0\0\0\0\0\0\0\0\0\0\0\0\0\0\0\0\0\0\0\0\0\0\0\0\0\0\0\0\0\0\0\0\0\0\0\0\0\0\0\0\0\0\0\0\0\0\0\0\0\0\0\0\0\0\0\0\0\0\0\0\0\0\0\0\0\0\0\0\0\0\0\0\0\0\0\0\0\0\0\0\0\0\0\0\0\0\0\0\0\0\0\0\0\0\0\0\0\0\0\0\0$\r\0\0\0]^a$gd1a\0\0\0\0$^a$gd[(\0\0\0$\n&\0F\0\r\08\0\0\08^8a$gd1a\0\Z\0\0$\n&\0F\0\r\08\0\0\08]^8a$gd1a\0\0\0\0`gd1a\0\0\0\0^gd1a\0\0\0\0h^hgd1a\0\0\0\0\0\0\0\0*\Z\0\0+\Z\0\0c\Z\0\0e\Z\0\0o\Z\0\0I\0\0J\0\0L\0\0M\0\0O\0\0P\0\0Q\0\0Z\0\0[\0\0\\\0\0h\0\0i\0\0j\0\0k\0\0\0\0\0\0\0\0\0\0\0\0\0\0\0\0~qc[W[Q[c~\0\0\0\0\0\0\0\0\0\0\0\0\0\0\0\0\0\0\nh1a\00J8\0\0h1a\0\0j\0\0\0\0h1a\0Uh$*\0hws\0OJ\0QJ\0\\^J\0h1a\05OJ\0QJ\0\\^J\0\0h$*\0hws\0OJ\0QJ\0^J\0\0h$*\0hws\05OJ\0QJ\0\\^J\0\0\'h$*\0hws\05OJ\0QJ\0^J\0_H\0nH\0tH\0h[(\0OJ\0QJ\0^J\0\0h1a\0OJ\0QJ\0^J\0\0hB\0OJ\0QJ\0^J\0\0h$*\0h1a\05OJ\0QJ\0\\^J\0\0h|9\0OJ\0QJ\0^J\0\0h$*\0h1a\0OJ\0QJ\0^J\0\0h|9\0CJ\0OJ\0QJ\0^J\0I\0\0J\0\0K\0\0L\0\0M\0\0N\0\0O\0\0P\0\0Q\0\0\0\0\0\0\0\0\0\0(\0\08\0\09\0\0G\0\0f\0\0\0\0\0\0\0\0\0\0\0\0\0\0\0\0\0\0\0\0\0\0\0\0\0\0\0\0\0\0\0\0\0\0\0\0\0\0\0\0\0\0\0\0\0\0\0\0\0\0\0\0\0\0\0\0\0\0\0\0\0\0\0\0\0\0\0\0\0\0\0\0\0\0\0\0\0\0\0\0\0\0\0\0\0\0\0\0\0\0\0\0\0\0\0\0\0\0\0\0\0\0\0\0\0\0\0\0\0\0\0\0\0\0\0\0\0\0\0\0\0\0\0\0\0\0\0\0\0\0\0\0\0\0\0\0\0\0\0\0\0\0\0\0\0\0\0\0\0\0\0\0\0\0\0\0\0\0\0\0\0\0\0\0\0\0\0\0\0\0\0\0\0\0\0\0\0\0\0\0\0\0\0\0\0\0\0\0\0\0\0\0\0\0\0\0\0\0\0\0\0\0\0\0\0\0\0\0\0\0\0\0\0\0\0\0\0\0\0\0\0\0\0\0\0\0\0\0\0\0\0\0\0\0\0\0\0\0\0\0\0\Z\0\0$\n&\0F\0\r\08\0\0\08]^8a$gdws\0\0\0\0`gdws\0\0\0\0^gdws\0\0\0\0h^hgdws\0\0\0\n&\0F\0\r\0h\0gdws\0\0\0$\r\0\0\0]a$gdws\0\0\0\0^\0\0\0\0\0\0\0&\0\09\0\0G\0\0M\0\0S\0\0d\0\0f\0\0s\0\0u\0\0\0\0\0\0\0\0\' \0\01 \0\0\0\"\0\0\"\0\0\"\0\0\"\0\0(\"\0\0-\"\0\0.\"\0\0/\"\0\0{ndR@nd\0\0\0\0#h1a\0hZ\05CJ \0OJ\0QJ\0^J\0aJ \0#h1a\0h1a\05CJ \0OJ\0QJ\0^J\0aJ \0h1a\0OJ\0QJ\0^J\0\0h$*\0hZ\0OJ\0QJ\0^J\0\0h$*\0h1a\0OJ\0QJ\0^J\0\0)h1a\0h1a\0OJ\0QJ\0^J\0fH`\0q\n\0\0\0\0\0\0h$*\0hws\05OJ\0QJ\0\\^J\0\0h$*\0h_\05OJ\0QJ\0^J\0hm\0OJ\0QJ\0^J\0\0h$*\0hws\05OJ\0QJ\0^J\0$h$*\0hws\0OJ\0QJ\0^J\0_H\0nH\0tH\0\0h$*\0hws\0OJ\0QJ\0^J\0\0h$*\0h_\0OJ\0QJ\0^J\0\0\0& \0\0\' \0\01 \0\0\"\0\0\"\0\0-\"\0\0.\"\0\0/\"\0\0N\"\0\0l\"\0\0\"\0\0\"\0\0\"\0\0\"\0\0\"\0\0\"\0\0\"\0\0\0\0\0\0\0\0\0\0\0\0\0\0\0\0\0\0\0\0\0\0\0\0\0\0\0\0\0\0\0\0\0\0\0\0\0\0\0\0\0\0\0\0\0\0\0\0\0\0\0\0\0\0\0\0\0\0\0\0\0\0\0\0\0\0\0\0\0\0\0\0\0\0\0\0\0\0\0\0\0\0\0\0\0\0\0\0\0\0\0\0\0\0\0\0\0\0\0\0\0\0\0\0\0\0\0\0\0\0\0\0\0\0\0\0\0\0\0\0\0\0\0\0\0\0\0\0\0\0\0\0\0\0\0\0\0\0\0\0\0\0\0\0\0\0\0\0\0\0\0\0\0\0\0\0\0\0\0\0\0\0\0\0\0\0\0\0\0\0\0\0\0\0\0\0\0\0\0\0\0\0\0\0\0\0\0\0\0\0\0\0\0\0\0\0\0\0\0\0\0\0\0\0\0\0\0\0\0\0\0\0\0\0\0\0\0\0\0\0\0\0\0\0\0\0$^`a$gdB\0\0	\0\0 ^ `\0\0\0\0\0\0gd1a\0\0\0\0^\0\0$\r\0\0\0]a$gd1a\0\0\0\0`gdws\0\0\0\0^gdws\0\Z\0\0$\n&\0F\0\r\08\0\0\08]^8a$gdws\0\0/\"\0\0?\"\0\0A\"\0\0C\"\0\0H\"\0\0K\"\0\0M\"\0\0N\"\0\0\\\"\0\0a\"\0\0k\"\0\0l\"\0\0y\"\0\0\"\0\0\"\0\0\"\0\0\"\0\0\"\0\0\"\0\0\"\0\0\0\0\0\0\0\0\0\0\0\0\0\0\0\0\0\0\0\0\0\0\0\0\0\0\0\0\0\0\0\0\0\0\0\0\0\0\0\0\0\0\0\0\0\0\0\0\0\0\0\0\0\0\0\0\0\0\0\0\0\0\0\0\0\0\0\0\0\0\0\0\0\0\0\0\0\0\0\0\0\0\0\0\0\0\0\0\0\0\0\0\0\0\0\0\0\0\0\0\0\0\0\0\0\0\0\0\0\0\0\0\0\0\0\0\0\0\0\0\0\0\0\0\0\0\0\0\0\0\0\0\0\0\0\0\0\0\0\0\0\0\0\0\0\0\0\0\0\0\0\0\0\0\0\0\0\0\0\0\0\0\0\0\0\0\0\0\0\0\0\0\0\0\0\0\0\0\0\0\0\0\0\0\0\0\0\0\0\0\0\0\0\0\0\0\0\0\0\0\0\0\0\0\0\0\0\0\0\0\0\0\0\0\0\0\0\0\0\0\0\0\0\0\0\0\0\0\0\0\0\0\0\0\0\0\0\0\0\0\0\0\0\0\0\0\0\0\0\0\0\0\0\0\0\0\0\0\0\0\0\0\0\0\0\0\0\0\0h1a\0OJ\0QJ\0^J\0\0h$*\0h?9\0OJ\0QJ\0^J\0\0h$*\0hB\0OJ\0QJ\0^J\0\0hm\0hm\0H*OJ\0QJ\0^J\0hm\0OJ\0QJ\0^J\0\0h$*\0hZ\0OJ\0QJ\0^J\05\01h:p|9\0;0/ =!\"#$%\0\0\0\0\0\0\0\0\0\0\0\0\0\0\0\0\0\0\0\0\0\0\0\0\0\0\0\0\0\0\0\0\0\0\0\0\0\0\0\0\0\0\0\0\0\0\0\0\0\0\0\0\0\0\0\0\0\0\0\0\0\0\0\0\0\0\0\0\0\0\0\0\0\0\0\0\0\0\0\0\0\0\0\0\0\0\0\0\0\0\0\0\0\0\0\0\0\0\0\0\0\0\0\0\0\0\0\0\0\0\0\0\0\0\0\0\0\0\0\0\0\0\0\0\0\0\0\0\0\0\0\0\0\0\0\0\0\0\0\0\0\0\0\0\0\0\0\0\0\0\0\0\0\0\0\0\0\0\0\0\0\0\0\0\0\0\0\0\0\0\0\0\0\0\0\0\0\0\0\0\0\0\0\0\0\0\0\0\0\0\0\0\0\0\0\0\0\0\0\0\0\0\0\0\0\0\0\0\0\0\0\0\0\0\0\0\0\0\0\0\0\0\0\0\0\0\0\0\0\0\0\0\0\0\0\0\0\0\0\0\0\0\0\0\0\0\0\0\0\0\0\0\0\0\0\0\0\0\0\0\0\0\0\0\0\0\0\0\0\0\0\0\0\0\0\0\0\0\0\0\0\0\0\0\0\0\0\0\0\0\0\0\0\0\0\0\0\0\0\0\0\0\0\0\0\0\0\0\0\0\0\0\0\0\0\0\0\0\0\0\0\0\0\0\0\0\0\0\0\0\0\0\0\0\0\0\0\0\0\0\0\0\0\0\0\0\0\0\0\0\0\0\0\0\0\0\0\0\0\0\0\0\0\0\0\0\0\0\0\0\0\0\0\0\0\0\0\0\0\0\0\0\0\0\0\0\0\0\0\0\0\0\0\0\0\0\0\0\0\0\0\0\0\0\0\0\0\0\0\0\0\0\0\0\0\0\0\0\0\0\0\0\0\0\0\0\0\0\0\0\0\0\0\0\0\0\0\0\0\0\0\0\0\0\0\0\0\0\0\0\0\0\0\0\0\0\0\0\0\0\0\0\0\0\0\0\0\0\0\0\0\0\0\0\0\0\0\0\0\0\0\0\0\0\0\0\0\0\0\0\0\0\0\0\0\0\0\0\0\0\0\0\0\0\0\0\0\0\0\0\0\0\0\0\0\0\0\0\0\0\0\0\0\0\0\0\0\0\0\0\0\0\0\0\0\0\0\0\0\0\0\0\0\0\0\0\0\0\0\0\0\0\0\0\0\0\0\0\0\0\0\0\0\0\0\0\0\0\0\0\0\0\0\0\0\0\0\0\0\0\0\0\0\0\0\0\0\0\0\0\0\0\0\0\0\0\0\0\0\0\0\0\0\0\0\0\0\0\0\0\0\0\0\0\0\0\0\0\0\0\0\0\0\0\0\0\0\0\0\0\0\0\0\0\0\0\0\0\0\0\0\0\0\0\0\0\0\0\0\0\0\0\0\0\0\0\0\0\0\0\0\0\0\0\0\0\0\0\0\0\0\0\0\0\0\0\0\0\0\0\0\0\0\0\0\0\0\0\0\0\0\0\0\0\0\0\0\0\0\0\0\0\0\0\0\0\0\0\0\0\0\0\0\0\0\0\0\0\0\0\0\0\0\0\0\0\0\0\0\0\0\0\0\0\0\0\0\0\0\0\0\0\0\0\0\0\0\0\0\0\0\0\0\0\0\0\0\0\0\0\0\0\0\0\0\0\0\0\0\0\0\0\0\0\0\0\0\0\0\0\0\0\0\0\0\0\0\0\0\0\0\0\0\0\0\0\0\0\0\0\0\0\0\0\0\0\0\0\0\0\0\0\0\0\0\0\0\0\0\0\0\0\0\0\0\0\0\0\0\0\0\0\0\0\0\0\0\0\0\0\0\0\0\0\0\0\0\0\0\0\0\0\0\0\0\0\0\0\0\0\0\0\0\0\0\0\0\0\0\0\0\0\0\0\0\0\0\0\0\0\0\0\0\0\0\0\0\0\0\0\0\0\0\0\0\0\0\0\0\0\0\0\0\0\0\0\0\0\0\0\0\0\0\0\0\0\0\0\0\0\0\0\0\0\0\0\0\0\0\0\0\0\0\0\0\0\0\0\0\0\0\0\0\0\0\0\0\0\0\0\0\0\0\0\0\0\0\0\0\0\0\0\0\0\0\0\0\0\0\0\0\0\0\0\0\0\0\0\0\0\0\0\0\0\0\0\0\0\0\0\0\0\0\0\0\0\0\0\0\0\0\0\0\0\0\0\0\0\0\0\0\0\0\0\0\0\0\0\0\0\0\0\0\0\0\0\0\0\0\0\0\0\0\0\0\0\0\0\0\0\0\0\0\0\0\0\0\0\0\0\0\0\0\0\0\0\0\0\0\0\0\0\0\0\0\0\0\0\0\0\0\0\0\0\0\0\0\0\0\0\0\0\0\0\0\0\0\0\0\0\0\0\0\0\0\0\0\0\0\0\0\0\0\0\0\0\0\0\0\0\0\0\0\0\0\0\0\0\0\0\0\0\0\0\0\0\0\0\0\0\0\0\0\0\0\0\0\0\0\0\0\0\0\0\0\0\0\0\0\0\0\0\0\0\0\0\0\0\0\0\0\0\0\0\0\0\0\0\0\0\0\0\0\0\0\0\0\0\0\0\0\0\0\0\0\0\0\0\0\0\0\0\0\0\0\0\0\0\0\0\0\0\0\0\0\0\0\0\0\0\0\0\0\0\0\0\0\0\0\0\0\0\0\0\0\0\0\0\0\0\0\0\0\0\0\0\0\0\0\0\0\0\0\0\0\0\0\0\0\0\0\0\0\0\0\0\0\0\0\0\0\0\0\0\0\0\0\0\0\0\0\0\0\0\0\0\0\0\0\0\0\0\0\0\0\0\0\0\0\0\0\0\0\0\0\0\0\0\0\0\0\0\0\0\0\0\0\0\0\0\0\0\0\0\0\0\0\0\0\0\0\0\0\0\0\0\0\0\0\0\0\0\0\0\0\0\0\0\0\0\0\0\0\0\0\0\0\0\0\0\0\0\0\0\0\0\0\0\0\0\0\0\0\0\0\0\0\0\0\0\0\0\0\0\0\0\0\0\0\0\0\0\0\0\0\0\0\0\0\0\0\0\0\0\0\0\0\0\0\0\0\0\0\0\0\0\0\0\0\0\0\0\0\0\0\0\0\0\0\0\0\0\0\0\0\0\0\0\0\0\0\0\0\0\0\0\0\0\0\0\0\0\0\0\0\0\0\0\0\0\0\0\0\0\0\0\0\0\0\0\0\0\0\0\0\0\0\0\0\0\0\0\0\0\0\0\0\0\0\0\0\0\0\0\0\0\0\0\0\0\0\0\0\0\0\0\0\0\0\0\0\0\0\0\0\0\0\0\0\0\0\0\0\0\0\0\0\0\0\0\0\0\0\0\0\0\0\0\0\0\0\0\0\0\0\0\0\0\0\0\0\0\0\0\0\0\0\0\0\0\0\0\0\0\0\0\0\0\0\0\0\0\0\0\0\0\0\0\0\0\0\0\0\0\0\0\0\0\0\0\0\0\0\0\0\0\0\0\0\0\0\0\0\0\0\0\0\0\0\0\0\0\0\0\0\0\0\0\0\0\0\0\0\0\0\0\0\0\0\0\0\0\0\0\0\0\0\0\0\0\0\0\0\0\0\0\0\0\0\0\0\0\0\0\0\0\0\0\0\0\0\0\0\0\0\0\0\0\0\0\0\0\0\0\0\0\0\0\0\0\0\0\0\0\0\0\0\0\0\0\0\0\0\0\0\0\0\0\0\0\0\0\0\0\0\0\0\0\0\0\0\0\0\0\0\0\0\0\0\0\0\0\0\0\0\0\0\0\0\0\0\0\0\0\0\0\0\0\0\0\0\0\0\0\0\0\0\0\0\0\0\0\0\0\0\0\0\0\0\0\0\0\0\0\0\0\0\0\0\0\0\0\0\0\0\0\0\0\0\0\0\0\0\0\0\0\0\0\0\0\0\0\0\0\0\0\0\0\0\0\0\0\0\0\0\0\0\0\0\0\0\0\0\0\0\0\0\0\0\0\0\0\0\0\0\0\0\0\0\0\0\0\0\0\0\0\0\0\0\0\0\0\0\0\0\0\0\0\0\0\0\0\0\0\0\0\0\0\0\0\0\0\0\0\0\0\0\0\0\0\0\0\0\0\0\0\0\0\0\0\0\0\0\0\0\0\0\0\0\0\0\0\0\0\0\0\0\0\0\0\0\0\0\0\0\0\0\0\0\0\0\0\0\0\0\0\0\0\0\0\0\0\0\0\0\0\0\0\0\0\0\0\0\0\0\0\0\0\0\0\0\0\0\0\0\0\0\0\0\0\0\0\0\0\0\0\0\0\0\0\0\0\0\0\0\0\0\0\0\0\0\0\0\0\0\0\0\0\0\0\0\0\0\0\0\0\0\0\0\0\0\0\0\0\0\0\0\0\0\0\0\0\0\0\0\0\0\0\0\0\0\0\0\0\0\0\0\0\0\0\0\0\0\0\0\0\0\0\0\0\0\0\0\0\0\0\0\0\0\0\0\0\0\0\0\0\0\0\0\0\0\0\0\0\0\0\0\0\0\0\0\0\0\0\0\0\0\0\0\0\0\0\0\0\0\0\0\0\0\0\0\0\0\0\0\0\0\0\0\0\0\0\0\0\0\0\0\0\0\0\0\0\0\0\0\0\0\0\0\0\0\0\0\0\0\0\0\0\0\0\0\0\0\0\0\0\0\0\0\0\0\0\0\0\0\0\0\0\0\0\0\0\0\0\0\0\0\0\0\0\0\0\0\0\0\0\0\0\0\0\0\0\0\0\0\0\0\0\0\0\0\0\0\0\0\0\0\0\0\0\0\0\0\0\0\0\0\0\0\0\0\0\0\0\0\0\0\0\0\0\0\0\0\0\0\0\0\0\0\0\0\0\0\0\0\0\0\0\0\0\0\0\0\0\0\0\0\0\0\0\0\0\0\0\0\0\0\0\0\0\0\0\0\0\0\0\0\0\0\0\0\0\0\0\0\0\0\0\0\0\0\0\0\0\0\0\0\0\0\0\0\0\0\0\0\0\0\0\0\0\0\0\0\0\0\0\0\0\0\0\0\0\0\0\0\0\0\0\0\0\0\0\0\0\0\0\0\0\0\0\0\0\0\0\0\0\0\0\0\0\0\0\0\0\0\0\0\0\0\0\0\0\0\0\0\0\0\0\0\0\0\0\0\0\0\0\0\0\0\0\0\0\0\0\0\0\0\0\0\0\0\0\0\0\0\0\0\0\0\0\0\0\0\0\0\0\0\0\0\0\0\0\0\0\0\0\0\0\0\0\0\0\0\0\0\0\0\0\0\0\0\0\0\0\0\0\0\0\0\0\0\0\0\0\0\0\0\0\0\0\0\0\0\0\0\0\0\0\0\0\0\0\0\0\0\0\0\0\0\0\0\0\0\0\0\0\0\0\0\0\0\0\0\0\0\0\0\0\0\0\0\0\0\0\0\0\0\0\0\0\0\0\0\0\0\0\0\0\0\0\0\0\0\0\0\0\0\0\0\0\0\0\0\0\0\0\0\0\0\0\0\0\0\0\0\0\0\0\0\0\0\0\0\0\0\0\0\0\0\0\0\0\0\0\0\0\0\0\0\0\0\0\0\0\0\0\0\0\0\0\0\0\0\0\0\0\0\0\0\0\0\0\0\0\0\0\0\0\0\0\0\0\0\0\0\0\0\0\0\0\0\0\0\0\0\0\0\0\0\0\0\0\0\0\0\0\0\0\0\0\0\0\0\0\0\0\0\0\0\0\0\0\0\0\0\0\0\0\0\0\0\0\0\0\0\0\0\0\0\0\0\0\0\0\0\0\0\0\0\0\0\0\0\0\0\0\0\0\0\0\0\0\0\0\0\0\0\0\0\0\0\0\0\0\0\0\0\0\0\0\0\0\0\0\0\0\0\0\0\0\0\0\0\0\0\0\0\0\0\0\0\0\0\0\0\0\0\0\0\0\0\0\0\0\0\0\0\0\0\0\0\0\0\0\0\0\0\0\0\0\0\0\0\0\0\0\0\0\0\0\0\0\0\0\0\0\0\0\0\0\0\0\0\0\0\0\0\0\0\0\0\0\0\0\0\0\0\0\0\0\0\0\0\0\0\0\0\0\0\0\0\0\0\0\0\0\0\0\0\0\0\0\0\0\0\0\0\0\0\0\0\0\0\0\0\0\0\0\0\0\0\0\0\0\0\0\0\0\0\0\0\0\0\0\0\0\0\0\0\0\0\0\0\0\0\0\0\0\0\0\0\0\0\0\0\0\0\0\0\0\0\0\0\0\0\0\0\0\0\0\0\0\0\0\0\0\0\0\0\0\0\0\0\0\0\0\0\0\0\0\0\0\0\0\0\0\0\0\0\0\0\0\0\0\0\0\0\0\0\0\0\0\0\0\0\0\0\0\0\0\0\0\0\0\0\0\0\0\0\0\0\0\0\0\0\0\0\0\0\0\0\0\0\0\0\0\0\0\0\0\0\0\0\0\0\0\0\0\0\0\0\0\0\0\0\0\0\0\0\0\0\0\0\0\0\0\0\0\0\0\0\0\0\0\0\0\0\0\0\0\0\0\0\0\0\0\0\0\0\0\0\0\0\0\0\0\0\0\0\0\0\0\0\0\0\0\0\0\0\0\0\0\0\0\0\0\0\0\0\0\0\0\0\0\0\0\0\0\0\0\0\0\0\0\0\0\0\0\0\0\0\0\0\0\0\0\0\0\0\0\0\0\0\0\0\0\0\0\0\0\0\0\0\0\0\0\0\0\0\0\0\0\0\0\0\0\0\0\0\0\0\0\0\0\0\0\0\0\0\0\0\0\0\0\0\0\0\0\0\0\0\0\0\0\0\0\0\0\0\0\0\0\0\0\0\0\0\0\0\0\0\0\0\0\0\0\0\0\0\0\0\0\0\0\0\0\0\0\0\0\0\0\0\0\0\0\0\0\0\0\0\0\0\0\0\0\0\0\0\0\0\0\0\0\0\0\0\0\0\0\0\0\0\0\0\0\0\0\0\0\0\0\0\0\0\0\0\0\0\0\0\0\0\0\0\0\0\0\0\0\0\0\0\0\0\0\0\0\0\0\0\0\0\0\0\0\0\0\0\0\0\0\0\0\0\0\0\0\0\0\0\0\0\0\0\0\0\0\0\0\0\0\0\0\0\0\0\0\0\0\0\0\0\0\0\0\0\0\0\0\0\0\0\0\0\0\0\0\0\0\0\0\0\0\0\0\0\0\0\0\0\0\0\0\0\0\0\0\0\0\0\0\0\0\0\0\0\0\0\0\0\0\0\0\0\0\0\0\0\0\0\0\0\0\0\0\0\0\0\0\0\0\0\0\0\0\0\0\0\0\0\0\0\0\0\0\0\0\0\0\0\0\0\0\0\0\0\0\0\0\0\0\0\0\0\0\0\0\0\0\0\0\0\0\0\0\0\0\0\0\0\0\0\0\0\0\0\0\0\0\0\0\0\0\0\0\0\0\0\0\0\0\0\0\0\0\0\0\0\0\0\0\0\0\0\0\0\0\0\0\0\0\0\0\0\0\0\0\0\0\0\0\0\0\0\0\0\0\0\0\0\0\0\0\0\0\0\0\0\0\0\0\0\0\0\0\0\0\0\0\0\0\0\0\0\0\0\0\0\0\0\0\0\0\0\0\0\0\0\0\0\0\0\0\0\0\0\0\0\0\0\0\0\0\0\0\0\0\0\0\0\0\0\0\0\0\0\0\0\0\0\0\0\0\0\0\0\0\0\0\0\0\0\0\0\0\0\0\0\0\0\0\0\0\0\0\0\0\0\0\0\0\0\0\0\0\0\0\0\0\0\0\0\0\0\0\0\0\0\0\0\0\0\0\0\0\0\0\0\0\0\0\0\0\0\0\0\0\0\0\0\0\0\0\0\0\0\0\0\0\0\0\0\0\0\0\0\0\0\0\0\0\0\0\0\0\0\0\0\0\0\0\0\0\0\0\0\0\0\0\0\0\0\0\0\0\0\0\0\0\0\0\0\0\0\0\0\0\0\0\0\0\0\0\0\0\0\0\0\0\0\0\0\0\0\0\0\0\0\0\0\0\0\0\0\0\0\0\0\0\0\0\0\0\0\0\0\0\0\0\0\0\0\0\0\0\0\0\0\0\0\0\0\0\0\0\0\0\0\0\0\0\0\0\0\0\0\0\0\0\0\0\0\0\0\0\0\0\0\0\0\0\0\0\0\0\0\0\0\0\0\0\0\0\0\0\0\0\0\0\0\0\0\0\0\0\0\0\0\0\0\0\0\0\0\0\0\0\0\0\0\0\0\0\0\0\0\0\0\0\0\0\0\0\0\0\0\0\0\0\0\0\0\0\0\0\0\0\0\0\0\0\0\0\0\0\0\0\0\0\0\0\0\0\0\0\0\0\0\0\0\0\0\0\0\0\0\0\0\0\0\0\0\0\0\0\0\0\0\0\0\0\0\0\0\0\0\0\0\0\0\0\0\0\0\0\0\0\0\0\0\0\0\0\0\0\0\0\0\0\0\0\0\0\0\0\0\0\0\0\0\0\0\0\0\0\0\0\0\0\0\0\0\0\0\0\0\0\0\0\0\0\0\0\0\0\0\0\0\0\0\0\0\0\0\0\0\0\0\0\0\0\0\0\0\0\0\0\0\0\0\0\0\0\0\0\0\0\0\0\0\0\0\0\0\0\0\0\0\0\0\0\0\0\0\0\0\0\0\0\0\0\0\0\0\0\0\0\0\0\0\0\0\0\0\0\0\0\0\0\0\0\0\0\0\0\0\0\0\0\0\0\0\0\0\0\0\0\0\0\0\0\0\0\0\0\0\0\0\0\0\0\0\0\0\0\0\0\0\0\0\0\0\0\0\0\0\0\0\0\0\0\0\0\0\0\0\0\0\0\0\0\0\0\0\0\0\0\0\0\0\0\0\0\0\0\0\0\0\0\0\0\0\0\0\0\0\0\0\0\0\0\0\0\0\0\0\0\0\0\0\0\0\0\0\0\0\0\0\0\0\0\0\0\0\0\0\0\0\0\0\0\0\0\0\0\0\0\0\0\0\0\0\0\0\0\0\0\0\0\0\0\0\0\0\0\0\0\0\0\0\0\0\0\0\0\0\0\0\0\0\0\0\0\0\0\0\0\0\0\0\0\0\0\0\0\0\0\0\0\0\0\0\0\0\0\0\0\0\0\0\0\0\0\0\0\0\0\0\0\0\0\0\0\0\0\0\0\0\0\0\0\0\0\0\0\0\0\0\0\0\0\0\0\0\0\0\0\0\0\0\0\0\0\0\0\0\0\0\0\0\0\0\0\0\0\0\0\0\0\0\0\0\0\0\0\0\0\0\0\0\0\0\0\0\0\0\0\0\0\0\0\0\0\0\0\0\0\0\0\0\0\0\0\0\0\0\0\0\0\0\0\0\0\0\0\0\0\0\0\0\0\0\0\0\0\0\0\0\0\0\0\0\0\0\0\0\0\0\0\0\0\0\0\0\0\0\0\0\0\0\0\0\0\0\0\0\0\0\0\0\0\0\0\0\0\0\0\0\0\0\0\0\0\0\0\0\0\0\0\0\0\0\0\0\0\0\0\0\0\0\0\0\0\0\0\0\0\0\0\0\0\0\0\0\0\0\0\0\0\0\0\0\0\0\0\0\0\0\0\0\0\0\0\0\0\0\0\0\0\0\0\0\0\0\0\0\0\0\0\0\0\0\0\0\0\0\0\0\0\0\0\0\0\0\0\0\0\0\0\0\0\0\0\0\0\0\0\0\0\0\0\0\0\0\0\0\0\0\0\0\0\0\0\0\0\0\0\0\0\0\0\0\0\0\0\0\0\0\0\0\0\0\0\0\0\0\0\0\0\0\0\0\0\0\0\0\0\0\0\0\0\0\0\0\0\0\0\0\0\0\0\0\0\0\0\0\0\0\0\0\0\0\0\0\0\0\0\0\0\0\0\0\0\0\0\0\0\0\0\0\0\0\0\0\0\0\0\0\0\0\0\0\0\0\0\0\0\0\0\0\0\0\0\0\0\0\0\0\0\0\0\0\0\0\0\0\0\0\0\0\0\0\0\0\0\0\0\0\0\0\0\0\0\0\0\0\0\0\0\0\0\0\0\0\0\0\0\0\0\0\0\0\0\0\0\0\0\0\0\0\0\0\0\0^O\0\0\0\0\0\0\0\0\0\0\0\0\0\0\0\0\0\0\0\0\0\0\0\0\0\0\0\0\0\0\0\0\0\0\0\0\0\0\0\0\0\0\0\06\0\06\0\06\0\06\0\06\0\06\0\06\0\06\0\06\0\0v\0\0v\0\0v\0\0v\0\0v\0\0v\0\0v\0\0v\0\0v\0\06\0\06\0\06\0\06\0\06\0\06\0\08\0\06\0\06\0\06\0\06\0\06\0\06\0\06\0\06\0\06\0\06\0\06\0\06\0\06\0\06\0\06\0\06\0\06\0\06\0\06\0\06\0\06\0\06\0\06\0\06\0\06\0\06\0\06\0\0\0\0\06\0\06\0\0\0\0\06\0\06\0\06\0\06\0\06\0\06\0\06\0\06\0\0\0\0\06\0\06\0\06\0\06\0\06\0\06\0\06\0\06\0\06\0\06\0\0\0\0\06\0\0h\0\0H\0\06\0\06\0\06\0\06\0\06\0\06\0\06\0\06\0\06\0\06\0\06\0\06\0\06\0\06\0\06\0\06\0\06\0\06\0\06\0\06\0\06\0\06\0\06\0\06\0\06\0\06\0\06\0\06\0\06\0\06\0\06\0\06\0\06\0\06\0\06\0\06\0\06\0\06\0\06\0\06\0\06\0\06\0\06\0\06\0\06\0\06\0\06\0\06\0\06\0\06\0\06\0\06\0\06\0\06\0\06\0\06\0\06\0\06\0\06\0\06\0\06\0\06\0\06\0\06\0\06\0\0\0\06\0\02\0\0\0\0\0\0\0\0\0\0\0\0\0\0\0\0\0\0 \0\00\0\0@\0\0P\0\0`\0\0p\0\0\0\0\0\0\0\0\0\0\0\0\0\0\0\0\0\0\02\0\0(\0\0\0\0\0\0 \0\00\0\0@\0\0P\0\0`\0\0p\0\0\0\0\0\0\0\0\0\0\0\0\0\0\0\0\0\0\0 \0\00\0\0@\0\0P\0\0`\0\0p\0\0\0\0\0\0\0\0\0\0\0\0\0\0\0\0\0\0\0 \0\00\0\0@\0\0P\0\0`\0\0p\0\0\0\0\0\0\0\0\0\0\0\0\0\0\0\0\0\0\0 \0\00\0\0@\0\0P\0\0`\0\0p\0\0\0\0\0\0\0\0\0\0\0\0\0\0\0\0\0\0\0 \0\00\0\0@\0\0P\0\0`\0\0p\0\0\0\0\0\0\0\0\0\0\0\0\0\0\0\0\0\0\0 \0\00\0\0@\0\0P\0\0`\0\0p\0\0\0\0\0\08\0\0X\0\0\0\0\0\0\0\0V\0\0~\0\0\0\0\0_HmH	@nH	@sH	@tH	@\0\0\0\0D\0\0`\0D\0\0\0\0\0\0\0\0\0\0N\0o\0r\0m\0a\0l\0\0\0\0\0\0*$\0\0CJ\0_HaJ\0mH	sH	tH\0\0x\0@\0\0x\0\0\0\0\0\0\0\0\0	\0H\0e\0a\0d\0i\0n\0g\0 \02\0\0\08\0\0$\n&F\0\0\0\0\0\0\0-D@&M\n\0\0\0\0\0\0]\0\0^\0\0`\0\0\05CJ\0OJ\0QJ\0aJ\0\0\0\0\0\0\0\0\0\0\0\0\0\0\0\0D\0A`\0D\0\0\0\0\0\0\0\0\0\0D\0e\0f\0a\0u\0l\0t\0 \0P\0a\0r\0a\0g\0r\0a\0p\0h\0 \0F\0o\0n\0t\0\0\0\0\0V\0i\0\0V\0\r\0\0\0\0\0\00\0T\0a\0b\0l\0e\0 \0N\0o\0r\0m\0a\0l\0\0\0 \0:V\0\0\04\0\0\04\0\nl\0a\0\0\0\0\0\0(\0k \0(\0\0\r\0\0\0\0\0\00\0N\0o\0 \0L\0i\0s\0t\0\0\0\0\0\0\0\0\02\0o\02\0\0\0\0\0\0\0\0\0\0	\0W\0W\08\0N\0u\0m\02\0z\00\0\0\0\0OJ\0QJ\02\0/2\0\0\0\0\0\0\0\0\0\0	\0W\0W\08\0N\0u\0m\03\0z\00\0\0\0\0OJ\0QJ\02\0/2\0\0\0\0\0\0\0\0\0\0	\0W\0W\08\0N\0u\0m\03\0z\01\0\0\0\0OJ\0QJ\06\0/!6\0\0\0\0\0\0\0\0\0\0	\0W\0W\08\0N\0u\0m\03\0z\02\0\0\0\0CJ\0OJ\0QJ\06\0/16\0\0\0\0\0\0\0\0\0\0	\0W\0W\08\0N\0u\0m\04\0z\00\0\0\0\0CJ\0OJ\0QJ\02\0/A2\0\0\0\0\0\0\0\0\0\0	\0W\0W\08\0N\0u\0m\05\0z\00\0\0\0\0OJ\0QJ\06\0/Q6\0\0\0\0\0\0\0\0\0\0	\0W\0W\08\0N\0u\0m\06\0z\00\0\0\0\0CJ\0OJ	\0QJ	\0:\0/a:\0\0\0\0\0\0\0\0\0\0	\0W\0W\08\0N\0u\0m\07\0z\00\0\0\0\0CJ\0OJ\0QJ\0aJ\02\0/q2\0\0\0\0\0\0\0\0\0\0	\0W\0W\08\0N\0u\0m\08\0z\00\0\0\0\0OJ\0QJ\02\0/2\0\0\0\0\0\0\0\0\0\0	\0W\0W\08\0N\0u\0m\09\0z\00\0\0\0\0OJ\0QJ\0J\0/J\0\0\0\0\0\0\0\0\0\0\0A\0b\0s\0a\0t\0z\0-\0S\0t\0a\0n\0d\0a\0r\0d\0s\0c\0h\0r\0i\0f\0t\0a\0r\0t\0\0\0\0\0P\0/P\0\0\0\0\0\0\0\0\0\0\0W\0W\0-\0A\0b\0s\0a\0t\0z\0-\0S\0t\0a\0n\0d\0a\0r\0d\0s\0c\0h\0r\0i\0f\0t\0a\0r\0t\0\0\0\0\0R\0/R\0\0\0\0\0\0\0\0\0\0\0W\0W\0-\0A\0b\0s\0a\0t\0z\0-\0S\0t\0a\0n\0d\0a\0r\0d\0s\0c\0h\0r\0i\0f\0t\0a\0r\0t\01\0\0\0\0\0T\0/T\0\0\0\0\0\0\0\0\0\0\0W\0W\0-\0A\0b\0s\0a\0t\0z\0-\0S\0t\0a\0n\0d\0a\0r\0d\0s\0c\0h\0r\0i\0f\0t\0a\0r\0t\01\01\0\0\0\0\0V\0/V\0\0\0\0\0\0\0\0\0\0\0W\0W\0-\0A\0b\0s\0a\0t\0z\0-\0S\0t\0a\0n\0d\0a\0r\0d\0s\0c\0h\0r\0i\0f\0t\0a\0r\0t\01\01\01\0\0\0\0\0X\0/X\0\0\0\0\0\0\0\0\0\0 \0W\0W\0-\0A\0b\0s\0a\0t\0z\0-\0S\0t\0a\0n\0d\0a\0r\0d\0s\0c\0h\0r\0i\0f\0t\0a\0r\0t\01\01\01\01\0\0\0\0\02\0/2\0\0\0\0\0\0\0\0\0\0	\0W\0W\08\0N\0u\0m\04\0z\01\0\0\0\0OJ\0QJ\02\0/2\0\0\0\0\0\0\0\0\0\0	\0W\0W\08\0N\0u\0m\06\0z\01\0\0\0\0OJ\0QJ\06\0/6\0\0\0\0\0\0\0\0\0\0	\0W\0W\08\0N\0u\0m\08\0z\01\0\0\0\0OJ	\0QJ	\0^J	\02\0/!2\0\0\0\0\0\0\0\0\0\0	\0W\0W\08\0N\0u\0m\08\0z\02\0\0\0\0OJ\0QJ\06\0/16\0\0\0\0\0\0\0\0\0\0	\0W\0W\08\0N\0u\0m\09\0z\01\0\0\0\0OJ	\0QJ	\0^J	\02\0/A2\0\0\0\0\0\0\0\0\0\0	\0W\0W\08\0N\0u\0m\09\0z\02\0\0\0\0OJ\0QJ\04\0/Q4\0\0\0\0\0\0\0\0\0\0\n\0W\0W\08\0N\0u\0m\01\00\0z\00\0\0\0\0OJ\0QJ\04\0/a4\0\0\0\0\0\0\0\0\0\0\n\0W\0W\08\0N\0u\0m\01\00\0z\01\0\0\0\0OJ	\0QJ	\04\0/q4\0\0\0\0\0\0\0\0\0\0\n\0W\0W\08\0N\0u\0m\01\00\0z\02\0\0\0\0OJ\0QJ\0<\0/<\0\0\0\0\0\0\0\0\0\0\n\0W\0W\08\0N\0u\0m\01\01\0z\00\0\0\0\0CJ\0OJ\0QJ\0aJ\04\0/4\0\0\0\0\0\0\0\0\0\0\n\0W\0W\08\0N\0u\0m\01\01\0z\01\0\0\0\0OJ\0QJ\04\0/4\0\0\0\0\0\0\0\0\0\0\n\0W\0W\08\0N\0u\0m\01\01\0z\02\0\0\0\0OJ\0QJ\04\0/4\0\0\0\0\0\0\0\0\0\0\n\0W\0W\08\0N\0u\0m\01\01\0z\03\0\0\0\0OJ\0QJ\08\0/8\0\0\0\0\0\0\0\0\0\0\n\0W\0W\08\0N\0u\0m\01\02\0z\00\0\0\0\0CJ\0OJ\0QJ\0D\0A D\0\0\0\0\0\0\0\0\0\0\0D\0e\0f\0a\0u\0l\0t\0 \0P\0a\0r\0a\0g\0r\0a\0p\0h\0 \0F\0o\0n\0t\0\0\0\0\0Z\0/Z\0\0\0\0\0\0\0\0\0\0!\0W\0W\0-\0A\0b\0s\0a\0t\0z\0-\0S\0t\0a\0n\0d\0a\0r\0d\0s\0c\0h\0r\0i\0f\0t\0a\0r\0t\01\01\01\01\01\0\0\0\0\0\\\0/\\\0\0\0\0\0\0\0\0\0\0\"\0W\0W\0-\0A\0b\0s\0a\0t\0z\0-\0S\0t\0a\0n\0d\0a\0r\0d\0s\0c\0h\0r\0i\0f\0t\0a\0r\0t\01\01\01\01\01\01\0\0\0\0\0^\0/^\0\0\0\0\0\0\0\0\0\0#\0W\0W\0-\0A\0b\0s\0a\0t\0z\0-\0S\0t\0a\0n\0d\0a\0r\0d\0s\0c\0h\0r\0i\0f\0t\0a\0r\0t\01\01\01\01\01\01\01\0\0\0\0\0`\0/`\0\0\0\0\0\0\0\0\0\0$\0W\0W\0-\0A\0b\0s\0a\0t\0z\0-\0S\0t\0a\0n\0d\0a\0r\0d\0s\0c\0h\0r\0i\0f\0t\0a\0r\0t\01\01\01\01\01\01\01\01\0\0\0\0\0b\0/!b\0\0\0\0\0\0\0\0\0\0%\0W\0W\0-\0A\0b\0s\0a\0t\0z\0-\0S\0t\0a\0n\0d\0a\0r\0d\0s\0c\0h\0r\0i\0f\0t\0a\0r\0t\01\01\01\01\01\01\01\01\01\0\0\0\0\0d\0/1d\0\0\0\0\0\0\0\0\0\0&\0W\0W\0-\0A\0b\0s\0a\0t\0z\0-\0S\0t\0a\0n\0d\0a\0r\0d\0s\0c\0h\0r\0i\0f\0t\0a\0r\0t\01\01\01\01\01\01\01\01\01\01\0\0\0\0\02\0/A2\0\0\0\0\0\0\0\0\0\0	\0W\0W\08\0N\0u\0m\07\0z\01\0\0\0\0OJ\0QJ\0f\0/Qf\0\0\0\0\0\0\0\0\0\0\'\0W\0W\0-\0A\0b\0s\0a\0t\0z\0-\0S\0t\0a\0n\0d\0a\0r\0d\0s\0c\0h\0r\0i\0f\0t\0a\0r\0t\01\01\01\01\01\01\01\01\01\01\01\0\0\0\0\02\0/a2\0\0\0\0\0\0\0\0\0\0	\0W\0W\08\0N\0u\0m\01\0z\00\0\0\0\0OJ\0QJ\0J\0/qJ\0\0\0\0\0\0\0\0\0\0\0W\0W\0-\0D\0e\0f\0a\0u\0l\0t\0 \0P\0a\0r\0a\0g\0r\0a\0p\0h\0 \0F\0o\0n\0t\0\0\0\0\06\0U`6\0\0\0\0\0\0\0\0\0	\0H\0y\0p\0e\0r\0l\0i\0n\0k\0\0\0\0>*B*ph\0\0\04\0/4\0\0\0\0\0\0\0\0\0\0\n\0W\0W\08\0N\0u\0m\01\02\0z\01\0\0\0\0OJ\0QJ\0N\0/N\0\0\0\0\0\0\0\0\0\0\0W\0W\0-\0D\0e\0f\0a\0u\0l\0t\0 \0P\0a\0r\0a\0g\0r\0a\0p\0h\0 \0F\0o\0n\0t\01\01\0\0\0\0\0F\0oF\0\0\0\0\0\0\0\0\0\0\0Q\0u\0i\0c\0k\0F\0o\0r\0m\0a\0t\02\0\0\0\0B*CJ\0OJ\0QJ\0ph\0\0\0\0\0:\0/:\0\0\0\0\0\0\0\0\0\0\0N\0u\0m\0b\0e\0r\0i\0n\0g\0 \0S\0y\0m\0b\0o\0l\0s\0\0\0\0\08\0/8\0\0\0\0\0\0\0\0\0\0\n\0W\0W\08\0N\0u\0m\01\05\0z\00\0\0\0\0CJ\0OJ	\0QJ	\0F\0V F\0\0\0\0\0\0\0\0\0\0F\0o\0l\0l\0o\0w\0e\0d\0H\0y\0p\0e\0r\0l\0i\0n\0k\0\0\0\0>*B*\rph\0\0\0N\0\0N\0\0\0\0\0\0\0\0\0\0\0H\0e\0a\0d\0i\0n\0g\0\0\0\r\0?\0\0x\0$\0\0CJ\0OJ\0PJ\n\0QJ\0^J\0aJ\06\0B\0\06\0\0\0\0\0\0\0\0\0	\0B\0o\0d\0y\0 \0T\0e\0x\0t\0\0\0\n\0@\0\0\0x\0\0\0(\0/\0(\0\0\0\0\0\0\0\0\0\0L\0i\0s\0t\0\0\0\0A\0\0^J\0H\0\"\0\0\"H\0\0\0\0\0\0\0\0\0\0C\0a\0p\0t\0i\0o\0n\0\0\0\r\0B\0x\0x\0$\0\06CJ\0]^J\0aJ\0.\0\02.\0\0\0\0\0\0\0\0\0\0\0I\0n\0d\0e\0x\0\0\0\0C\0$\0\0^J\04\0 \0\0B4\0\0\0\0\0\0\0\0\0\0F\0o\0o\0t\0e\0r\0\0\0\r\0D\0\r\0!\0\0\0>\0P@\0R>\0\0\0\0\0\0\0\0\0\0\0B\0o\0d\0y\0 \0T\0e\0x\0t\0 \02\0\0\0\0E\0\0OJ\0QJ\0CJ\0~\0O\0b~\0\0\0\0\0\0\0\0\0\0\0_\0l\0e\0v\0n\0l\03\05\0\0\0O\0F\0\r,\0\0\0p@P !$\0\0\0\0\0\0\0\0\0\0\0\0\0\0\08*$1$\0]\0\0^8`\0\0PJ\n\0~\0O\0r~\0\0\0\0\0\0\0\0\0\0\0_\0l\0e\0v\0n\0l\09\05\0\0\0O\0G\0\r,\0\0\0p@P !$\0\0\0\0\0\0\0\0\0\0\0\0\0\0\0*$1$\0]\0\0^`\0\0PJ\n\0~\0\0~\0\0\0\0\0\0\0\0\0\0\0_\0l\0e\0v\0n\0l\01\05\0\0\0O\0H\0\r,\0\0\0p@P !$\0\0\0\0\0\0\0\0\0\0\0\0\0\0\0h*$1$\0]\0\0^h`\0\0PJ\n\0<\0\0<\0\0\0\0\0\0\0\0\0\0\0T\0a\0b\0l\0e\0 \0C\0o\0n\0t\0e\0n\0t\0s\0\0\0\0I\0$\0\0\0L\0L\0\0\0\0\0\0\0\0\0\0\r\0T\0a\0b\0l\0e\0 \0H\0e\0a\0d\0i\0n\0g\0\0\0\0J\0$$a$\0\065]\\T\0C\0\0T\0\0\0\0\0\0\0\0\0\0B\0o\0d\0y\0 \0T\0e\0x\0t\0 \0I\0n\0d\0e\0n\0t\0\0\0\Z\0K\0\0\0\0\0]\0\0^`\0\0\0\08\0\08\0\0\0\0B\0\0\0\0a\0p\0p\0l\0e\0-\0s\0t\0y\0l\0e\0-\0s\0p\0a\0n\0\0\0\0\0J\0^\0\0J\0	\0\0%s\00\0N\0o\0r\0m\0a\0l\0 \0(\0W\0e\0b\0)\0\0\0\0M\0d\0d\0*$\0[$\\$\0\0tH	B\0\0B\0\0\0\0\0	\0\0\0\0a\0p\0p\0l\0e\0-\0c\0o\0n\0v\0e\0r\0t\0e\0d\0-\0s\0p\0a\0c\0e\0\0\0\0\0PK\0\0\0\0\0!\0\0\0\0\0\0\0\0\0[Content_Types].xmlj0Er(Iw},-j4	wP-t#b{UTU^hd})*1P\'	^W0)T9<l#$yi}\Z;~@(Hu*Dz/0$X3aZ,D0j~3b~i>3\\`?/[G\\!-Rk.s..a?\0\0\0PK\0\0\0\0\0!\0\0\0\06\0\0\0\0\0_rels/.relsj0}Q%v/C/}\0(h\"O\n= C?hv=%[xp{_P<1H0ORBdJE4b$q_6LR7`0O,En7Lib/Se\0\0\0PK\0\0\0\0\0!\0ky\0\0\0\0\0\0\0\0\0theme/theme/themeManager.xmlM\n @}w7c(Eb\0C\ZA7K\rY,\re.|,H,lxIsQ}# +!,^$j=GW)E+&\n8\0\0\0PK\0\0\0\0\0!\0\0\0P\0\0\0\0\0theme/theme/theme1.xmlYOo6w toc\'v\Zu-MniP@I}ama[4:lGRX^6>$!)O^rC$y@/yH*)UDb`}\"qJX^)I`nEp)liV[]1M<\ZOP6r=zgbIguSebORDqu	gZo~lAplxpT0+[}`jzA\0V2Fi@qv5\\|NleXdsjcs7f\rW+7`gJ\Zj|h(KD-\0\rdXiJ(x$(:;!I_TS1?E??ZBmU/?~xY\'y5g&/>GMGeD3Vq%\'#q$8K)fw9:\nx}rxwr:\\TZaG*y8IjbRc|XI\nu3KGnD1NIBs\nRuK>V.EL+M2#\'fi~Vvl{u8zH\n*:(W\r~JTe\\O*tHGHY\0}KNP*T9/#A7qZ$*c?qUnwN%Oi4=3P\n1Pm\\\\9M2aD];Yt\\[x]}Wr|]g-\neW\r)6-rCSj\rid	DAIqbJ#x6k#ASh&t(Q%p%m&]caSl=X\\P1Mh9MVdDAaVB[fJP|8\ZAV^f\rHn-\"d>zn	>b&2vKyD:,AGm\\nzi.uYC6OMf3or$5NHT[XF64T,M0E)`#5XY`\0;%1Um;R>QDDcpU\'&LE/pm%]8firS4d7y\\`JnIR3U~7+#mqBiDi*L69mY\Z&iHE=(K&N!V.KeLD{D	\ZvEdeNe(MN9\ZR6&3(a/DUz<{YV)9Z[4^n5!J?Q3eBoCMm<.vpIYfZY_p[=al-Y}Nc4vfavl\'SA8|*u{-0%M07%<\0\0\0\0PK\0\0\0\0\0!\0\r\0\0\0\0\0\'\0\0\0theme/theme/_rels/themeManager.xml.relsM\n0woo&5\r6?$Q\r,.aic21h\Z:qm@RN;d`o7gK(M&$R(.1r\'JT8V\"AHu}|$b{\0P8\Zg/]QAs(#L[\0\0\0\0PK-\0\0\0\0\0\0!\0\0\0\0\0\0\0\0\0\0\0\0\0\0\0\0\0\0\0\0\0\0\0[Content_Types].xmlPK-\0\0\0\0\0\0!\0\0\0\06\0\0\0\0\0\0\0\0\0\0\0\0\0\0\0+\0\0_rels/.relsPK-\0\0\0\0\0\0!\0ky\0\0\0\0\0\0\0\0\0\0\0\0\0\0\0\0\0\0\0\0\0theme/theme/themeManager.xmlPK-\0\0\0\0\0\0!\0\0\0P\0\0\0\0\0\0\0\0\0\0\0\0\0\0\0\0\0theme/theme/theme1.xmlPK-\0\0\0\0\0\0!\0\r\0\0\0\0\0\'\0\0\0\0\0\0\0\0\0\0\0\0\0	\0\0theme/theme/_rels/themeManager.xml.relsPK\0\0\0\0\0\0]\0\0\n\0\0\0\0<?xml version=\"1.0\" encoding=\"UTF-8\" standalone=\"yes\"?>\r\n<a:clrMap xmlns:a=\"http://schemas.openxmlformats.org/drawingml/2006/main\" bg1=\"lt1\" tx1=\"dk1\" bg2=\"lt2\" tx2=\"dk2\" accent1=\"accent1\" accent2=\"accent2\" accent3=\"accent3\" accent4=\"accent4\" accent5=\"accent5\" accent6=\"accent6\" hlink=\"hlink\" folHlink=\"folHlink\"/>\0\0\0\0\Z\0\0\r\0\0V\0\0\0\0\0\0\0z\0\0#\n\0\0s\0\0b\0\0\0\0 \r\0\0\r\0\0\r\0\0\0\0\0\0?\0\0\0\0\0\0\0\0/\"\0\0\"\0\0\0\0\0\0\0\0\0\0\0\0\0\0\0\0\0\0\0\0\0\0\0\0\0\0\0\0\0\0\0\0!\0\0\0\"\0\0\0$\0\0\0&\0\0\0(\0\0\0*\0\0\0\0\0\0\n\0\0\0\0\0\0r\0\0!\0\0\0\0I\0\0\0\0\"\0\0\0\0\0\0\0\0\Z\0\0\0\0\0\0 \0\0\0#\0\0\0%\0\0\0\'\0\0\0)\0\0\0\n\0\0\n\0\0\n\0\0?\r\0\0f\r\0\0\r\0\0k\0\0\0\0\0\0j\0\0\0\0\0\0\Z\0\0XXXX\0\08\0\0\0\0\0\0\0\0\0\0\0\0\0\0\0\0\0\0\0\0\0\0\0\0\0@\0\0\0\0\0\0\0\0\0\0\0\0\0\0\0\0\0\0\0\0\0\0\0\0\0\0\0\0\0\0\0(\0\0\0\0	\0\0\0\0\0\0\0\0\0\0\0\0\0\0\0\0\0\0\0\0\n\0\0\0\0\0\0\0\0\0\0b\0\0\0B\n\0\0\0\0\0\0\n\0\0c\0$\0\0\0D\0\0\0\0\0\0$\0\0\0\0\0\0\0?\0\0\0\0\"\0\0\0?\0\0\0\0\0\0\0\0\0\0\0\0\0\0\0\0\0\0\0\0\0B\0\0\0\0\n\0\0\0\0\0\0\0\0S\0\0\0\0\0\0\0\0\0\0\0\0\0\0\0\0\0\0\0\0\0\0\0\0\0\0\0\0\0h\0\0\0\Z\0\0\0\0\0\0\0\0r\0\0\0$\0\0r\0\0\0t\0\0\0\0\0\0\0\0\0\0\0\0\0\0\0\0\0\0\0\0\0\0\0\0\0\0\0\0\0\0\0\0\0\0\0\0\0T\0\0\\\0\0\0\0\0\0\0\0\n\0\0\0\0\0\0.\0\03\0\0f\0\0m\0\0U\0\0X\0\0Z\0\0_\0\0k\0\0q\0\0w\0\0}\0\0~\0\0\0\0\0\0\0\0\"\0\0/\0\0Y\0\0_\0\0i\0\0t\0\0	\0\0	\0\0I\n\0\0N\n\0\0R\n\0\0Y\n\0\0^\n\0\0e\n\0\0\0\0\0\0\0\0\0\0)\0\0/\0\05\0\0;\0\0<\0\0C\0\0Q\0\0X\0\0:\r\0\0=\r\0\0\r\0\0\r\0\0\r\0\0\r\0\0\r\0\0\r\0\0\r\0\0\0\0\0\0\0\0\0\0\0\0\0\0\0\0\0\0\0\0\0\0\0\0\0\0\0\0\0\0\0\0\0\0\0\0\0\0\0\0$\0\0+\0\0\0\0\0\0o\0\0u\0\0K\0\0Q\0\0\0\0\0\0\0\\\0\0h\0\0\0\0\0\0\0\0\0\0\0\0\0\0\0\0\0\0\0\0\0\0\0\0\Z\0\0\0\0\0\0\0\0\0\0a\Z\0\0k\Z\0\0\Z\0\0\Z\0\0\Z\0\0\Z\0\0\Z\0\0\Z\0\0\Z\0\0\0\0\0\0\0\0\0\0\0\0\0\0\0\0\0\0\0\0\0\0\0\0\0\0\0\0\0\0\0\0\0\0\0\0\0\0\0\0\0\0\0\0\0\0\0\0\0\0\0\0\0\0\0\0\0\0\0\0\0\0\0\0\0\0\0\0\0\0\0\0\0\0\0\0\0\0\0\0\0\0\0\0\0\0\0\0\0\0\0\0\0\0\0\0\0\0\0\0\0\0\0\0\0\0\0\0\0\0\0\0\0\0\0\0\0\0\0\0\0\0\0\0\0\0\0\0\0\0\0\0\0\0\0\0\0\n\0\0\n\0\0\0\0\0\0\Z\0\0\03\0\03\0\03\0\0\0\0\0\0\0\0\0\0\0\0\0\0\0\0\0\0b\0\0i\0\0|\0\0|\0\0}\0\0}\0\0\0\0\0\07\0\07\0\0\0\0\0\0\Z\0\0\Z\0\0\0\0\0\0\0\0\0\0\0\0\0\0\0\0\0\0\0\0\0\0\0\0\0\0\0\0\0\0\0\0\0\0\0\0\0\0\0\0\0\0\0\0\0\0\0\0\0E\0\0\0\0\0\0\0\0\0\0\0\0\0\0\0\0\0\0\0\0\0\0\0\0\0\0\0\0\0\0	\0\0\0	\0\0\0\0\0[~2n\0(TLV\0dMp ^\05{i\0PUw>p\0\0\0\0\0\0\0\0\0\0\0\0\0\0\0\0\0\0\0\0\0\0\0\0\0\0\0\0\0\0\0\0^\0\0`\0\0\0\0\0\0\0\0\0\0\0\0\0\0\0\0\0\0\0\0\0\0\0\0\0\0\0\0\0\0\0\0\0\0\0^\0\0`\0\0\0\0\0\0\0\0\0\0\0\0\0\0\0\0\0\0\0\0\0\0\0\0\0\0\0\0\0\0\0\0\0\0\0^\0\0`\0\0\0\0\0\0\0\0\0\0\0\0\0\0\0\0\0\0\0\0\0\0\0\0\0\0\0\0\0\0\0\0\0\0\0^\0\0`\0\0\0\0\0\0\0\0\0\0\0\0\0\0\0\0\0\0\0\0\0\0\0\0\0\0\0\0\0\0\0\0\0\0\0^\0\0`\0\0\0\0\0\0\0\0\0\0\0\0\0\0\0\0\0\0\0\0\0\0\0\0\0\0\0\0\0\0\0\0\0\0\0^\0\0`\0\0\0\0\0\0\0\0\0\0\0\0\0\0\0\0\0\0\0\0\0\0\0\0\0\0\0\0\0\0\0\0\0\0\0^\0\0`\0\0\0\0\0\0\0\0\0\0\0\0\0\0\0\0\0\0\0\0\0\0\0\0\0\0\0\0\0\0\0\0\0\0\0^\0\0`\0\0\0\0\0\0\0\0\0\0\0\0\0\0\0\0\0\0\0\0\0\0\0\0\0\0\0\0\0\0\0\0\0\0\0^\0\0`\0\0\0\0\0\0\0\0\0\0\0\0\0\0\0\0\0\0\0\0\0\0\0\0\0\0\0\0\0\0\0\0\0\0^\0\0`\0\0OJ\0QJ\0\0\0\0\0\0\0\0\0\0\0\0\0\0\0\0\0\0\0\0\0\0\0\0\0\0\0\0\0\0\0\0^\0\0`\0\0OJ\0QJ\0\0l\0\0\0\0\0\0\0\0\0\0\0\0\0\0\0\0\0\0\0\0\0\0\0\0\0\0\0\0\0\0^\0\0`\0\0OJ\0QJ\0\0\0\0\0\0\0\0\0\0\0\0\0\0\0\0\0\0\0\0\0\0\0\0\0\0\0\0\0\0\0\0^\0\0`\0\0OJ\0QJ\0CJ\0\0%\0\0\0\0\0\0\0\0\0\0\0\0\0\0\0\0\0\0\0\0\0\0\0\0\0\0\0\0\0\0^\0\0`\0\0OJ\0QJ\0\0l\0\0\0\0\0\0\0\0\0\0\0\0\0\0\0\0\0\0\0\0\0\0\0\0\0\0\0\0\0\0^\0\0`\0\0OJ\0QJ\0\0\0\0\0\0\0\0\0\0\0\0\0\0\0\0\0\0\0\0\0\0\0\0\0\0\0\0\0\0\0\0^\0\0`\0\0OJ\0QJ\0CJ\0\0%\0\0\0\0\0\0\0\0\0\0\0\0\0\0\0\0\0\0\0\0\0\0\0\0\0\0\0\0\0\0^\0\0`\0\0OJ\0QJ\0\0l\0\0\0\0\0\0\0\0\0\0\0\0\0\0\0\0\0\0\0\0\0\0\0\0\0\0\0\0\0\0^\0\0`\0\0OJ\0QJ\0\0\0\0\0\0\0\0\0\0\0\0\0\0\0\0\0\0\0\0\0\0\0\0\0\0\0\0\0\0\0\0^\0\0`\0\0OJ\0QJ\0CJ\0\0%\0\0\0\0\0\0\0\0\0\0\0\0\0\0\0\0\0\0\0\0\0\0\0\0\0\0\0\0\0\0^\0\0`\0\0CJ\0OJ\0QJ\0CJ\0aJ\0\0\0\0\0\0\0\0\0\0\0\0\0\0\0\0\0\0\0\0\0\0\0\0\0\0\0^`OJ\0QJ\0\0\0\0\0\0\0\0\0\0\0\0\0\0\0\0\0\0\0\0\0\0\0\0\0\0\0\0\0\0\0\0\0^\0\0`\0\0\0\0\0\0\0\0\0\0\0\0\0\0\0\0\0\0\0\0\0\0\0\0\0\0\0\0\0\0\0\0\0\0\0^\0\0`\0\0\0\0\0\0\0\0\0\0\0\0\0\0\0\0\0\0\0\0\0\0\0\0\0\0\0\0\0\0\0\0\0\0\0^\0\0`\0\0\0\0\0\0\0\0\0\0\0\0\0\0\0\0\0\0\0\0\0\0\0\0\0\0\0\0\0\0\0\0\0\0\0^\0\0`\0\0\0\0\0\0\0\0\0\0\0\0\0\0\0\0\0\0\0\0\0\0\0\0\0\0\0\0\0\0\0\0\0\0\0^\0\0`\0\0\0\0\0\0\0\0\0\0\0\0\0\0\0\0\0\0\0\0\0\0\0\0\0\0\0\0\0\0\0\0\0\0\0^\0\0`\0\0\0\0\0\0\0\0\0\0\0\0\0\0\0\0\0\0\0\0\0\0\0\0\0\0\0\0\0\0\0\0\0\0\0^\0\0`\0\0\0\0\0\0\0\0\0\0\0\0\0\0\0\0\0\0\0\0\0\0\0\0\0\0\0\0\0\0\0\0\0\0\0^\0\0`\0\0\0\0\0\0\0\0\0\0\0\0\0\0\0\0\0\0\0\0\0\0\0\0\0\0\0\0h\0h^h`OJ\0QJ\0CJ\0\0\0\0\0\0\0\0\0\0\0\0\0\0\0\0\0\0\0\0\0\0\0\0\0\0\0^`CJ\0OJ\0QJ\0aJ\0\0\0\0\0\0\0\0\0\0\0\0\0\0\0\0\0\0\0\0\0\0\0\0\0\0\0^`OJ\0QJ\0\0\0\0\0\0\0\0\0\0\0\0\0\0\0\0\0\0\0\0\0\0\0\0\0\0\0^`OJ\0QJ\0\0\0\0\0\0\0\0\0\0\0\0\0\0\0\0\0\0\0\0\0\0\0\0\0\0\0\0\0\0\0\0\0^\0\0`\0\0\0\0\0\0\0\0\0\0\0\0\0\0\0\0\0\0\0\0\0\0\0\0\0\0\0\0\0\0\0\0\0\0\0^\0\0`\0\0\0\0\0\0\0\0\0\0\0\0\0\0\0\0\0\0\0\0\0\0\0\0\0\0\0\0\0\0\0\0\0\0\0^\0\0`\0\0\0\0\0\0\0\0\0\0\0\0\0\0\0\0\0\0\0\0\0\0\0\0\0\0\0\0\0\0\0\0\0\0\0^\0\0`\0\0\0\0\0\0\0\0\0\0\0\0\0\0\0\0\0\0\0\0\0\0\0\0\0\0\0\0\0\0\0\0\0\0\0^\0\0`\0\0\0\0\0\0\0\0\0\0\0\0\0\0\0\0\0\0\0\0\0\0\0\0\0\0\0\0\0\0\0\0\0\0\0^\0\0`\0\0\0\0\0\0\0\0\0\0\0\0\0\0\0\0\0\0\0\0\0\0\0\0\0\0\0\0\0\0\0\0\0\0\0^\0\0`\0\0\0\0\0\0\0\0\0\0\0\0\0\0\0\0\0\0\0\0\0\0\0\0\0\0\0\0\0\0\0\0\0\0\0^\0\0`\0\0\0\0\0\0\0\0\0\0\0\0\0\0\0\0\0h\0\0\0\0\0\0\0\0^`OJ\0QJ\0o(\0h\0\0\0\0H\0\0\0\0\0\0\0\0\0\0\0\0\0\0\0\0h\0\0\0\0\0\0\0\0^`OJ	\0QJ	\0^J	\0o(\0h\0\0\0\0H\0\0\0o\0\0\0\0\0\0\0\0\0\0\0\0\0\0h\0\0\0\0\0\0\0\0p^p`OJ\0QJ\0o(\0h\0\0\0\0H\0\0\0\0\0\0\0\0\0\0\0\0\0\0\0\0h\0\0\0\0\0\0\0\0@^@`OJ\0QJ\0o(\0h\0\0\0\0H\0\0\0\0\0\0\0\0\0\0\0\0\0\0\0\0h\0\0\0\0\0\0\0\0^`OJ	\0QJ	\0^J	\0o(\0h\0\0\0\0H\0\0\0o\0\0\0\0\0\0\0\0\0\0\0\0\0\0h\0\0\0\0\0\0\0\0^`OJ\0QJ\0o(\0h\0\0\0\0H\0\0\0\0\0\0\0\0\0\0\0\0\0\0\0\0h\0\0\0\0\0\0\0\0^`OJ\0QJ\0o(\0h\0\0\0\0H\0\0\0\0\0\0\0\0\0\0\0\0\0\0\0\0h\0\0\0\0\0\0\0\0^`OJ	\0QJ	\0^J	\0o(\0h\0\0\0\0H\0\0\0o\0\0\0\0\0\0\0\0\0\0\0\0\0\0h\0\0\0\0\0\0\0\0P^P`OJ\0QJ\0o(\0h\0\0\0\0H\0\0\0\0\0\0\0\0\0\0\0\0\0\0\0\0h\0\0\0\0\0\0\0\0^`OJ\0QJ\0o(\0h\0\0\0\0H\0\0\0\0\0\0\0\0\0\0\0\0\0\0\0\0h\0\0\0\0\0\0\0\0^`OJ	\0QJ	\0^J	\0o(\0h\0\0\0\0H\0\0\0o\0\0\0\0\0\0\0\0\0\0\0\0\0\0h\0\0\0\0\0\0\0\0p^p`OJ\0QJ\0o(\0h\0\0\0\0H\0\0\0\0\0\0\0\0\0\0\0\0\0\0\0\0h\0\0\0\0\0\0\0\0@^@`OJ\0QJ\0o(\0h\0\0\0\0H\0\0\0\0\0\0\0\0\0\0\0\0\0\0\0\0h\0\0\0\0\0\0\0\0^`OJ	\0QJ	\0^J	\0o(\0h\0\0\0\0H\0\0\0o\0\0\0\0\0\0\0\0\0\0\0\0\0\0h\0\0\0\0\0\0\0\0^`OJ\0QJ\0o(\0h\0\0\0\0H\0\0\0\0\0\0\0\0\0\0\0\0\0\0\0\0h\0\0\0\0\0\0\0\0^`OJ\0QJ\0o(\0h\0\0\0\0H\0\0\0\0\0\0\0\0\0\0\0\0\0\0\0\0h\0\0\0\0\0\0\0\0^`OJ	\0QJ	\0^J	\0o(\0h\0\0\0\0H\0\0\0o\0\0\0\0\0\0\0\0\0\0\0\0\0\0h\0\0\0\0\0\0\0\0P^P`OJ\0QJ\0o(\0h\0\0\0\0H\0\0\0\0\0\0\0\0\0\0\0\0\0\0\0\0h\0\0\0\0\0\0\0\08^8`OJ\0QJ\0o(\0h\0\0\0\0H\0\0\0\0\0\0\0\0\0\0\0\0\0\0\0\0h\0\0\0\0\0\0\0\0^`OJ	\0QJ	\0^J	\0o(\0h\0\0\0\0H\0\0\0o\0\0\0\0\0\0\0\0\0\0\0\0\0\0h\0\0\0\0\0\0\0\0	^	`OJ\0QJ\0o(\0h\0\0\0\0H\0\0\0\0\0\0\0\0\0\0\0\0\0\0\0\0h\0\0\0\0\0\0\0\0^`OJ\0QJ\0o(\0h\0\0\0\0H\0\0\0\0\0\0\0\0\0\0\0\0\0\0\0\0h\0\0\0\0\0\0\0\0x^x`OJ	\0QJ	\0^J	\0o(\0h\0\0\0\0H\0\0\0o\0\0\0\0\0\0\0\0\0\0\0\0\0\0h\0\0\0\0\0\0\0\0H^H`OJ\0QJ\0o(\0h\0\0\0\0H\0\0\0\0\0\0\0\0\0\0\0\0\0\0\0\0h\0\0\0\0\0\0\0\0^`OJ\0QJ\0o(\0h\0\0\0\0H\0\0\0\0\0\0\0\0\0\0\0\0\0\0\0\0h\0\0\0\0\0\0\0\0^`OJ	\0QJ	\0^J	\0o(\0h\0\0\0\0H\0\0\0o\0\0\0\0\0\0\0\0\0\0\0\0\0\0h\0\0\0\0\0\0\0\0\Z^\Z`OJ\0QJ\0o(\0h\0\0\0\0H\0\0\0\0\0\0\0\0\0\0\0\0\0\0\0\0h\0\0\0\0\0\0\0\0^`OJ\0QJ\0o(\0h\0\0\0\0H\0\0\0\0\0\0\0\0\0\0\0\0\0\0\0\0h\0\0\0\0\0\0\0\0^`OJ	\0QJ	\0^J	\0o(\0h\0\0\0\0H\0\0\0o\0\0\0\0\0\0\0\0\0\0\0\0\0\0h\0\0\0\0\0\0\0\0p^p`OJ\0QJ\0o(\0h\0\0\0\0H\0\0\0\0\0\0\0\0\0\0\0\0\0\0\0\0h\0\0\0\0\0\0\0\0@^@`OJ\0QJ\0o(\0h\0\0\0\0H\0\0\0\0\0\0\0\0\0\0\0\0\0\0\0\0h\0\0\0\0\0\0\0\0^`OJ	\0QJ	\0^J	\0o(\0h\0\0\0\0H\0\0\0o\0\0\0\0\0\0\0\0\0\0\0\0\0\0h\0\0\0\0\0\0\0\0^`OJ\0QJ\0o(\0h\0\0\0\0H\0\0\0\0\0\0\0\0\0\0\0\0\0\0\0\0h\0\0\0\0\0\0\0\0^`OJ\0QJ\0o(\0h\0\0\0\0H\0\0\0\0\0\0\0\0\0\0\0\0\0\0\0\0h\0\0\0\0\0\0\0\0^`OJ	\0QJ	\0^J	\0o(\0h\0\0\0\0H\0\0\0o\0\0\0\0\0\0\0\0\0\0\0\0\0\0h\0\0\0\0\0\0\0\0P^P`OJ\0QJ\0o(\0h\0\0\0\0H\0\0\0\0\0\0\0\0\0\0\0\0\0\0\0\0\0\0\0\0\0\0\0\0\0\0\0^`OJ\0QJ\0o(\0h\0\0\0\0H\0\0\0\0\0\0\0\0\0\0\0\0\0\0\0\0\0\0\0\0\0\0\0\0\0\0^`OJ	\0QJ	\0^J	\0o(\0h\0\0\0\0H\0\0\0o\0\0\0\0\0\0\0\0\0\0\0\0\0\0\0\0\0\0\0\0\0\0\0\0p^p`OJ\0QJ\0o(\0h\0\0\0\0H\0\0\0\0\0\0\0\0\0\0\0\0\0\0\0\0\0\0\0\0\0\0\0\0\0\0@^@`OJ\0QJ\0o(\0h\0\0\0\0H\0\0\0\0\0\0\0\0\0\0\0\0\0\0\0\0\0\0\0\0\0\0\0\0\0\0^`OJ	\0QJ	\0^J	\0o(\0h\0\0\0\0H\0\0\0o\0\0\0\0\0\0\0\0\0\0\0\0\0\0\0\0\0\0\0\0\0\0\0\0^`OJ\0QJ\0o(\0h\0\0\0\0H\0\0\0\0\0\0\0\0\0\0\0\0\0\0\0\0\0\0\0\0\0\0\0\0\0\0^`OJ\0QJ\0o(\0h\0\0\0\0H\0\0\0\0\0\0\0\0\0\0\0\0\0\0\0\0\0\0\0\0\0\0\0\0\0\0^`OJ	\0QJ	\0^J	\0o(\0h\0\0\0\0H\0\0\0o\0\0\0\0\0\0\0\0\0\0\0\0\0\0\0\0\0\0\0\0\0\0\0\0P^P`OJ\0QJ\0o(\0h\0\0\0\0H\0\0\0\0\0\0\0\0\0\0\0\0\0\0\0\0\0\0\0\0\0\0\0\0\0\0\0\0\0\0\0\0\0\0\0\0\0\0\0\0\0\0\0\0\0\0\0\0\0\0\0\0\0\0\0\0\0\0\0\0\0\0\0\0\0\0\0\0\0\0\0\0\0\0\0\0\0\0\0\0\0\0\0\0\0\0\0\0\0\0\0\0\0\0\0\0\0\0\0\0\0\0\0\0\0\0\0\0\0\0\0\0\0\0\0\0\0\0\0\0\0\0\0\0\0\0	\0\0\0\0\0\0\0\0\0\0\0\0\0\0\0(TL\0\0\0\0\0\0\0\0\0\0\0\05{i\0\0\0\0\0\0\0\0\0\0\0\0dM\0\0\0\0\0\0\0\0\0\0\0\0PUw\0\0\0\0\0\0\0\0\0\0\0\0[~\0\0\0\0\0\0\0\0\0\0\0\0\0\0\0\0\0\0W\0W\08\0N\0u\0m\02\0\0W\0W\08\0N\0u\0m\03\0\0W\0W\08\0N\0u\0m\04\0\0W\0W\08\0N\0u\0m\05\0\0W\0W\08\0N\0u\0m\06\0\0W\0W\08\0N\0u\0m\07\0\0W\0W\08\0N\0u\0m\08\0\0W\0W\08\0N\0u\0m\09\0\0\0\0\0\0\0\0\0\0\0\0\0\0\0\0\0\0\0\0\0\0\0\0\0\0\0\0\0\0\0\0\0\0	@\0	@\0	@\0	@\0	@\0	@\0	@\0	@\0	@\0\0	\0	\0	\0	\0	\0	\0	\0	\0	\0\0	@\0	@\0	@\0	@\0	@\0	@\0	@\0	@\0	@\0\0	@\0	@\0	@\0	@\0	@\0	@\0	@\0	@\0	@\0\0	@\0	@\0	@\0	@\0	@\0	@\0	@\0	@\0	@\0_\0\0\0\0\0\0\0\0\0\0\04H>\0\0\0\0\0\0\0\0\0\0\0ZC\Zj\0\0\0\0\0\0\0\0\0\0\0N\0\0\0\0\0\0\0\0\0\0\0\0\0\0\0M\0\0?9\0e\0*\0rz\0)\0-\0F\0J;\0y\0\0K\0k\0xh	\0v	\07\n\0Pe\n\0m\0Z\0X\"\0_\0\Zd\r\0MM\0%g\02\0R\0*S\07\0QH\0\0=\0a\0L-\0.\03\0)\Z\0oz\Z\0\0\0}-\0=\0m\0_I\05p\0)\0/\"\07\"\0pA#\0h#\0\0%\0.7&\0s\'\0[(\0+D)\0$*\0wZ*\0az*\0+\0Y,\0/,\0s,\0-\0]-\0$.\0R/\09n/\0#0\0l0\0\Z]2\0o34\0\"!6\0<6\0|U7\0V7\09\0|9\0X:\0r;\0H;\05<\0xE<\0L<\0g>\0 >\0,>\01>\0\\2>\0?\0?\0?\0@l?\0%A\0B\0HMB\0\"eB\0bC\0nD\0tF\0xRF\0SF\0G\0R&G\0QWH\01I\09I\0lI\0K\0o@L\0E~M\0?O\0aP\0rR\0H,S\0^U\0YV\0=W\0~X\0Y\0/Z\0	\\\0H\\\0]\0^\0&^^\0L_\0\'|_\0p`\01a\0tc\0@d\0%e\0xf\0f\0/g\0%=g\0Dg\0]h\0	h\0jh\0;i\0dj\0Pk\0=qk\0~k\0+Wl\0uYl\0lgl\0qo\0p\0\"/p\0TTq\0/r\0Er\0t\\s\0t\09v\0/Hv\0Nv\0tw\0wnw\0Ux\0px\0<z\0g?z\0U|\0V|\0m|\0A%\0=\0B\0_\0Y\0o\0(%\0p\0c\0y\0QX\0.\0K\0(\0;\0|\0\r\Z\0tk\0[\0z\0\00K\0*\0-U\0}\0@\0Q\0\"x\0\0\0)\0^\0l\01\0U3\0D\0$\0p\0f\0p\0O\0X\0qb\0sw\0Tz\0@\0Z\0n\0 \0}\0>\Z\0]O\0\\\0P\0\0\"T\0JH\0L\0P\0$n\0y\0O\0m\0(\0x\07\0]>\0i\0\n\0-\0+\0>a\0Ri\0\'\0x\0M\0\"j\0\'\n\0F#\0M\0L\0\00\02\0%s\0\Z\0f\0@\0BI\0\0&\09\0D\0~\0\0_\0]\0i\0=\0e\0g\0~\0=+\0J\0g\0\0P\\\00\0~\0f\0\rq\0j	\0H\0d\01\0\0;\0\r#\0 \0\"\0[F\0%\0l\Z\0~\0@\0\0\0U\0J6\0\\\0G\0Ba\0wf\0l\0u\n\0\0-\0{\0@\0|\0K\0\r3\0<\0\0B\0\0U\0ws\0BT\0u\0z\0*\0\0`\01r\0ds\0\0\0	\0<\09\n\0\0\0y\0D\0P\06\0[\"\0(\0^\0\0\0\0\0\Z\0\0\Z\0\0\0\0\0\0\0\0\0@\0\0\0\0\0\0/\0\0\0\0\0\0\0\0\0\0\0\0\0\0\0\0\0\0\0\0\0\Z\0\0h\0\0\0@\0\0\0\0\0\0U\0n\0k\0n\0o\0w\0n\0\0\0\0\0\0\0\0\0\0\0\0\0\0\0\0\0\0\0\0\0\0\0\0\0\0\0\0\0\0\0\0\0\0\0G\0\0*\0Ax\0	\0\0\0\0\0\0\0\0\0\0\0\0\0T\0i\0m\0e\0s\0 \0N\0e\0w\0 \0R\0o\0m\0a\0n\0\0\05\0\0\0\0\0\0\0\0\0\0\0\0\0\0\0\0\0\0\0\0\0\0\0S\0y\0m\0b\0o\0l\0\0\03.\0\0*\0Cx\0	\0\0\0\0\0\0\0\0\0\0\0\0\0A\0r\0i\0a\0l\0\0\07\0\0\n\0\0\0\0\0\0\0\0\0\0\0\0\0\0\0\0\0\0\0\0S\0y\0l\0f\0a\0e\0n\0\0\09\0\0\0\0\0\0\0\0\0\0\0\0\0\0\0\0\0\0\0\0\0\0\0G\0a\0r\0a\0m\0o\0n\0d\0\0\05.\0\0.\0[`\0)\0\0\0\0\0\0\0\0\0\0\0\0T\0a\0h\0o\0m\0a\0\0\0;\0\0\0\0\0\0\0\0\0\0\0\0\0\0\0\0\0\0\0\0\0\0\0\0\0\0\0\0\0\0\0\0W\0i\0n\0g\0d\0i\0n\0g\0s\0\0\0?\0\0\0\0\0\0\0\0\0\0\0\0\0\0\0\0\0\0\0\0\0\0\0W\0i\0n\0g\0d\0i\0n\0g\0s\0 \02\0\0\0]\0\0\0\0\0\0\0\0\0\0\0\0\0\0\0\0\0\0\0\0\0\0\0\0\0\0\0\0\0\0\0\0\0\0\0S\0t\0a\0r\0S\0y\0m\0b\0o\0l\0\0\0T\0i\0m\0e\0s\0 \0N\0e\0w\0 \0R\0o\0m\0a\0n\0\0\0?=\0\0	*\0Cx\0	\0\0\0\0\0\0\0\0\0\0\0\0\0C\0o\0u\0r\0i\0e\0r\0 \0N\0e\0w\0\0\0O.\0\0\n\0k9\0\0\0\0\0\0\0\0\0\0\0\0\0\0\0\0\0L\0u\0c\0i\0d\0a\0 \0S\0a\0n\0s\0 \0U\0n\0i\0c\0o\0d\0e\0\0\0A\0\0\0$\0B\0\0\0\0\0\0\0\0\0\0\0\0\0\0C\0a\0m\0b\0r\0i\0a\0 \0M\0a\0t\0h\0\0\0B\0\0A\0\0\0\0h\0\0\0\0\0gyzm\0\0\0\0\0\0\0\0\r\0\0\0\00\0\0\0\0\0\0\0\0\r\0\0\00\0\0\0\0\0\0\0a\0\0\0\0\0\0\0\0\0\0\0\0\0\0\0\0\0\0\0\0\0\0\0\0\0\0\0\0\0\0\0\0\0\0\0\0\0\0\0\0\0\0\0\0\0\0\0\0\0\0\0\0\0\0\0\0\0\0\0\0\0\0\0\0\0\0\0\0\0\0\0\0\0\0\0\0\0\0\0\0\0\0\0\0\0\0\0\0\0\0\0\0\0\0\0\0\0\0\0\0\0\0\0\0\0\0\0\0\0\0\0\0\0\0\0\0\0\0\0\0\0\0\0\0\0\0\0\0\0\0\0\0\0\0\0\0\0\0\0\0\0\0\0\0\0\0\0\0\0\0\0\0\0\0\0\0\0\0\0\0\0\0\0\0\0\0\0\0\0\0\0\0\0\0\0\0\0\0\0\0\0\0\0\0\0\0\0\0\0\0\0\0\0\0\0\0\0\0\0\0\0\0\0\0\0\0\0\0\0\0\0\0\0\0\0\0\0\0\0\0\0\0\0\0\0\0\0\0\0\0\0\0\0\0\0\0\0\0\0\0\0\0\0\0\0\0\0\0\0\0\0\0\0\0\0\0\0\0\0\0\0\0\0\0\0\0\0\0\0\0\0\0\0\0\0\0\0\0\0\0\0\0\0\0\0\0\0\0\0\0\0\0\0\0\0\0\0\0\0\0\0\0\0\0\0\0\0\0\0\0\0\0\0\0\0\0\0\0\0\0\0\0\0\0\0\020\0\0\0\0\0\0\0\0\0\0\0\0\0\0\Z\0\0\Z\0\0\0\0\0\0\0\0\0\0\0\0\0\0\0\0\0\0\0\0\0\0\0\0\0\0\0\0\0\0\0\0\0\0\0\0\0\0\0\0\0\0\0\0\0\0\0\0\0\0\0\0\0\0\0\0\0\0\0\0\0\0\0\0\0\0\0\0\0\0\0Jq\0\0\0\0\0\0\0\0\0\0\0\0\0\0\0\0\0\0\0\0\0\0\0\0\0\0\0\0\0HP\0\0\0\0	\0	$P\0\0\0\0\0\0dj\0\0\0\0\0\0\0\0\0\0\0\0\0\0\0\0\0\0\0\0\0\0\0\0\0!\0\0\0\0\0\0\0\0\0\0\0\0\0\0\0\0\0\0\0\0\0\0\0\0\0\0\0\0\0x\0\0\0x\0\0\0\0\0\0\0\0\0\0\0\0\0\0\0\0\0\0\0\0\0R\0a\0j\0e\0s\0h\0\0\0\0\0\0\0\0R\0a\0j\0\0B\0o\0b\0b\0y\0\0\0\0\0\0\0\0\0\0\0\0\0\0\0\0\0\0\0\0\0D\0\0\0\0\0\0\0\0\0\0\0\0\0\0\0\0\0\0\0\0\0\0\0\0\0\0\0\0	\0\0\n\0\0\0\0\0\0\r\0\0\0\0\0\0\0\0\0\0\0\0\0\0\0\0\0\0\0\0\0\0\0\0\0\0\0\0\0\0\0\0\0\0\0\0\0\0\0\0\0\0\0\0\0\0\0\0\0\0\0\0\0\0\0\0\0\0\0\0\0\0\0\0\0\0\0\0\0\0\0\0\0\0\0\0\0\0\0\0\0\0\0\0\0\0\0\0\0\0\0\0\0\0\0\0\0\0\0\0\0\0\0\0\0\0\0\0\0\0\0\0\0\0\0\0\0\0\0\0\0\0\0\0\0\0\0\0\0\0\0\0\0\0\0\0\0\0\0\0\0\0\0\0\0\0\0\0\0\0\0\0\0\0\0\0\0\0\0\0\0\0\0\0\0\0\0\0\0\0\0\0\0\0\0\0\0\0\0\0\0\0\0\0\0\0\0\0\0\0\0\0\0\0\0\0\0\0\0\0\0\0\0\0\0\0\0\0\0\0\0\0\0\0\0\0\0\0\0\0\0\0\0\0\0\0\0\0\0\0\0\0\0\0\0\0\0\0\0\0\0\0\0\0\0\0\0\0\0\0\0\0\0\0\0\0\0\0\0\0\0\0\0\0\0\0\0\0\0\0\0\0\0\0\0\0\0\0\0\0\0\0\0\0\0\0\0\0\0\0\0\0\0\0Oh\0+\'0\0\0\0h\0\0\0\0\0\0\0\0\0\0\0\0\0\0\0\0\0\0\0\0\0\0\0\0\0\0\0\0\0\0\0\0\0\0\0\0\0\0\0\0\0\0\0\0\0\0\0	\0\0\0\0\0\0\0\0\0\0\0\0\n\0\0\0\0\0\0\0\0$\0\0\0\0\00\0\0\r\0\0\0<\0\0\0\0\0H\0\0\0\0\0P\0\0\0\0\0X\0\0\0\0\0`\0\0\0\0\0\0\0\0\0\0\0\0\0Rajesh\0\0\0\0\0\0\0\0\0\0\0\0\0\0\0\0\0\0Raj\0\0\0\0\0\0\0\0\0\0\0\0\0\0\0\0\0Normal\0\0\0\0\0\0\0\0Bobby\0\0\0\0\0\0\0\0\016\0\0\0\0\0\0\0\0Microsoft Office Word\0\0\0@\0\0\0\0TJ\0\0\0@\0\0\0\0(F@\0\0\0\0\'w@\0\0\0\0:$~\0\0\0\0\0\0\0\0\0\0\0\0\0\0\0\0\0\0\0\0\0\0\0\0\0\0\0\0\0\0\0\0\0\0\0\0\0\0\0\0\0\0\0\0\0\0\0\0\0\0\0\0\0\0\0\0\0\0\0\0\0\0\0\0\0\0\0\0\0\0\0\0\0\0\0\0\0\0\0\0\0\0\0\0\0\0\0\0\0\0\0\0\0\0\0\0\0\0\0\0\0\0\0\0\0\0\0\0\0\0\0\0\0\0\0\0\0\0\0\0\0\0\0\0\0\0\0\0\0\0\0\0\0\0\0\0\0\0\0\0\0\0\0\0\0\0\0\0\0\0\0\0\0\0\0\0\0\0\0\0\0\0\0\0\0\0\0\0\0\0\0\0\0\0\0\0\0\0\0\0\0\0\0\0\0\0\0\0\0\0\0\0\0\0\0\0\0\0\0\0\0\0\0\0\0\0\0\0\0\0\0\0\0\0\0\0\0\0\0\0\0\0\0\0\0\0\0\0\0\0\0\0\0\0\0\0\0\0\0\0\0\0\0\0\0\0\0\0\0\0\0\0\0\0\0\0\0\0\0\0\0\0\0\0\0\0\0\0\0\0\0\0\0\0\0\0\0\0\0\0\0\0\0\0\0\0\0\0\0\0\0\0\0\0\0\0\0\0\0\0\0\0\0\0\0\0\0\0\0\0\0\0\0\0\0\0\0\0\0\0\0\0\0\0\0\0\0\0\0\0\0\0\0\0\0\0\0\0\0\0\0\0\0\0\0\0\0\0\0\0\0\0\0\0\0\0\0\0\0\0\0\0\0\0\0\0\0\0\0\0\0\0\0\0\0\0\0\0\0\0\0\0\0\0\0\0\0\0\0\0\0\0\0\0\0\0\0\0\0\0\0\0\0\0\0\0\0\0\0\0\0\0\0\0\0\0\0\0\0\0\0\0\0\0\0\0\0\0\0\0\0\0\0\0\0\0\0\0\0\0\0\0\0\0\0\0\0\0\0\0\0\0\0\0\0\0\0\0\0\0\0\0\0\0\0\0\0\0\0\0\0\0\0\0\0\0\0\0\0\0\0\0\0\0\0\0\0\0\0\0\0\0\0\0\0\0\0\0\0\0\0\0\0\0\0\0\0\0\0\0\0\0\0\0\0\0\0\0\0\0\0\0\0\0\0\0\0\0\0\0\0\0\0\0\0\0\0\0\0\0\0\0\0\0\0\0\0\0\0\0\0\0\0\0\0\0\0\0\0\0\0\0\0\0\0\0\0\0\0\0\0\0\0\0\0\0\0\0\0\0\0\0\0\0\0\0\0\0\0\0\0\0\0\0\0\0\0\0\0\0\0\0\0\0\0\0\0\0\0\0\0\0\0\0\0\0\0\0\0\0\0\0\0\0\0\0\0\0\0\0\0\0\0\0\0\0\0\0\0\0\0\0\0\0\0\0\0\0\0\0\0\0\0\0\0\0\0\0\0\0\0\0\0\0\0\0\0\0\0\0\0\0\0\0\0\0\0\0\0\0\0\0\0\0\0\0\0\0\0\0\0\0\0\0\0\0\0\0\0\0\0\0\0\0\0\0\0\0\0\0\0\0\0\0\0\0\0\0\0\0\0\0\0\0\0\0\0\0\0\0\0\0\0\0\0\0\0\0\0\0\0\0\0\0\0\0\0\0\0\0\0\0\0\0\0\0\0\0\0\0\0\0\0\0\0\0\0\0\0\0\0\0\0\0\0\0\0\0\0\0\0\0\0\0\0\0\0\0\0\0\0\0\0\0\0\0\0\0\0\0\0\0\0\0\0\0\0\0\0\0\0\0\0\0\0\0\0\0\0\0\0\0\0\0\0\0\0\0\0\0\0\0\0\0\0\0\0\0\0\0\0\0\0\0\0\0\0\0\0\0\0\0\0\0\0\0\0\0\0\0\0\0\0\0\0\0\0\0\0\0\0\0\0\0\0\0\0\0\0\0\0\0\0\0\0\0\0\0\0\0\0\0\0\0\0\0\0\0\0\0\0\0\0\0\0\0\0\0\0\0\0\0\0\0\0\0\0\0\0\0\0\0\0\0\0\0\0\0\0\0\0\0\0\0\0\0\0\0\0\0\0\0\0\0\0\0\0\0\0\0\0\0\0\0\0\0\0\0\0\0\0\0\0\0\0\0\0\0\0\0\0\0\0\0\0\0\0\0\0\0\0\0\0\0\0\0\0\0\0\0\0\0\0\0\0\0\0\0\0\0\0\0\0\0\0\0\0\0\0\0\0\0\0\0\0\0\0\0\0\0\0\0\0\0\0\0\0\0\0\0\0\0\0\0\0\0\0\0\0\0\0\0\0\0\0\0\0\0\0\0\0\0\0\0\0\0\0\0\0\0\0\0\0\0\0\0\0\0\0\0\0\0\0\0\0\0\0\0\0\0\0\0\0\0\0\0\0\0\0\0\0\0\0\0\0\0\0\0\0\0\0\0\0\0\0\0\0\0\0\0\0\0\0\0\0\0\0\0\0\0\0\0\0\0\0\0\0\0\0\0\0\0\0\0\0\0\0\0\0\0\0\0\0\0\0\0\0\0\0\0\0\0\0\0\0\0\0\0\0\0\0\0\0\0\0\0\0\0\0\0\0\0\0\0\0\0\0\0\0\0\0\0\0\0\0\0\0\0\0\0\0\0\0\0\0\0\0\0\0\0\0\0\0\0\0\0\0\0\0\0\0\0\0\0\0\0\0\0\0\0\0\0\0\0\0\0\0\0\0\0\0\0\0\0\0\0\0\0\0\0\0\0\0\0\0\0\0\0\0\0\0\0\0\0\0\0\0\0\0\0\0\0\0\0\0\0\0\0\0\0\0\0\0\0\0\0\0\0\0\0\0\0\0\0\0\0\0\0\0\0\0\0\0\0\0\0\0\0\0\0\0\0\0\0\0\0\0\0\0\0\0\0\0\0\0\0\0\0\0\0\0\0\0\0\0\0\0\0\0\0\0\0\0\0\0\0\0\0\0\0\0\0\0\0\0\0\0\0\0\0\0\0\0\0\0\0\0\0\0\0\0\0\0\0\0\0\0\0\0\0\0\0\0\0\0\0\0\0\0\0\0\0\0\0\0\0\0\0\0\0\0\0\0\0\0\0\0\0\0\0\0\0\0\0\0\0\0\0\0\0\0\0\0\0\0\0\0\0\0\0\0\0\0\0\0\0\0\0\0\0\0\0\0\0\0\0\0\0\0\0\0\0\0\0\0\0\0\0\0\0\0\0\0\0\0\0\0\0\0\0\0\0\0\0\0\0\0\0\0\0\0\0\0\0\0\0\0\0\0\0\0\0\0\0\0\0\0\0\0\0\0\0\0\0\0\0\0\0\0\0\0\0\0\0\0\0\0\0\0\0\0\0\0\0\0\0\0\0\0\0\0\0\0\0\0\0\0\0\0\0\0\0\0\0\0\0\0\0\0\0\0\0\0\0\0\0\0\0\0\0\0\0\0\0\0\0\0\0\0\0\0\0\0\0\0\0\0\0\0\0\0\0\0\0\0\0\0\0\0\0\0\0\0\0\0\0\0\0\0\0\0\0\0\0\0\0\0\0\0\0\0\0\0\0\0\0\0\0\0\0\0\0\0\0\0\0\0\0\0\0\0\0\0\0\0\0\0\0\0\0\0\0\0\0\0\0\0\0\0\0\0\0\0\0\0\0\0\0\0\0\0\0\0\0\0\0\0\0\0\0\0\0\0\0\0\0\0\0\0\0\0\0\0\0\0\0\0\0\0\0\0\0\0\0\0\0\0\0\0\0\0\0\0\0\0\0\0\0\0\0\0\0\0\0\0\0\0\0\0\0\0\0\0\0\0\0\0\0\0\0\0\0\0\0\0\0\0\0\0\0\0\0\0\0\0\0\0\0\0\0\0\0\0\0\0\0\0\0\0\0\0\0\0\0\0\0\0\0\0\0\0\0\0\0\0\0\0\0\0\0\0\0\0\0\0\0\0\0\0\0\0\0\0\0\0\0\0\0\0\0\0\0\0\0\0\0\0\0\0\0\0\0\0\0\0\0\0\0\0\0\0\0\0\0\0\0\0\0\0\0\0\0\0\0\0\0\0\0\0\0\0\0\0\0\0\0\0\0\0\0\0\0\0\0\0\0\0\0\0\0\0\0\0\0\0\0\0\0\0\0\0\0\0\0\0\0\0\0\0\0\0\0\0\0\0\0\0\0\0\0\0\0\0\0\0\0\0\0\0\0\0\0\0\0\0\0\0\0\0\0\0\0\0\0\0\0\0\0\0\0\0\0\0\0\0\0\0\0\0\0\0\0\0\0\0\0\0\0\0\0\0\0\0\0\0\0\0\0\0\0\0\0\0\0\0\0\0\0\0\0\0\0\0\0\0\0\0\0\0\0\0\0\0\0\0\0\0\0\0\0\0\0\0\0\0\0\0\0\0\0\0\0\0\0\0\0\0\0\0\0\0\0\0\0\0\0\0\0\0\0\0\0\0\0\0\0\0\0\0\0\0\0\0\0\0\0\0\0\0\0\0\0\0\0\0\0\0\0\0\0\0\0\0\0\0\0\0\0\0\0\0\0\0\0\0\0\0\0\0\0\0\0\0\0\0\0\0\0\0\0\0\0\0\0\0\0\0\0\0\0\0\0\0\0\0\0\0\0\0\0\0\0\0\0\0\0\0\0\0\0\0\0\0\0\0\0\0\0\0\0\0\0\0\0\0\0\0\0\0\0\0\0\0\0\0\0\0\0\0\0\0\0\0\0\0\0\0\0\0\0\0\0\0\0\0\0\0\0\0\0\0\0\0\0\0\0\0\0\0\0\0\0\0\0\0\0\0\0\0\0\0\0\0\0\0\0\0\0\0\0\0\0\0\0\0\0\0\0\0\0\0\0\0\0\0\0\0\0\0\0\0\0\0\0\0\0\0\0\0\0\0\0\0\0\0\0\0\0\0\0\0\0\0\0\0\0\0\0\0\0\0\0\0\0\0\0\0\0\0\0\0\0\0\0\0\0\0\0\0\0\0\0\0\0\0\0\0\0\0\0\0\0\0\0\0\0\0\0\0\0\0\0\0\0\0\0\0\0\0\0\0\0\0\0\0\0\0\0\0\0\0\0\0\0\0\0\0\0\0\0\0\0\0\0\0\0\0\0\0\0\0\0\0\0\0\0\0\0\0\0\0\0\0\0\0\0\0\0\0\0\0\0\0\0\0\0\0\0\0\0\0\0\0\0\0\0\0\0\0\0\0\0\0\0\0\0\0\0\0\0\0\0\0\0\0\0\0\0\0\0\0\0\0\0\0\0\0\0\0\0\0\0\0\0\0\0\0\0\0\0\0\0\0\0\0\0\0\0\0\0\0\0\0\0\0\0\0\0\0\0\0\0\0\0\0\0\0\0\0\0\0\0\0\0\0\0\0\0\0\0\0\0\0\0\0\0\0\0\0\0\0\0\0\0\0\0\0\0\0\0\0\0\0\0\0\0\0\0\0\0\0\0\0\0\0\0\0\0\0\0\0\0\0\0\0\0\0\0\0\0\0\0\0\0\0\0\0\0\0\0\0\0\0\0\0\0\0\0\0\0\0\0\0\0\0\0\0\0\0\0\0\0\0\0\0\0\0\0\0\0\0\0\0\0\0\0\0\0\0\0\0\0\0\0\0\0\0\0\0\0\0\0\0\0\0\0\0\0\0\0\0\0\0\0\0\0\0\0\0\0\0\0\0\0\0\0\0\0\0\0\0\0\0\0\0\0\0\0\0\0\0\0\0\0\0\0\0\0\0\0\0\0\0\0\0\0\0\0\0\0\0\0\0\0\0\0\0\0\0\0\0\0\0\0\0\0\0\0\0\0\0\0\0\0\0\0\0\0\0\0\0\0\0\0\0\0\0\0\0\0\0\0\0\0\0\0\0\0\0\0\0\0\0\0\0\0\0\0\0\0\0\0\0\0\0\0\0\0\0\0\0\0\0\0\0\0\0\0\0\0\0\0\0\0\0\0\0\0\0\0\0\0\0\0\0\0\0\0\0\0\0\0\0\0\0\0\0\0\0\0\0\0\0\0\0\0\0\0\0\0\0\0\0\0\0\0\0\0\0\0\0\0\0\0\0\0\0\0\0\0\0\0\0\0\0\0\0\0\0\0\0\0\0\0\0\0\0\0\0\0\0\0\0\0\0\0\0\0\0\0\0\0\0\0\0\0\0\0\0\0\0\0\0\0\0\0\0\0\0\0\0\0\0\0\0\0\0\0\0\0\0\0\0\0\0\0\0\0\0\0\0\0\0\0\0\0\0\0\0\0\0\0\0\0\0\0\0\0\0\0\0\0\0\0\0\0\0\0\0\0\0\0\0\0\0\0\0\0\0\0\0\0\0\0\0\0\0\0\0\0\0\0\0\0\0\0\0\0\0\0\0\0\0\0\0\0\0\0\0\0\0\0\0\0\0\0\0\0\0\0\0\0\0\0\0\0\0\0\0\0\0\0\0\0\0\0\0\0\0\0\0\0\0\0\0\0\0\0\0\0\0\0\0\0\0\0\0\0\0\0\0\0\0\0\0\0\0\0\0\0\0\0\0\0\0\0\0\0\0\0\0\0\0\0\0\0\0\0\0\0\0\0\0\0\0\0\0\0\0\0\0\0\0\0\0\0\0\0\0\0\0\0\0\0\0\0\0\0\0\0\0\0\0\0\0\0\0\0\0\0\0\0\0\0\0\0\0\0\0\0\0\0\0\0\0\0\0\0\0\0\0\0\0\0\0\0\0\0\0\0\0\0\0\0\0\0\0\0\0\0\0\0\0\0\0\0\0\0\0\0\0\0\0\0\0\0\0\0\0\0\0\0\0\0\0\0\0\0\0\0\0\0\0\0\0\0\0\0\0\0\0\0\0\0\0\0\0\0\0\0\0\0\0\0\0\0\0\0\0\0\0\0\0\0\0\0\0\0\0\0\0\0\0\0\0\0\0\0\0\0\0\0\0\0\0\0\0\0\0\0\0\0\0\0\0\0\0\0\0\0\0\0\0\0\0\0\0\0\0\0\0\0\0\0\0\0\0\0\0\0\0\0\0\0\0\0\0\0\0\0\0\0\0\0\0\0\0\0\0\0\0\0\0\0\0\0\0\0\0\0\0\0\0\0\0\0\0\0\0\0\0\0\0\0\0\0\0\0\0\0\0\0\0\0\0\0\0\0\0\0\0\0\0\0\0\0\0\0\0\0\0\0\0\0\0\0\0\0\0\0\0\0\0\0\0\0\0\0\0\0\0\0\0\0\0\0\0\0\0\0\0\0\0\0\0\0\0\0\0\0\0\0\0\0\0\0\0\0\0\0\0\0\0\0\0\0\0\0\0\0\0\0\0\0\0\0\0\0\0\0\0\0\0\0\0\0\0\0\0\0\0\0\0\0\0\0\0\0\0\0\0\0\0\0\0\0\0\0\0\0\0\0\0\0\0\0\0\0\0\0\0\0\0\0\0\0\0\0\0\0\0\0\0\0\0\0\0\0\0\0\0\0\0\0\0\0\0\0\0\0\0\0\0\0\0\0\0\0\0\0\0\0\0\0\0\0\0\0\0\0\0\0\0\0\0\0\0\0\0\0\0\0\0\0\0\0\0\0\0\0\0\0\0\0\0\0\0\0\0\0\0\0\0\0\0\0\0\0\0\0\0\0\0\0\0\0\0\0\0\0\0\0\0\0\0\0\0\0\0\0\0\0\0\0\0\0\0\0\0\0\0\0\0\0\0\0\0\0\0\0\0\0\0\0\0\0\0\0\0\0\0\0\0\0\0\0\0\0\0\0\0\0\0\0\0\0\0\0\0\0\0\0\0\0\0\0\0\0\0\0\0\0\0\0\0\0\0\0\0\0\0\0\0\0\0\0\0\0\0\0\0\0\0\0\0\0\0\0\0\0\0\0\0\0\0\0\0\0\0\0\0\0\0\0\0\0\0\0\0\0\0\0\0\0\0\0\0\0\0\0\0\0\0\0\0\0\0\0\0\0\0\0\0\0\0\0\0\0\0\0\0\0\0\0\0\0\0\0\0\0\0\0\0\0\0\0\0\0\0\0\0\0\0\0\0\0\0\0\0\0\0\0\0\0\0\0\0\0\0\0\0\0\0\0\0\0\0\0\0\0\0\0\0\0\0\0\0\0\0\0\0\0\0\0\0\0\0\0\0\0\0\0\0\0\0\0\0\0\0\0\0\0\0\0\0\0\0\0\0\0\0\0\0\0\0\0\0\0\0\0\0\0\0\0\0\0\0\0\0\0\0\0\0\0\0\0\0\0\0\0\0\0\0\0\0\0\0\0\0\0\0\0\0\0\0\0\0\0\0\0\0\0\0\0\0\0\0\0\0\0\0\0\0.\0+,D\0\0\0.\0+,4\0\0\0\0\0\0\0\0\0\0\0h\0\0\0\0\0\0p\0\0\0\0\0\0|\0\0\0\0\0\0\0\0\0\0\0\0\0\0\0\0\0\0\0\0\0\0\0\0\0\0\0\0\0\0\0\0\0\0\0\0\0\0\0\0\0\0\0\0\0\r\0\0\0\0\0\0\0\0\0\0\0\0\0\0\0\0\0\0\0\0\0\0\0IT\0\0\0\0\00\0\0\0\0\0\0\r\0\0\0\0\0\0\Z\0\0\0\0\0\0\0\0\0\0\0\0\0\0\0\0\0\0\0\0\0\0\0\0\0\0\0\0\0\0\0\0\0\0\0\0\0\0\0\0\0\0\0\0Rajesh\0\0\0\0\0\0\0\0\0\0\0\0Title\0\0\0\0\0\0\0\0\0\0\0\0\0\0\0\0\0\0\0 \0\0\0\0\0\08\0\0\0\0\0\0@\0\0\0\0\0\0\0\0\0\0\0\0_PID_HLINKS\0\0\0\0\0\0A\0\0\0\0\0\0\0\0\0\0\0J\0Z\0\0\0\0	\0\0\0\0\0\0\0\0\0\0\0\0\0\0\0\0\0\0\0\0\0\0h\0t\0t\0p\0:\0/\0/\0w\0w\0w\0.\0m\0o\0m\0e\0t\0r\0o\0s\0a\0l\0e\0s\0.\0c\0o\0m\0/\0\0\0\0\0\0\0\0\0\0\0\0\0\0\0\0>\07\0\0\0\0\0\0\0\0\0\0\0\0\0\0\0\0\0\0\0\0\0\0\0\0\0\0h\0t\0t\0p\0:\0/\0/\0w\0w\0w\0.\0g\0y\0a\0p\0t\0i\0.\0c\0o\0m\0/\0\0\0\0\0\0\0\0\0\0\0\0\0\0\0\0]\0U\0\0\0\0\0\0\0\0\0\0\0\0\0\0\0\0\0\0\0\0\0\0\0\0\0\0h\0t\0t\0p\0:\0/\0/\0r\0v\0r\0.\0t\0h\0e\0w\0t\0o\0u\0r\0.\0c\0o\0m\0/\0\0\0\0\0\0\0\0\0\0\0\0\0\0\0\0&\0 \0\0\0\0\0\0\0\0\0\0\0\0\0\0\0\0\0\0\0\0\0\0\0\0\0\0\0h\0t\0t\0p\0:\0/\0/\0w\0o\0r\0k\0f\0o\0r\0c\0e\0-\0b\0a\0s\0e\0.\0c\0o\0m\0/\0\0\0\0\0\0\0\0\0\0\0\0\0\0\0\0\0\0\0\0\0\0\0\0\0\0\0\0\0\0\0\0\0\0\0\0\0\0\0\0\0\0\0\0\0\0\0\0\0\0\0\0\0\0\0\0\0\0\0\0\0\0\0\0\0\0\0\0\0\0\0\0\0\0\0\0\0\0\0\0\0\0\0\0\0\0\0\0\0\0\0\0\0\0\0\0\0\0\0\0\0\0\0\0\0\0\0\0\0\0\0\0\0\0\0\0\0\0\0\0\0\0\0\0\0\0\0\0\0\0\0\0\0\0\0\0\0\0\0\0\0\0\0\0\0\0\0\0\0\0\0\0\0\0\0\0\0\0\0\0\0\0\0\0\0\0\0\0\0\0\0\0\0\0\0\0\0\0\0\0\0\0\0\0\0\0\0\0\0\0\0\0\0\0\0\0\0\0\0\0\0\0\0\0\0\0\0\0\0\0\0\0\0\0\0\0\0\0\0\0\0\0\0\0\0\0\0\0\0\0\0\0\0\0\0\0\0\0\0\0\0\0\0\0\0\0\0\0\0\0\0\0\0\0\0\0\0\0\0\0\0\0\0\0\0\0\0\0\0\0\0\0\0\0\0\0\0\0\0\0\0\0\0\0\0\0\0\0\0\0\0\0\0\0\0\0\0\0\0\0\0\0\0\0\0\0\0\0\0\0\0\0\0\0\0\0\0\0\0\0\0\0\0\0\0\0\0\0\0\0\0\0\0\0\0\0\0\0\0\0\0\0\0\0\0\0\0\0\0\0\0\0\0\0\0\0\0\0\0\0\0\0\0\0\0\0\0\0\0\0\0\0\0\0\0\0\0\0\0\0\0\0\0\0\0\0\0\0\0\0\0\0\0\0\0\0\0\0\0\0\0\0\0\0\0\0\0\0\0\0\0\0\0\0\0\0\0\0\0\0\0\0\0\0\0\0\0\0\0\0\0\0\0\0\0\0\0\0\0\0\0\0\0\0\0\0\0\0\0\0\0\0\0\0\0\0\0\0\0\0\0\0\0\0\0\0\0\0\0\0\0\0\0\0\0\0\0\0\0\0\0\0\0\0\0\0\0\0\0\0\0\0\0\0\0\0\0\0\0\0\0\0\0\0\0\0\0\0\0\0\0\0\0\0\0\0\0\0\0\0\0\0\0\0\0\0\0\0\0\0\0\0\0\0\0\0\0\0\0\0\0\0\0\0\0\0\0\0\0\0\0\0\0\0\0\0\0\0\0\0\0\0\0\0\0\0\0\0\0\0\0\0\0\0\0\0\0\0\0\0\0\0\0\0\0\0\0\0\0\0\0\0\0\0\0\0\0\0\0\0\0\0\0\0\0\0\0\0\0\0\0\0\0\0\0\0\0\0\0\0\0\0\0\0\0\0\0\0\0\0\0\0\0\0\0\0\0\0\0\0\0\0\0\0\0\0\0\0\0\0\0\0\0\0\0\0\0\0\0\0\0\0\0\0\0\0\0\0\0\0\0\0\0\0\0\0\0\0\0\0\0\0\0\0\0\0\0\0\0\0\0\0\0\0\0\0\0\0\0\0\0\0\0\0\0\0\0\0\0\0\0\0\0\0\0\0\0\0\0\0\0\0\0\0\0\0\0\0\0\0\0\0\0\0\0\0\0\0\0\0\0\0\0\0\0\0\0\0\0\0\0\0\0\0\0\0\0\0\0\0\0\0\0\0\0\0\0\0\0\0\0\0\0\0\0\0\0\0\0\0\0\0\0\0\0\0\0\0\0\0\0\0\0\0\0\0\0\0\0\0\0\0\0\0\0\0\0\0\0\0\0\0\0\0\0\0\0\0\0\0\0\0\0\0\0\0\0\0\0\0\0\0\0\0\0\0\0\0\0\0\0\0\0\0\0\0\0\0\0\0\0\0\0\0\0\0\0\0\0\0\0\0\0\0\0\0\0\0\0\0\0\0\0\0\0\0\0\0\0\0\0\0\0\0\0\0\0\0\0\0\0\0\0\0\0\0\0\0\0\0\0\0\0\0\0\0\0\0\0\0\0\0\0\0\0\0\0\0\0\0\0\0\0\0\0\0\0\0\0\0\0\0\0\0\0\0\0\0\0\0\0\0\0\0\0\0\0\0\0\0\0\0\0\0\0\0\0\0\0\0\0\0\0\0\0\0\0\0\0\0\0\0\0\0\0\0\0\0\0\0\0\0\0\0\0\0\0\0\0\0\0\0\0\0\0\0\0\0\0\0\0\0\0\0\0\0\0\0\0\0\0\0\0\0\0\0\0\0\0\0\0\0\0\0\0\0\0\0\0\0\0\0\0\0\0\0\0\0\0\0\0\0\0\0\0\0\0\0\0\0\0\0\0\0\0\0\0\0\0\0\0\0\0\0\0\0\0\0\0\0\0\0\0\0\0\0\0\0\0\0\0\0\0\0\0\0\0\0\0\0\0\0\0\0\0\0\0\0\0\0\0\0\0\0\0\0\0\0\0\0\0\0\0\0\0\0\0\0\0\0\0\0\0\0\0\0\0\0\0\0\0\0\0\0\0\0\0\0\0\0\0\0\0\0\0\0\0\0\0\0\0\0\0\0\0\0\0\0\0\0\0\0\0\0\0\0\0\0\0\0\0\0\0\0\0\0\0\0\0\0\0\0\0\0\0\0\0\0\0\0\0\0\0\0\0\0\0\0\0\0\0\0\0\0\0\0\0\0\0\0\0\0\0\0\0\0\0\0\0\0\0\0\0\0\0\0\0\0\0\0\0\0\0\0\0\0\0\0\0\0\0\0\0\0\0\0\0\0\0\0\0\0\0\0\0\0\0\0\0\0\0\0\0\0\0\0\0\0\0\0\0\0\0\0\0\0\0\0\0\0\0\0\0\0\0\0\0\0\0\0\0\0\0\0\0\0\0\0\0\0\0\0\0\0\0\0\0\0\0\0\0\0\0\0\0\0\0\0\0\0\0\0\0\0\0\0\0\0\0\0\0\0\0\0\0\0\0\0\0\0\0\0\0\0\0\0\0\0\0\0\0\0\0\0\0\0\0\0\0\0\0\0\0\0\0\0\0\0\0\0\0\0\0\0\0\0\0\0\0\0\0\0\0\0\0\0\0\0\0\0\0\0\0\0\0\0\0\0\0\0\0\0\0\0\0\0\0\0\0\0\0\0\0\0\0\0\0\0\0\0\0\0\0\0\0\0\0\0\0\0\0\0\0\0\0\0\0\0\0\0\0\0\0\0\0\0\0\0\0\0\0\0\0\0\0\0\0\0\0\0\0\0\0\0\0\0\0\0\0\0\0\0\0\0\0\0\0\0\0\0\0\0\0\0\0\0\0\0\0\0\0\0\0\0\0\0\0\0\0\0\0\0\0\0\0\0\0\0\0\0\0\0\0\0\0\0\0\0\0\0\0\0\0\0\0\0\0\0\0\0\0\0\0\0\0\0\0\0\0\0\0\0\0\0\0\0\0\0\0\0\0\0\0\0\0\0\0\0\0\0\0\0\0\0\0\0\0\0\0\0\0\0\0\0\0\0\0\0\0\0\0\0\0\0\0\0\0\0\0\0\0\0\0\0\0\0\0\0\0\0\0\0\0\0\0\0\0\0\0\0\0\0\0\0\0\0\0\0\0\0\0\0\0\0\0\0\0\0\0\0\0\0\0\0\0\0\0\0\0\0\0\0\0\0\0\0\0\0\0\0\0\0\0\0\0\0\0\0\0\0\0\0\0\0\0\0\0\0\0\0\0\0\0\0\0\0\0\0\0\0\0\0\0\0\0\0\0\0\0\0\0\0\0\0\0\0\0\0\0\0\0\0\0\0\0\0\0\0\0\0\0\0\0\0\0\0\0\0\0\0\0\0\0\0\0\0\0\0\0\0\0\0\0\0\0\0\0\0\0\0\0\0\0\0\0\0\0\0\0\0\0\0\0\0\0\0\0\0\0\0\0\0\0\0\0\0\0\0\0\0\0\0\0\0\0\0\0\0\0\0\0\0\0\0\0\0\0\0\0\0\0\0\0\0\0\0\0\0\0\0\0\0\0\0\0\0\0\0\0\0\0\0\0\0\0\0\0\0\0\0\0\0\0\0\0\0\0\0\0\0\0\0\0\0\0\0\0\0\0\0\0\0\0\0\0\0\0\0\0\0\0\0\0\0\0\0\0\0\0\0\0\0\0\0\0\0\0\0\0\0\0\0\0\0\0\0\0\0\0\0\0\0\0\0\0\0\0\0\0\0\0\0\0\0\0\0\0\0\0\0\0\0\0\0\0\0\0\0\0\0\0\0\0\0\0\0\0\0\0\0\0\0\0\0\0\0\0\0\0\0\0\0\0\0\0\0\0\0\0\0\0\0\0\0\0\0\0\0\0\0\0\0\0\0\0\0\0\0\0\0\0\0\0\0\0\0\0\0\0\0\0\0\0\0\0\0\0\0\0\0\0\0\0\0\0\0\0\0\0\0\0\0\0\0\0\0\0\0\0\0\0\0\0\0\0\0\0\0\0\0\0\0\0\0\0\0\0\0\0\0\0\0\0\0\0\0\0\0\0\0\0\0\0\0\0\0\0\0\0\0\0\0\0\0\0\0\0\0\0\0\0\0\0\0\0\0\0\0\0\0\0\0\0\0\0\0\0\0\0\0\0\0\0\0\0\0\0\0\0\0\0\0\0\0\0\0\0\0\0\0\0\0\0\0\0\0\0\0\0\0\0\0\0\0\0\0\0\0\0\0\0\0\0\0\0\0\0\0\0\0\0\0\0\0\0\0\0\0\0\0\0\0\0\0\0\0\0\0\0\0\0\0\0\0\0\0\0\0\0\0\0\0\0\0\0\0\0\0\0\0\0\0\0\0\0\0\0\0\0\0\0\0\0\0\0\0\0\0\0\0\0\0\0\0\0\0\0\0\0\0\0\0\0\0\0\0\0\0\0\0\0\0\0\0\0\0\0\0\0\0\0\0\0\0\0\0\0\0\0\0\0\0\0\0\0\0\0\0\0\0\0\0\0\0\0\0\0\0\0\0\0\0\0\0\0\0\0\0\0\0\0\0\0\0\0\0\0\0\0\0\0\0\0\0\0\0\0\0\0\0\0\0\0\0\0\0\0\0\0\0\0\0\0\0\0\0\0\0\0\0\0\0\0\0\0\0\0\0\0\0\0\0\0\0\0\0\0\0\0\0\0\0\0\0\0\0\0\0\0\0\0\0\0\0\0\0\0\0\0\0\0\0\0\0\0\0\0\0\0\0\0\0\0\0\0\0\0\0\0\0\0\0\0\0\0\0\0\0\0\0\0\0\0\0\0\0\0\0\0\0\0\0\0\0\0\0\0\0\0\0\0\0\0\0\0\0\0\0\0\0\0\0\0\0\0\0\0\0\0\0\0\0\0\0\0\0\0\0\0\0\0\0\0\0\0\0\0\0\0\0\0\0\0\0\0\0\0\0\0\0\0\0\0\0\0\0\0\0\0\0\0\0\0\0\0\0\0\0\0\0\0\0\0\0\0\0\0\0\0\0\0\0\0\0\0\0\0\0\0\0\0\0\0\0\0\0\0\0\0\0\0\0\0\0\0\0\0\0\0\0\0\0\0\0\0\0\0\0\0\0\0\0\0\0\0\0\0\0\0\0\0\0\0\0\0\0\0\0\0\0\0\0\0\0\0\0\0\0\0\0\0\0\0\0\0\0\0\0\0\0\0\0\0\0\0\0\0\0\0\0\0\0\0\0\0\0\0\0\0\0\0\0\0\0\0\0\0\0\0\0\0\0\0\0\0\0\0\0\0\0\0\0\0\0\0\0\0\0\0\0\0\0\0\0\0\0\0\0\0\0\0\0\0\0\0\0\0\0\0\0\0\0\0\0\0\0\0\0\0\0\0\0\0\0\0\0\0\0\0\0\0\0\0\0\0\0\0\0\0\0\0\0\0\0\0\0\0\0\0\0\0\0\0\0\0\0\0\0\0\0\0\0\0\0\0\0\0\0\0\0\0\0\0\0\0\0\0\0\0\0\0\0\0\0\0\0\0\0\0\0\0\0\0\0\0\0\0\0\0\0\0\0\0\0\0\0\0\0\0\0\0\0\0\0\0\0\0\0\0\0\0\0\0\0\0\0\0\0\0\0\0\0\0\0\0\0\0\0\0\0\0\0\0\0\0\0\0\0\0\0\0\0\0\0\0\0\0\0\0\0\0\0\0\0\0\0\0\0\0\0\0\0\0\0\0\0\0\0\0\0\0\0\0\0\0\0\0\0\0\0\0\0\0\0\0\0\0\0\0\0\0\0\0\0\0\0\0\0\0\0\0\0\0\0\0\0\0\0\0\0\0\0\0\0\0\0\0\0\0\0\0\0\0\0\0\0\0\0\0\0\0\0\0\0\0\0\0\0\0\0\0\0\0\0\0\0\0\0\0\0\0\0\0\0\0\0\0\0\0\0\0\0\0\0\0\0\0\0\0\0\0\0\0\0\0\0\0\0\0\0\0\0\0\0\0\0\0\0\0\0\0\0\0\0\0\0\0\0\0\0\0\0\0\0\0\0\0\0\0\0\0\0\0\0\0\0\0\0\0\0\0\0\0\0\0\0\0\0\0\0\0\0\0\0\0\0\0\0\0\0\0\0\0\0\0\0\0\0\0\0\0\0\0\0\0\0\0\0\0\0\0\0\0\0\0\0\0\0\0\0\0\0\0\0\0\0\0\0\0\0\0\0\0\0\0\0\0\0\0\0\0\0\0\0\0\0\0\0\0\0\0\0\0\0\0\0\0\0\0\0\0\0\0\0\0\0\0\0\0\0\0\0\0\0\0\0\0\0\0\0\0\0\0\0\0\0\0\0\0\0\0\0\0\0\0\0\0\0\0\0\0\0\0\0\0\0\0\0\0\0\0\0\0\0\0\0\0\0\0\0\0\0\0\0\0\0\0\0\0\0\0\0\0\0\0\0\0\0\0\0\0\0\0\0\0\0\0\0\0\0\0\0\0\0\0\0\0\0\0\0\0\0\0\0\0\0\0\0\0\0\0\0\0\0\0\0\0\0\0\0\0\0\0\0\0\0\0\0\0\0\0\0\0\0\0\0\0\0\0\0\0\0\0\0\0\0\0\0\0\0\0\0\0\0\0\0\0\0\0\0\0\0\0\0\0\0\0\0\0\0\0\0\0\0\0\0\0\0\0\0\0\0\0\0\0\0\0\0\0\0\0\0\0\0\0\0\0\0\0\0\0\0\0\0\0\0\0\0\0\0\0\0\0\0\0\0\0\0\0\0\0\0\0\0\0\0\0\0\0\0\0\0\0\0\0\0\0\0\0\0\0\0\0\0\0\0\0\0\0\0\0\0\0\0\0\0\0\0\0\0\0\0\0\0\0\0\0\0\0\0\0\0\0\0\0\0\0\0\0\0\0\0\0\0\0\0\0\0\0\0\0\0\0\0\0\0\0\0\0\0\0\0\0\0\0	\0\0\0\n\0\0\0\0\0\0\0\0\0\r\0\0\0\0\0\0\0\0\0\0\0\0\0\0\0\0\0\0\0\0\0\0\0\0\0\0\0\0\0\0\0\0\0\0\0\0\0\0\0\Z\0\0\0\0\0\0\0\0\0\0\0\0\0\0\0\0\0\0 \0\0\0!\0\0\0\"\0\0\0#\0\0\0$\0\0\0%\0\0\0&\0\0\0\'\0\0\0(\0\0\0)\0\0\0*\0\0\0+\0\0\0-\0\0\0.\0\0\0/\0\0\00\0\0\01\0\0\02\0\0\03\0\0\05\0\0\06\0\0\07\0\0\08\0\0\09\0\0\0:\0\0\0;\0\0\0<\0\0\0=\0\0\0>\0\0\0?\0\0\0@\0\0\0A\0\0\0B\0\0\0C\0\0\0D\0\0\0E\0\0\0F\0\0\0G\0\0\0H\0\0\0I\0\0\0J\0\0\0K\0\0\0L\0\0\0M\0\0\0N\0\0\0O\0\0\0P\0\0\0Q\0\0\0R\0\0\0S\0\0\0T\0\0\0U\0\0\0V\0\0\0W\0\0\0X\0\0\0Y\0\0\0Z\0\0\0[\0\0\0\\\0\0\0^\0\0\0_\0\0\0`\0\0\0a\0\0\0b\0\0\0c\0\0\0d\0\0\0f\0\0\0g\0\0\0h\0\0\0i\0\0\0j\0\0\0k\0\0\0l\0\0\0o\0\0\0R\0o\0o\0t\0 \0E\0n\0t\0r\0y\0\0\0\0\0\0\0\0\0\0\0\0\0\0\0\0\0\0\0\0\0\0\0\0\0\0\0\0\0\0\0\0\0\0\0\0\0\0\0\0\0\0\0\0\0\0\0\0\0	\0\0\0\0\0\0\0\0\0\0\0F\0\0\0\0\0\0\0\0\0\0\0\0+D~q\0\0\0\0\0\0\0\0\0\0D\0a\0t\0a\0\0\0\0\0\0\0\0\0\0\0\0\0\0\0\0\0\0\0\0\0\0\0\0\0\0\0\0\0\0\0\0\0\0\0\0\0\0\0\0\0\0\0\0\0\0\0\0\0\0\0\0\0\0\0\0\0\n\0\0\0\0\0\0\0\0\0\0\0\0\0\0\0\0\0\0\0\0\0\0\0\0\0\0\0\0\0\0\0\0\0\0\0\0\0,\0\0\0\0\0\0\0\0\0\01\0T\0a\0b\0l\0e\0\0\0\0\0\0\0\0\0\0\0\0\0\0\0\0\0\0\0\0\0\0\0\0\0\0\0\0\0\0\0\0\0\0\0\0\0\0\0\0\0\0\0\0\0\0\0\0\0\0\0\0\0\0\0\0\0\0\0\0\0\0\0\0\0\0\0\0\0\0\0\0\0\0\0\0\0\0\0\0\0\0\0\0\0\0\0\0\0\0\0\0\0\0\0\04\0\0\0P\0\0\0\0\0\0W\0o\0r\0d\0D\0o\0c\0u\0m\0e\0n\0t\0\0\0\0\0\0\0\0\0\0\0\0\0\0\0\0\0\0\0\0\0\0\0\0\0\0\0\0\0\0\0\0\0\0\0\0\0\0\0\0\0\Z\0\0\0\0\0\0\0\0\0\0\0\0\0\0\0\0\0\0\0\0\0\0\0\0\0\0\0\0\0\0\0\0\0\0\0\0\0\0\0\0\0\0\0\0\0\0\07V\0\0\0\0\0\0\0S\0u\0m\0m\0a\0r\0y\0I\0n\0f\0o\0r\0m\0a\0t\0i\0o\0n\0\0\0\0\0\0\0\0\0\0\0\0\0\0\0\0\0\0\0\0\0\0\0\0\0\0\0(\0\0\0\0\0\0\0\0\0\0\0\0\0\0\0\0\0\0\0\0\0\0\0\0\0\0\0\0\0\0\0\0\0\0\0\0\0]\0\0\0\0\0\0\0\0\0\0\0D\0o\0c\0u\0m\0e\0n\0t\0S\0u\0m\0m\0a\0r\0y\0I\0n\0f\0o\0r\0m\0a\0t\0i\0o\0n\0\0\0\0\0\0\0\0\0\0\08\0\0\0\0\0\0\0\0\0\0\0\0\0\0\0\0\0\0\0\0\0\0\0\0\0\0\0\0\0\0\0\0\0\0\0\0\0\0\0\0e\0\0\0\0\0\0\0\0\0\0\0C\0o\0m\0p\0O\0b\0j\0\0\0\0\0\0\0\0\0\0\0\0\0\0\0\0\0\0\0\0\0\0\0\0\0\0\0\0\0\0\0\0\0\0\0\0\0\0\0\0\0\0\0\0\0\0\0\0\0\0\0\0\0\0\0\0\0\0\0\0\0\0\0\0\0\0\0\0\0\0\0\0\0\0\0\0\0\0\0\0\0\0\0\0\0\0\0\0\0\0\0y\0\0\0\0\0\0\0\0\0\0\0\0\0\0\0\0\0\0\0\0\0\0\0\0\0\0\0\0\0\0\0\0\0\0\0\0\0\0\0\0\0\0\0\0\0\0\0\0\0\0\0\0\0\0\0\0\0\0\0\0\0\0\0\0\0\0\0\0\0\0\0\0\0\0\0\0\0\0\0\0\0\0\0\0\0\0\0\0\0\0\0\0\0\0\0\0\0\0\0\0\0\0\0\0\0\0\0\0\0\0\0\0\0\0\0\0\0\0\0\0\0\0\0\0\0\0\0\n\0\0	\0\0\0\0\0\0\0\0\0\0\0F\'\0\0\0Microsoft Office Word 97-2003 Document\0\n\0\0\0MSWordDoc\0\0\0\0Word.Document.8\09q\0\0\0\0\0\0\0\0\0\0\0\0\0\0\0\0\0\0\0\0\0\0\0\0\0\0\0\0\0\0\0\0\0\0\0\0\0\0\0\0\0\0\0\0\0\0\0\0\0\0\0\0\0\0\0\0\0\0\0\0\0\0\0\0\0\0\0\0\0\0\0\0\0\0\0\0\0\0\0\0\0\0\0\0\0\0\0\0\0\0\0\0\0\0\0\0\0\0\0\0\0\0\0\0\0\0\0\0\0\0\0\0\0\0\0\0\0\0\0\0\0\0\0\0\0\0\0\0\0\0\0\0\0\0\0\0\0\0\0\0\0\0\0\0\0\0\0\0\0\0\0\0\0\0\0\0\0\0\0\0\0\0\0\0\0\0\0\0\0\0\0\0\0\0\0\0\0\0\0\0\0\0\0\0\0\0\0\0\0\0\0\0\0\0\0\0\0\0\0\0\0\0\0\0\0\0\0\0\0\0\0\0\0\0\0\0\0\0\0\0\0\0\0\0\0\0\0\0\0\0\0\0\0\0\0\0\0\0\0\0\0\0\0\0\0\0\0\0\0\0\0\0\0\0\0\0\0\0\0\0\0\0\0\0\0\0\0\0\0\0\0\0\0\0\0\0\0\0\0\0\0\0\0\0\0\0\0\0\0\0\0\0\0\0\0\0\0\0\0\0\0\0\0\0\0\0\0\0\0\0\0\0\0\0\0\0\0\0\0\0\0\0\0\0\0\0\0\0\0\0\0\0\0\0\0\0\0\0\0\0\0\0\0\0\0\0\0\0\0\0\0\0\0\0\0\0\0\0\0\0\0\0\0\0\0\0\0\0\0\0\0\0\0\0\0\0\0\0\0\0\0\0\0\0\0\0\0\0\0\0\0\0\0\0\0\0\0\0\0\0\0\0\0',740,'company_organizations',NULL,2),
(25,'jhhj','<p>Created by Codrops License: http://tympanus.net/codrops/licensing/ Background Pattern(s) from http://subtlepatterns.com/ http://creativecommons.org/licenses/by-sa/3.0/deed.en_US Images by Sherman Geronimo-Tan: http://www.flickr.com/people/smanography/ http://creativecommons.org/licenses/by/2.0/</p>',740,'company_organizations',NULL,2),
(27,'hiiii','<p>&nbsp;</p>\r\n<!-- base href=\"http://www.fieldrecruitment.co.uk/index.php/component/content/article/97-article/homepage/285-faq\" -->\r\n<p>Field Recruitement Job Portal</p>\r\n<script type=\"text/javascript\" src=\"Field%20Recruitement%20Job%20PortalFAQ_files/mootools-core.js\"></script>\r\n<script type=\"text/javascript\" src=\"Field%20Recruitement%20Job%20PortalFAQ_files/core.js\"></script>\r\n<script type=\"text/javascript\" src=\"Field%20Recruitement%20Job%20PortalFAQ_files/caption.js\"></script>\r\n<script type=\"text/javascript\" src=\"Field%20Recruitement%20Job%20PortalFAQ_files/jquery.js\"></script>\r\n<script type=\"text/javascript\" src=\"Field%20Recruitement%20Job%20PortalFAQ_files/jquery_004.js\"></script>\r\n<script type=\"text/javascript\" src=\"Field%20Recruitement%20Job%20PortalFAQ_files/responsive.js\"></script>\r\n<script type=\"text/javascript\" src=\"Field%20Recruitement%20Job%20PortalFAQ_files/accordion.js\"></script>\r\n<script type=\"text/javascript\" src=\"Field%20Recruitement%20Job%20PortalFAQ_files/lazyloader_002.js\"></script>\r\n<script type=\"text/javascript\" src=\"Field%20Recruitement%20Job%20PortalFAQ_files/lazyloader.js\"></script>\r\n<script type=\"text/javascript\" src=\"Field%20Recruitement%20Job%20PortalFAQ_files/lazyloader_003.js\"></script>\r\n<script type=\"text/javascript\" src=\"Field%20Recruitement%20Job%20PortalFAQ_files/lazyloader_004.js\"></script>\r\n<script type=\"text/javascript\" src=\"Field%20Recruitement%20Job%20PortalFAQ_files/twitter.js\"></script>\r\n<script type=\"text/javascript\" src=\"Field%20Recruitement%20Job%20PortalFAQ_files/mootools-more.js\"></script>\r\n<script type=\"text/javascript\" src=\"Field%20Recruitement%20Job%20PortalFAQ_files/md_stylechanger.js\" defer=\"defer\"></script>\r\n<script type=\"text/javascript\" src=\"Field%20Recruitement%20Job%20PortalFAQ_files/dinamods.js\"></script>\r\n<script type=\"text/javascript\">// <![CDATA[\r\nwindow.addEvent(\'load\', function() {\r\n				new JCaption(\'img.caption\');\r\n			});\r\nwindow[\"WIDGETKIT_URL\"]=\"/media/widgetkit\";\r\nfunction wk_ajax_render_url(widgetid){ return \"/index.php/component/widgetkit/?format=raw&amp;id=\"+widgetid}\r\n$widgetkit.load(\'/media/widgetkit/widgets/lightbox/js/lightbox.js\').done(function(){ \r\n					jQuery(function($){\r\n						$(\'a[data-lightbox]\').lightbox({\"titlePosition\":\"float\",\"transitionIn\":\"fade\",\"transitionOut\":\"fade\",\"overlayShow\":1,\"overlayColor\":\"#777\",\"overlayOpacity\":0.7});\r\n					});\r\n			});\r\n$widgetkit.trans.addDic({\"FROM_ADDRESS\":\"From address: \",\"GET_DIRECTIONS\":\"Get directions\",\"FILL_IN_ADDRESS\":\"Please fill in your address.\",\"ADDRESS_NOT_FOUND\":\"Sorry, address not found!\",\"LOCATION_NOT_FOUND\":\", not found!\"});\r\nif (!window[\'mejs\']) { $widgetkit.load(\'/media/widgetkit/widgets/mediaplayer/mediaelement/mediaelement-and-player.js\').done(function() { jQuery(function($){\r\n				mejs.MediaElementDefaults.pluginPath=\'/media/widgetkit/widgets/mediaplayer/mediaelement/\'; \r\n				$(\'video,audio\').each(function(){\r\n					var ele = $(this);\r\n					if (!ele.parent().hasClass(\'mejs-mediaelement\')) {\r\n						ele.data(\'mediaelement\',new mejs.MediaElementPlayer(this, {\"pluginPath\":\"\\/media\\/widgetkit\\/widgets\\/mediaplayer\\/mediaelement\\/\"}));\r\n\r\n						var w = ele.data(\'mediaelement\').width, h = ele.data(\'mediaelement\').height;\r\n\r\n						$.onMediaQuery(\'(max-width: 767px)\', {\r\n							valid: function(){\r\n								ele.data(\'mediaelement\').setPlayerSize(\'100%\', ele.is(\'video\') ? \'100%\':h);\r\n							},\r\n							invalid: function(){\r\n								var parent_width = ele.parent().width();\r\n\r\n								if (w>parent_width) {\r\n									ele.css({width:\'\',height:\'\'}).data(\'mediaelement\').setPlayerSize(\'100%\', \'100%\');\r\n								} else {\r\n									ele.css({width:\'\',height:\'\'}).data(\'mediaelement\').setPlayerSize(w, h);\r\n								}\r\n							}\r\n						});\r\n\r\n						if ($(window).width() <= 767) {\r\n							ele.data(\'mediaelement\').setPlayerSize(\'100%\', ele.is(\'video\') ? \'100%\':h);\r\n						}\r\n					}\r\n				});\r\n			}); });} else { jQuery(function($){\r\n				mejs.MediaElementDefaults.pluginPath=\'/media/widgetkit/widgets/mediaplayer/mediaelement/\'; \r\n				$(\'video,audio\').each(function(){\r\n					var ele = $(this);\r\n					if (!ele.parent().hasClass(\'mejs-mediaelement\')) {\r\n						ele.data(\'mediaelement\',new mejs.MediaElementPlayer(this, {\"pluginPath\":\"\\/media\\/widgetkit\\/widgets\\/mediaplayer\\/mediaelement\\/\"}));\r\n\r\n						var w = ele.data(\'mediaelement\').width, h = ele.data(\'mediaelement\').height;\r\n\r\n						$.onMediaQuery(\'(max-width: 767px)\', {\r\n							valid: function(){\r\n								ele.data(\'mediaelement\').setPlayerSize(\'100%\', ele.is(\'video\') ? \'100%\':h);\r\n							},\r\n							invalid: function(){\r\n								var parent_width = ele.parent().width();\r\n\r\n								if (w>parent_width) {\r\n									ele.css({width:\'\',height:\'\'}).data(\'mediaelement\').setPlayerSize(\'100%\', \'100%\');\r\n								} else {\r\n									ele.css({width:\'\',height:\'\'}).data(\'mediaelement\').setPlayerSize(w, h);\r\n								}\r\n							}\r\n						});\r\n\r\n						if ($(window).width() <= 767) {\r\n							ele.data(\'mediaelement\').setPlayerSize(\'100%\', ele.is(\'video\') ? \'100%\':h);\r\n						}\r\n					}\r\n				});\r\n			});; }\r\n$widgetkit.load(\'/media/widgetkit/widgets/spotlight/js/spotlight.js\').done(function(){jQuery(function($){ $(\'[data-spotlight]\').spotlight({\"duration\":300}); });});\r\n$widgetkit.trans.addDic({\"LESS_THAN_A_MINUTE_AGO\":\"less than a minute ago\",\"ABOUT_A_MINUTE_AGO\":\"about a minute ago\",\"X_MINUTES_AGO\":\"%s minutes ago\",\"ABOUT_AN_HOUR_AGO\":\"about an hour ago\",\"X_HOURS_AGO\":\"about %s hours ago\",\"ONE_DAY_AGO\":\"1 day ago\",\"X_DAYS_AGO\":\"%s days ago\"});\r\nfunction addLoadEvent(func){if(typeof window.addEvent==\'function\'){window.addEvent(\'load\',function(){func()});}else if(typeof window.onload!=\'function\'){window.onload=func;}else{var oldonload=window.onload;window.onload=function(){if(oldonload){oldonload();}func();}}}\r\naddLoadEvent(function(){\r\nvar Dinamods=new dinamods(\'dm_tabs_1\');\r\nDinamods.setpersist(true);\r\nDinamods.setselectedClassTarget(\'link\');\r\nDinamods.init(0,0);});\r\n  \r\n// ]]></script>\r\n<script type=\"text/javascript\">// <![CDATA[\r\nvar gaJsHost = ((\"https:\" == document.location.protocol) ? \"https://ssl.\" : \"http://www.\");\r\ndocument.write(unescape(\"%3Cscript src=\'\" + gaJsHost + \"google-analytics.com/ga.js\' type=\'text/javascript\'%3E%3C/script%3E\"));\r\n// ]]></script>\r\n<script type=\"text/javascript\" src=\"Field%20Recruitement%20Job%20PortalFAQ_files/ga.js\"></script>\r\n<script type=\"text/javascript\">// <![CDATA[\r\ntry {\r\nvar pageTracker = _gat._getTracker(\"UA-10690452-1\");\r\npageTracker._trackPageview();\r\n} catch(err) {}\r\n// ]]></script>\r\n<!-- BEGIN A1WebStats Activation Code -->\r\n<script type=\"text/javascript\" src=\"Field%20Recruitement%20Job%20PortalFAQ_files/pt.js\"></script>\r\n<script type=\"text/javascript\">// <![CDATA[\r\n  var ptAccount = \"0BAF8A7D-DCF8-47E8-918A-C597B32B60A8\";\r\n\r\n  try { ptInit(ptAccount); } catch (err) { }    \r\n// ]]></script>\r\n<script type=\"text/javascript\" language=\"JavaScript\">// <![CDATA[\r\nptJS = \"1\"\r\n// ]]></script>\r\n<script type=\"text/javascript\" language=\"JavaScript1.1\">// <![CDATA[\r\nptJS = \"1.1\"\r\n// ]]></script>\r\n<script type=\"text/javascript\" language=\"JavaScript1.2\">// <![CDATA[\r\nptJS = \"1.2\"\r\n// ]]></script>\r\n<script type=\"text/javascript\" language=\"JavaScript1.3\">// <![CDATA[\r\nptJS = \"1.3\"\r\n// ]]></script>\r\n<script type=\"text/javascript\" language=\"JavaScript1.4\">// <![CDATA[\r\nptJS = \"1.4\"\r\n// ]]></script>\r\n<script type=\"text/javascript\" language=\"JavaScript1.5\">// <![CDATA[\r\nptJS = \"1.5\"\r\n// ]]></script>\r\n<script type=\"text/javascript\" language=\"JavaScript1.6\">// <![CDATA[\r\nptJS = \"1.6\"\r\n// ]]></script>\r\n<script type=\"text/javascript\" language=\"JavaScript2.0\">// <![CDATA[\r\nptJS = \"2.0\"\r\n// ]]></script>\r\n<div style=\"visibility: visible; z-index: 1000;\"><a href=\"http://www.a1webstats.com/\" target=\"_new\"><img src=\"Field%20Recruitement%20Job%20PortalFAQ_files/stat.txt\" alt=\"\" width=\"1\" height=\"1\" border=\"0\" /></a></div>\r\n<noscript><a href=\"http://www.a1webstats.com/\"><img width=\"1\" height=\"1\" src=\"//www.a1webstats.com/stats/stat-nojs.aspx?ac=0BAF8A7D-DCF8-47E8-918A-C597B32B60A8\" alt=\"google analytics alternative\" /></a></noscript><!-- END A1WebStats Activation Code -->\r\n<script type=\"text/javascript\" src=\"Field%20Recruitement%20Job%20PortalFAQ_files/hide.js\"></script>\r\n<script type=\"text/javascript\" src=\"Field%20Recruitement%20Job%20PortalFAQ_files/jquery_005.js\"></script>\r\n<script type=\"text/javascript\" src=\"Field%20Recruitement%20Job%20PortalFAQ_files/jquery-latest.js\"></script>\r\n<script type=\"text/javascript\" src=\"Field%20Recruitement%20Job%20PortalFAQ_files/jquery_003.js\"></script>\r\n<script type=\"text/javascript\" src=\"Field%20Recruitement%20Job%20PortalFAQ_files/jquery_002.js\"></script>\r\n<script type=\"text/javascript\">// <![CDATA[\r\n            // Wait until the DOM has loaded before querying the document\r\n            $(document).ready(function(){\r\n                $(\'ul.tabs\').each(function(){\r\n                    // For each set of tabs, we want to keep track of\r\n                    // which tab is active and it\'s associated content\r\n                    var $active, $content, $links = $(this).find(\'a\');\r\n\r\n                    // If the location.hash matches one of the links, use that as the active tab.\r\n                    // If no match is found, use the first link as the initial active tab.\r\n                    $active = $($links.filter(\'[href=\"\'+location.hash+\'\"]\')[0] || $links[0]);\r\n                    $active.addClass(\'active\');\r\n                    $content = $($active.attr(\'href\'));\r\n\r\n                    // Hide the remaining content\r\n                    $links.not($active).each(function () {\r\n                        $($(this).attr(\'href\')).hide();\r\n                    });\r\n\r\n                    // Bind the click event handler\r\n                    $(this).on(\'click\', \'a\', function(e){\r\n                        // Make the old tab inactive.\r\n                        $active.removeClass(\'active\');\r\n                        $content.hide();\r\n\r\n                        // Update the variables with the new link and content\r\n                        $active = $(this);\r\n                        $content = $($(this).attr(\'href\'));\r\n\r\n                        // Make the tab active.\r\n                        $active.addClass(\'active\');\r\n                        $content.show();\r\n\r\n                        // Prevent the anchor\'s default click action\r\n                        e.preventDefault();\r\n                    });\r\n                });\r\n                            });\r\n        \r\n// ]]></script>\r\n<div id=\"bluetop\">&nbsp;</div>\r\n<div id=\"mid\">\r\n<div id=\"logopart\">\r\n<div id=\"emailcontact\">\r\n<div class=\"custom\">\r\n<div id=\"emailcontact\">\r\n<div class=\"contactno\">\r\n<div class=\"contactno\">01793 640204</div>\r\n</div>\r\n<div class=\"emailid\">Email Us :\r\n<script type=\"text/javascript\">// <![CDATA[\r\n var prefix = \'&#109;a\' + \'i&#108;\' + \'&#116;o\';\r\n var path = \'hr\' + \'ef\' + \'=\';\r\n var addy32762 = \'&#101;nq&#117;&#105;r&#105;&#101;s\' + \'&#64;\';\r\n addy32762 = addy32762 + \'f&#105;&#101;ldr&#101;cr&#117;&#105;tm&#101;nt\' + \'&#46;\' + \'c&#111;\' + \'&#46;\' + \'&#117;k\';\r\n var addy_text32762 = \'&#101;nq&#117;&#105;r&#105;&#101;s\' + \'&#64;\' + \'f&#105;&#101;ldr&#101;cr&#117;&#105;tm&#101;nt\' + \'&#46;\' + \'c&#111;\' + \'&#46;\' + \'&#117;k\';\r\n document.write(\'<a \' + path + \'\\\'\' + prefix + \':\' + addy32762 + \'\\\'>\');\r\n document.write(addy_text32762);\r\n document.write(\'<\\/a>\');\r\n //-->\\n \r\n// ]]></script>\r\n<a href=\"mailto:enquiries@fieldrecruitment.co.uk\">enquiries@fieldrecruitment.co.uk</a>\r\n<script type=\"text/javascript\">// <![CDATA[\r\n document.write(\'<span style=\\\'display: none;\\\'>\');\r\n// ]]></script>\r\n<span style=\"display: none;\">This email address is being protected from spambots. You need JavaScript enabled to view it.\r\n<script type=\"text/javascript\">// <![CDATA[\r\n document.write(\'</\');\r\n document.write(\'span>\');\r\n// ]]></script>\r\n</span></div>\r\n</div>\r\n</div>\r\n</div>\r\n</div>\r\n<div id=\"mainnavvv\">\r\n<div id=\"menutop\">\r\n<ul class=\"menu\">\r\n<li class=\"item-506\"><a href=\"http://www.fieldrecruitment.co.uk/\"><img src=\"Field%20Recruitement%20Job%20PortalFAQ_files/main0.jpg\" alt=\"Main\" /></a></li>\r\n<li class=\"item-507\"><a href=\"http://www.fieldrecruitment.co.uk/index.php/employers\"><img src=\"Field%20Recruitement%20Job%20PortalFAQ_files/employe1.jpg\" alt=\"Employers\" /></a></li>\r\n<li class=\"item-508\"><a href=\"http://www.fieldrecruitment.co.uk/index.php/candidates\"><img src=\"Field%20Recruitement%20Job%20PortalFAQ_files/candidate1.jpg\" alt=\"candidates\" /></a></li>\r\n<li class=\"item-509\"><a href=\"http://www.fieldrecruitment.co.uk/jobs/\"><img src=\"Field%20Recruitement%20Job%20PortalFAQ_files/jobs1.jpg\" alt=\"jobs\" /></a></li>\r\n</ul>\r\n</div>\r\n<div id=\"navigation-bar\">\r\n<div id=\"navnew\">\r\n<ul class=\"menu\">\r\n<li class=\"item-435 current\"><a href=\"http://www.fieldrecruitment.co.uk/\"><img src=\"Field%20Recruitement%20Job%20PortalFAQ_files/homeicon.png\" alt=\"Home\" /><span class=\"image-title\">Home</span> </a></li>\r\n<li class=\"item-476\"><a href=\"http://www.fieldrecruitment.co.uk/index.php/about-us\">About Us</a></li>\r\n<li class=\"item-510\"><a href=\"http://www.fieldrecruitment.co.uk/index.php/employers/297-corporate-recruitment-services\">corporate services</a></li>\r\n<li class=\"item-479\"><a href=\"http://www.fieldrecruitment.co.uk/index.php/job-posting/123-free-job-post\">Job Posting</a></li>\r\n<li class=\"item-511\"><a href=\"http://www.fieldrecruitment.co.uk/index.php/component/content/article/97-article/homepage/285-faq\">faq</a></li>\r\n<li class=\"item-480\"><a href=\"http://www.fieldrecruitment.co.uk/index.php/contact-with-field-recruitement\">Contact Us</a></li>\r\n</ul>\r\n</div>\r\n<div id=\"registernow\">&nbsp;</div>\r\n</div>\r\n<div id=\"navright\">&nbsp;</div>\r\n</div>\r\n<div id=\"frame\">&nbsp;</div>\r\n<div id=\"midgap\">&nbsp;</div>\r\n<div style=\"clear: both;\">&nbsp;</div>\r\n<div id=\"mainmid\">\r\n<div id=\"midleft\">\r\n<div id=\"midimglinkss\">\r\n<div class=\"item-page\">\r\n<div><span> <a href=\"http://www.fieldrecruitment.co.uk/\" rel=\"v:url\"> home </a> &rsaquo; </span><span><a rel=\"v:url\">faqs</a></span></div>\r\n<p><strong>&nbsp;</strong></p>\r\n<h3>Frequently Asked Questions (FAQs)</h3>\r\n<p><strong>&nbsp;</strong></p>\r\n<p><strong style=\"line-height: 1.3em;\">What information do I need to provide to register for temporary work?</strong></p>\r\n<p><strong>Current CV:</strong> Detailing a minimum 5 years history (months and years are acceptable) with no gaps.</p>\r\n<p><strong>Identification:</strong> A valid UK passport, Visa or EU identification. If this is not available then you will need to provide a birth certificate along with your NI number and alternative photographic ID (driving license &amp; counterpart for example).</p>\r\n<p><strong>NI Details:</strong> We will need proof of your NI number. This can be your NI card, payslip, P45, P46. (The date of this document is not relevant).</p>\r\n<p><strong>Proof of Address:</strong> To register for certain vacancies you will need to provide proof of address for a credit check. This can be a bank statement, utility bill, Council tax bill or TV license etc. The document needs to be dated in the last 2 months to be accepted.</p>\r\n<p><strong> <br />If I have had CCJ&rsquo;s, been declared bankrupt or missed payments on my mortgage, loans or credit cards can I still apply for temporary work? </strong></p>\r\n<p>For certain vacancies we need to perform a credit check due to the nature of our clients business. Unfortunately, if you have had any of the above will you fail the credit check and therefore not eligible to work for that particular client. We do work with many organisations and would work with you to try and place you elsewhere.</p>\r\n<p><strong><br />How can I be assured of confidentiality and know that my CV will not be sent out without my permission?</strong></p>\r\n<p>We are full corporate members of the Recruitment and Employment Confederation and fully comply with the REC Code of Good Recruitment Practice giving you assurance that you&rsquo;re CV and information is dealt with in the correct manner. We will always contact you first before sending your CV to a client.</p>\r\n<p><strong><br />You have thousands of jobs on your website, are you a job board or a recruitment agency? </strong></p>\r\n<p>Were both! Traditionally we are a high street recruitment agency that has decided to offer something more. We have decided to combine the benefits of agency recruitment with an online service: We can now offer you everything from FREE vacancy posting to a full managed service encompassing skills testing and background checks. <br /><br /><strong>What industry sectors do you recruit for? </strong></p>\r\n<p>As an agency we recruit very heavily into the Commercial, Industrial and Engineering sectors covering all types of vacancies from Administration and Sales to Production and Senior engineers. Check out our industry sectors page under the Employer section of the site for more information.</p>\r\n<p><br /><strong>Do you offer additional services on top of the FREE job posting service?</strong><br />We certainly do, we are able to offer additional services such as Skills testing and candidate background checking &amp; referencing. You can add these individual services as and when or we can manage the whole process for you with all services included. Check out the Corporate Services and Employer section of the website for more information.</p>\r\n<p><strong><br />What is Pre-employment Skills testing? </strong></p>\r\n<p>A Pre-employment skills test can be an invaluable tool to assess the personality and knowledge of an applicant and explore how they meet the basic requirements of your vacancies.</p>\r\n</div>\r\n</div>\r\n<div id=\"custombottom\">&nbsp;</div>\r\n</div>\r\n<div id=\"midright\">\r\n<div id=\"right-login\">\r\n<div class=\"moduletable\">\r\n<div id=\"dm_tabs_1\">\r\n<ul class=\"dm_menu_1\">\r\n<li class=\"dm_menu_item_1 employer-login\"><a class=\"dm_selected\" href=\"#\" rel=\"dm_tab_1_1\">Employer Login</a></li>\r\n<li class=\"dm_menu_item_1 candidate-login\"><a href=\"#\" rel=\"dm_tab_1_2\">Candidate Login</a></li>\r\n</ul>\r\n</div>\r\n<br style=\"clear: left;\" />\r\n<div id=\"dm_container_1\">\r\n<div id=\"dm_tab_1_1\" class=\"dm_tabcontent\" style=\"display: block;\">\r\n<div class=\"application_login \" style=\"overflow: hidden !important;\"><form id=\"login\" action=\"/jobs/login.php\" method=\"post\" accept-charset=\"UTF-8\"><fieldset>\r\n<div class=\"user-name\"><label for=\"account_username\"><strong>User Name:</strong></label> <input id=\"account_username\" type=\"text\" name=\"account_username\" maxlength=\"50\" /></div>\r\n<div class=\"password\"><label for=\"account_password\"><strong>Password:</strong></label> <input id=\"account_password\" type=\"password\" name=\"account_password\" maxlength=\"50\" /></div>\r\n<div class=\"pass\">&nbsp;</div>\r\n<div class=\"submit-btn-div\">\r\n<div class=\"forgot-pass\"><a href=\"http://www.fieldrecruitment.co.uk/jobs/forgot_password.php\">Forgot Password?</a></div>\r\n<div class=\"submit-btn\"><input type=\"submit\" name=\"Submit\" value=\"Login\" /></div>\r\n</div>\r\n<div class=\"login-text\"><span class=\"login-text-span1\">Not Registered</span> Signing up is easy</div>\r\n<div style=\"clear: both;\">&nbsp;</div>\r\n<div class=\"register-now\"><a href=\"http://www.fieldrecruitment.co.uk/jobs/employer_registration.php\">Register Now</a></div>\r\n</fieldset></form></div>\r\n</div>\r\n<div id=\"dm_tab_1_2\" class=\"dm_tabcontent\">\r\n<div class=\"application_login \" style=\"overflow: hidden !important;\"><form id=\"login\" action=\"/jobs/login.php\" method=\"post\" accept-charset=\"UTF-8\"><fieldset>\r\n<div class=\"user-name\"><label for=\"account_username\"><strong>User Name:</strong></label> <input id=\"account_username\" type=\"text\" name=\"account_username\" maxlength=\"50\" /></div>\r\n<div class=\"password\"><label for=\"account_password\"><strong>Password:</strong></label> <input id=\"account_password\" type=\"password\" name=\"account_password\" maxlength=\"50\" /></div>\r\n<div class=\"pass\">&nbsp;</div>\r\n<div class=\"submit-btn-div\">\r\n<div class=\"forgot-pass\"><a href=\"http://www.fieldrecruitment.co.uk/jobs/forgot_password.php\">Forgot Password?</a></div>\r\n<div class=\"submit-btn\"><input type=\"submit\" name=\"Submit\" value=\"Login\" /></div>\r\n</div>\r\n<div class=\"login-text\"><span class=\"login-text-span1\">Not Registered</span> Signing up is easy</div>\r\n<div style=\"clear: both;\">&nbsp;</div>\r\n<div class=\"register-now\"><a href=\"http://www.fieldrecruitment.co.uk/jobs/candidate_registration.php\">Register Now</a></div>\r\n</fieldset></form></div>\r\n</div>\r\n</div>\r\n</div>\r\n</div>\r\n<div class=\"custom\">\r\n<p><a href=\"http://www.fieldrecruitment.co.uk/index.php/job-posting/123-free-job-post\"><img title=\"Recruiting - source all your candidates for free using our job posting service\" src=\"Field%20Recruitement%20Job%20PortalFAQ_files/recruiting.png\" alt=\"Free Candidate Recruiting and Job Posting\" width=\"256\" height=\"177\" /></a></p>\r\n<div class=\"midddrightgap\">&nbsp;</div>\r\n</div>\r\n<div class=\"custom\">\r\n<p><a href=\"http://www.fieldrecruitment.co.uk/jobs/\"><img title=\"Browse and search our job board containing current UK job openings\" src=\"Field%20Recruitement%20Job%20PortalFAQ_files/job_vacancies.png\" alt=\"Search job vacancies\" width=\"256\" height=\"177\" /></a></p>\r\n<div class=\"midddrightgap\">&nbsp;</div>\r\n</div>\r\n<div class=\"custom\">\r\n<p><a href=\"http://www.fieldrecruitment.co.uk/index.php/candidates\"><img title=\"help and advice for candidates looking for work and those temping for Field Recdruitment\" src=\"Field%20Recruitement%20Job%20PortalFAQ_files/candidate_help.png\" alt=\"help and advise for candidates\" width=\"256\" height=\"177\" /></a></p>\r\n<div class=\"midddrightgap\">&nbsp;</div>\r\n</div>\r\n<div class=\"custom\">\r\n<p><img src=\"Field%20Recruitement%20Job%20PortalFAQ_files/FILED-HOME_12.jpg\" alt=\"FILED-HOME 12\" width=\"265\" height=\"115\" /></p>\r\n</div>\r\n</div>\r\n</div>\r\n<div id=\"bottomgap\">&nbsp;</div>\r\n<div style=\"clear: both;\">&nbsp;</div>\r\n<div id=\"bottombg\">\r\n<div id=\"bottompart\">\r\n<div class=\"custom\">\r\n<div id=\"bottompart1\">\r\n<div class=\"listss\"><strong>JOB SEEKERS</strong>\r\n<div class=\"line\">&nbsp;</div>\r\n<ul class=\"bottomlist\">\r\n<li><a title=\"Jobs by Sector\" href=\"http://www.fieldrecruitment.co.uk/jobs/\">Jobs By Sector</a></li>\r\n<li><a title=\"Jobs by Location\" href=\"http://www.fieldrecruitment.co.uk/jobs/index.php?tab=LocationTab\">Jobs By Location</a></li>\r\n<li><a title=\"Jobs by Employer\" href=\"http://www.fieldrecruitment.co.uk/jobs/recruiters.php\">Jobs By Employer</a></li>\r\n<li><a title=\"Help &amp; Advice on Job Hunting\" href=\"http://www.fieldrecruitment.co.uk/index.php/job-posting/214-job-hunting-help\">Job Hunting Help</a></li>\r\n<li><a title=\"Career Advice and Help\" href=\"http://www.fieldrecruitment.co.uk/index.php/job-posting/110-career-advice\">Career Advice</a></li>\r\n</ul>\r\n</div>\r\n<div class=\"listss\"><strong>SERVICES</strong>\r\n<ul class=\"bottomlist\">\r\n<li><a title=\"Free candidate soucing with Field\'s on-line job posting service\" href=\"http://www.fieldrecruitment.co.uk/index.php/job-posting/123-free-job-post\">Job Posting</a></li>\r\n<li><a title=\"Search all current job vacancies\" href=\"http://www.fieldrecruitment.co.uk/jobs/index.php?tab=SearchTab\">Job Search</a></li>\r\n<li><a title=\"Executive Jobs and Help\" href=\"http://www.fieldrecruitment.co.uk/jobs/index.php?pageType=search&amp;job_salary_range_min=50000\">Executive Jobs</a></li>\r\n<li><a href=\"http://www.fieldrecruitment.co.uk/index.php/employers/136-specialist-sectors\">Specialist Sectors</a></li>\r\n<li><a title=\"Candidate Skills Testing\" href=\"http://www.fieldrecruitment.co.uk/index.php/job-posting/151-testing-training\">Candidate Skills Testing</a></li>\r\n<li><a title=\"Background Screening\" href=\"http://www.fieldrecruitment.co.uk/index.php/job-posting/108-screening\">Background Screening</a></li>\r\n</ul>\r\n</div>\r\n<div class=\"listss\"><strong>QUICK LINKS</strong>\r\n<ul class=\"bottomlist\">\r\n<li><a title=\"Swindon Jobs\" href=\"http://www.fieldrecruitment.co.uk/\">Home<br /></a></li>\r\n<li><a title=\"View our latest UK job vacancies\" href=\"http://www.fieldrecruitment.co.uk/jobs/\">Job Vacancies</a></li>\r\n<li><a title=\"Corporate Recruitment Services\" href=\"http://www.fieldrecruitment.co.uk/index.php/employers\">Corporate Recruitment</a></li>\r\n<li><a title=\"Candidate Recruitment Services\" href=\"http://www.fieldrecruitment.co.uk/index.php/candidates\"> Candidate Recruitment</a></li>\r\n</ul>\r\n</div>\r\n</div>\r\n</div>\r\n<div class=\"custom\">\r\n<div id=\"bottompart2\">\r\n<div class=\"smobg\" style=\"text-align: justify;\"><a title=\"Connect with us on LinkedIn\" href=\"http://www.linkedin.com/company/2268728\" target=\"_blank\"><img src=\"Field%20Recruitement%20Job%20PortalFAQ_files/in.jpg\" alt=\"LinkedIn\" width=\"25\" height=\"25\" /></a>&nbsp;<a href=\"http://www.fieldrecruitment.co.uk/jobs/rss.php\"><img src=\"Field%20Recruitement%20Job%20PortalFAQ_files/r.jpg\" alt=\"r\" width=\"25\" height=\"25\" /></a>&nbsp;<a title=\"Follow us on Twitter\" href=\"http://twitter.com/FieldRecJobs\" target=\"_blank\"><img src=\"Field%20Recruitement%20Job%20PortalFAQ_files/t.jpg\" alt=\"Twitter\" width=\"25\" height=\"25\" /></a>&nbsp;<a title=\"Follow us on Facebook\" href=\"https://www.facebook.com/FieldRecruitment\" target=\"_blank\"><img src=\"Field%20Recruitement%20Job%20PortalFAQ_files/f.jpg\" alt=\"Facebook\" width=\"25\" height=\"25\" /></a>&nbsp;<a title=\"Follow us on Google Plus\" href=\"https://plus.google.com/107791755709809379429\" target=\"_blank\"><img src=\"Field%20Recruitement%20Job%20PortalFAQ_files/gplus.png\" alt=\"Google+\" width=\"25\" height=\"25\" /></a></div>\r\n<div class=\"smogap\">&nbsp;</div>\r\n<div class=\"addbg\">14 Commercial Road, Swindon, <br />Wiltshire,&nbsp;SN1 5NF, United Kingdom<br /> Tel: 01793 640204<br /> Fax: 01793 512847</div>\r\n<div class=\"smogap\">&nbsp;</div>\r\n<div class=\"pleasecall\"><a href=\"http://www.fieldrecruitment.co.uk/index.php?option=com_content&amp;view=article&amp;id=290\"><img title=\"Request a call back from Field Recruitment\" src=\"Field%20Recruitement%20Job%20PortalFAQ_files/call_back.jpg\" alt=\"call back\" width=\"287\" height=\"58\" /></a></div>\r\n</div>\r\n</div>\r\n</div>\r\n<div id=\"bottompartcopyright\">\r\n<div class=\"custom\">\r\n<div class=\"section1\">Copyright 2013, <span style=\"color: #ffffff;\"><a style=\"text-decoration: none;\" href=\"https://plus.google.com/107791755709809379429?rel=author\"><span style=\"color: #ffffff;\">Field Recruitment Limited</span> </a> </span> (Registered as a UK company no. 564 5374)</div>\r\n<div class=\"section2\"><a href=\"http://www.fieldrecruitment.co.uk/index.php/component/content/article/97-article/homepage/98-terms-and-conditions\" rel=\"nofollow\">Terms and Conditions</a><a href=\"http://www.fieldrecruitment.co.uk/index.php/component/content/article/97-article/homepage/97-privacy-policy\" rel=\"nofollow\">Privacy</a><a href=\"http://www.fieldrecruitment.co.uk/index.php/component/content/article/97-article/homepage/95-cookie-policy\" rel=\"nofollow\">Cookies</a><a href=\"http://www.fieldrecruitment.co.uk/index.php/component/content/article/97-article/homepage/96-equal-opportunities\" rel=\"nofollow\">Equal Opportunity</a><a href=\"http://www.fieldrecruitment.co.uk/index.php/sitemap\">Sitemap</a><a href=\"http://www.fieldrecruitment.co.uk/jobs/xml_sitemap.php\">XML </a><img src=\"http://dugun.com/images/couple/2/29/v1-wp1343652771.jpg\" alt=\"\" width=\"300\" height=\"220\" /></div>\r\n</div>\r\n</div>\r\n</div>\r\n<div style=\"clear: both;\">&nbsp;</div>\r\n</div>\r\n<div id=\"lightbox-tmp\">&nbsp;</div>\r\n<div id=\"lightbox-loading\">&nbsp;</div>\r\n<div id=\"lightbox-overlay\" style=\"display: none;\">&nbsp;</div>',773,'local_business',NULL,340),
(28,'jiiii','kjhkjhkj',773,'local_business',NULL,340);

/*Table structure for table `text_banner_ad` */

DROP TABLE IF EXISTS `text_banner_ad`;

CREATE TABLE `text_banner_ad` (
  `ID` bigint(10) NOT NULL,
  `DESCRIPTION` varchar(255) DEFAULT NULL,
  `MIN_PAY_OUT_PER_DAR` bigint(10) DEFAULT NULL,
  `MIN_PAY_OUT` bigint(10) DEFAULT NULL,
  `START_DATE` date DEFAULT NULL,
  `END_DATE` date DEFAULT NULL,
  `TOTAL_PRICE` bigint(10) DEFAULT NULL,
  `SHOP_CATEGORY_ID` bigint(10) DEFAULT NULL,
  PRIMARY KEY (`ID`)
) ENGINE=InnoDB DEFAULT CHARSET=latin1;

/*Data for the table `text_banner_ad` */

/*Table structure for table `user` */

DROP TABLE IF EXISTS `user`;

CREATE TABLE `user` (
  `ID` bigint(10) NOT NULL AUTO_INCREMENT,
  `NAME` varchar(100) NOT NULL,
  `UPDATED_DATE` datetime NOT NULL,
  `CREATED_DATE` datetime NOT NULL,
  `DESCRIPTION` longtext,
  `FIRST_NAME` varchar(50) NOT NULL,
  `LAST_NAME` varchar(50) NOT NULL,
  `EMAIL` varchar(50) NOT NULL,
  `PASSWORD` varchar(50) NOT NULL,
  `CONTACT_NUMBER` varchar(21) DEFAULT NULL,
  `MOBILE_NUMBER` varchar(21) DEFAULT NULL,
  `HOUSE_NAME` varchar(255) DEFAULT NULL,
  `ROLE` bigint(10) DEFAULT NULL,
  `ADDRESS_ID` bigint(10) DEFAULT NULL,
  `IS_ACTIVE` tinyint(1) NOT NULL DEFAULT '0',
  `INVITATION_KEY` varchar(255) NOT NULL,
  `BUSINESS_CATEGORY_ID` int(3) NOT NULL DEFAULT '1',
  `FACEBOOK_ID` bigint(20) DEFAULT NULL,
  PRIMARY KEY (`ID`),
  UNIQUE KEY `EMAIL` (`EMAIL`),
  KEY `FK_USER_ROLE` (`ROLE`),
  KEY `FK_USER_ADDRESS` (`ADDRESS_ID`)
) ENGINE=MyISAM AUTO_INCREMENT=33 DEFAULT CHARSET=latin1;

/*Data for the table `user` */

insert into `user` values 
(1,'Mybuy4u_Manager','2009-05-11 22:22:53','2009-05-11 22:22:19','Manager, Dehradun, Uttarakhand','Mybuy4u_Manager','Dehradun','manager_dehradun@soarlogic.com','94a4fc548e024f1365c9f68d49c93134ff13cb5a','01352669570','09759349200','#156',5,103,1,'7e59d6fc-f6a2-4f28-9ff0-73425b77f704',0,NULL),
(32,'salman','2014-01-03 10:15:41','2014-01-03 10:15:41',NULL,'vicky','singh','vikas.singh@soarlogic.com','7c222fb2927d828af22f592134e8932480637c0d',NULL,'',NULL,1,3253,1,'52C6407537B7E1.00275814',1,NULL);

/*Table structure for table `user_image` */

DROP TABLE IF EXISTS `user_image`;

CREATE TABLE `user_image` (
  `ID` bigint(10) NOT NULL AUTO_INCREMENT,
  `USER_ID` bigint(10) NOT NULL,
  `IMAGE_PATH` varchar(100) NOT NULL,
  PRIMARY KEY (`ID`),
  KEY `FK_USER_IMAGE_USER_ID` (`USER_ID`)
) ENGINE=MyISAM DEFAULT CHARSET=utf8;

/*Data for the table `user_image` */

/*Table structure for table `vehicle` */

DROP TABLE IF EXISTS `vehicle`;

CREATE TABLE `vehicle` (
  `ID` bigint(10) NOT NULL AUTO_INCREMENT,
  `UPDATED_DATE` datetime NOT NULL,
  `CREATED_DATE` datetime NOT NULL,
  `NAME` varchar(255) NOT NULL,
  `DESCRIPTION` varchar(255) NOT NULL,
  `TYPE` varchar(255) DEFAULT NULL,
  `MODEL` varchar(255) NOT NULL,
  `COLOR_UNIT` varchar(255) NOT NULL,
  `VEHICLE_NUMBER` varchar(255) NOT NULL,
  `PERMIT` varchar(255) DEFAULT NULL,
  `INSURANCE` varchar(255) NOT NULL,
  `COST` varchar(255) NOT NULL,
  `COST_UNIT` varchar(10) NOT NULL DEFAULT 'INR',
  `SELLER_NAME` varchar(255) NOT NULL,
  `CONTACT_NUMBER` varchar(255) DEFAULT NULL,
  `MOBILE_NUMBER` varchar(255) NOT NULL,
  `AREA_NAME` varchar(255) NOT NULL,
  `AREA_CODE` varchar(255) NOT NULL,
  `CITY` bigint(10) NOT NULL,
  `SHOP_ID` bigint(10) NOT NULL,
  `IS_USED` tinyint(1) NOT NULL DEFAULT '0',
  PRIMARY KEY (`ID`),
  KEY `FK_VEHICLE_CITY` (`CITY`),
  KEY `FK_VEHICLE_SHOP_ID` (`SHOP_ID`)
) ENGINE=MyISAM AUTO_INCREMENT=15 DEFAULT CHARSET=latin1;

/*Data for the table `vehicle` */

/*Table structure for table `vehicle_accessory` */

DROP TABLE IF EXISTS `vehicle_accessory`;

CREATE TABLE `vehicle_accessory` (
  `ID` bigint(10) NOT NULL AUTO_INCREMENT,
  `NAME` varchar(255) NOT NULL,
  `BRAND_NAME` varchar(255) NOT NULL,
  `SIZE` varchar(12) DEFAULT NULL,
  `COST` double NOT NULL,
  `COST_UNIT` varchar(6) NOT NULL DEFAULT 'INR',
  `DESCRIPTION` varchar(255) NOT NULL,
  `UPDATED_DATE` datetime NOT NULL,
  `CREATED_DATE` datetime NOT NULL,
  `SHOP_ID` bigint(10) NOT NULL,
  PRIMARY KEY (`ID`)
) ENGINE=MyISAM AUTO_INCREMENT=9 DEFAULT CHARSET=utf8;

/*Data for the table `vehicle_accessory` */

insert into `vehicle_accessory` values 
(1,'tyuiui','hghjgj','',26565,'INR','dgfhgfhjghjg 1234567890 ,./;\'[]\\?\"{}|@#$%&','2013-08-08 13:51:34','2013-08-08 13:51:34',19),
(2,'oopkljl','pouuyu','',2365898,'INR','qwertyuiop1234567890,./;\'[]\\','2013-08-08 13:52:09','2013-08-08 13:52:09',19),
(3,'bhgh','qwe','',4568,'INR','asdfghjkl;\'//.,[]\\21234567890','2013-08-08 13:52:44','2013-08-08 13:52:44',19),
(4,'tyuu','dgfg','',2315,'INR','yuighjgbhnvbbv 1234567890 @#$%&','2013-08-08 13:53:23','2013-08-08 13:53:23',19),
(5,'yuyiu','qwee','',8956,'INR','qwertyuiop[]\\\';/.,mnbvcx1234567890','2013-08-08 13:54:11','2013-08-08 13:54:11',19),
(6,'etryty','cgfgh','',2365,'INR','adgffhjgkj;;l\'[]\\/.,1234567890','2013-08-08 13:55:07','2013-08-08 13:55:07',19),
(7,'bhuuytr','cbvn','',256,'INR','rdfhgkjlk1234567890','2013-08-08 13:55:53','2013-08-08 13:55:53',19),
(8,'dfgh','ghjgb','',235,'INR','1234567890]\\[\'/;.,','2013-08-08 13:56:37','2013-08-08 13:56:37',19);

/*Table structure for table `vehicle_accessory_image` */

DROP TABLE IF EXISTS `vehicle_accessory_image`;

CREATE TABLE `vehicle_accessory_image` (
  `ID` bigint(10) NOT NULL AUTO_INCREMENT,
  `ALT` varchar(21) DEFAULT NULL,
  `IMAGE_PATH` varchar(255) NOT NULL,
  `IMAGE_PATH_BIG` varchar(255) NOT NULL,
  `VEHICLE_ACCESSORY_ID` bigint(10) NOT NULL,
  PRIMARY KEY (`ID`),
  KEY `FK_VEHICLE_IMAGE_VEHICLE_ACCESSORY_ID` (`VEHICLE_ACCESSORY_ID`)
) ENGINE=MyISAM AUTO_INCREMENT=9 DEFAULT CHARSET=utf8;

/*Data for the table `vehicle_accessory_image` */

insert into `vehicle_accessory_image` values 
(1,'etfhgvhnvb','/usr/local/userPhotos/VEHICLE_ACCESSORY/1/Car_Mats.jpg','/usr/local/userPhotos/Big/VEHICLE_ACCESSORY/1/Car_Mats.jpg',1),
(2,'fhgfjyg','/usr/local/userPhotos/VEHICLE_ACCESSORY/2/Car_Side_Lights.jpg','/usr/local/userPhotos/Big/VEHICLE_ACCESSORY/2/Car_Side_Lights.jpg',2),
(3,'asdfgh','/usr/local/userPhotos/VEHICLE_ACCESSORY/3/Car_Side_Mirror.jpg','/usr/local/userPhotos/Big/VEHICLE_ACCESSORY/3/Car_Side_Mirror.jpg',3),
(4,'ewredrtf','/usr/local/userPhotos/VEHICLE_ACCESSORY/4/Car_tyres.jpg','/usr/local/userPhotos/Big/VEHICLE_ACCESSORY/4/Car_tyres.jpg',4),
(5,'vhn67/\';','/usr/local/userPhotos/VEHICLE_ACCESSORY/5/Cars_Rims.jpg','/usr/local/userPhotos/Big/VEHICLE_ACCESSORY/5/Cars_Rims.jpg',5),
(6,'erttyyug','/usr/local/userPhotos/VEHICLE_ACCESSORY/6/Car-Cover.jpg','/usr/local/userPhotos/Big/VEHICLE_ACCESSORY/6/Car-Cover.jpg',6),
(7,'rtyyj','/usr/local/userPhotos/VEHICLE_ACCESSORY/7/seat-covers.jpg','/usr/local/userPhotos/Big/VEHICLE_ACCESSORY/7/seat-covers.jpg',7),
(8,'wrtetfgf','/usr/local/userPhotos/VEHICLE_ACCESSORY/8/Seat_Belt.jpg','/usr/local/userPhotos/Big/VEHICLE_ACCESSORY/8/Seat_Belt.jpg',8);

/*Table structure for table `vehicle_image` */

DROP TABLE IF EXISTS `vehicle_image`;

CREATE TABLE `vehicle_image` (
  `ID` bigint(10) NOT NULL AUTO_INCREMENT,
  `ALT` varchar(21) DEFAULT NULL,
  `IMAGE_PATH` varchar(255) NOT NULL,
  `IMAGE_PATH_BIG` varchar(255) NOT NULL,
  `VEHICLE_ID` bigint(10) NOT NULL,
  PRIMARY KEY (`ID`),
  KEY `FK_VEHICLE_IMAGE_VEHICLE_ID` (`VEHICLE_ID`)
) ENGINE=MyISAM AUTO_INCREMENT=15 DEFAULT CHARSET=latin1;

/*Data for the table `vehicle_image` */
